PS1,PS2,PS3,PS4,PS5,PS6,EPS1,FS1,FS2,TS1,TS2,TS3,TS4,VS1,CP,CE,SE
1.0,2.1,2.04,1.84,2.31,1.08,18.0,1.5,3.5,25.0,26.5,26.84,27.04,1.0,5.0,90.0,91.92
1.01,2.1,2.05,1.83,2.31,1.07,18.01,,,,,,,,,,
1.02,2.1,2.05,1.82,2.3,1.07,18.03,,,,,,,,,,
1.03,2.1,2.06,1.81,2.3,1.06,18.04,,,,,,,,,,
1.04,2.1,2.06,1.81,2.29,1.05,18.05,,,,,,,,,,
1.05,2.1,2.07,1.8,2.29,1.04,18.06,,,,,,,,,,
1.06,2.1,2.07,1.79,2.28,1.03,18.07,,,,,,,,,,
1.07,2.1,2.08,1.78,2.28,1.02,18.08,,,,,,,,,,
1.08,2.1,2.08,1.77,2.27,1.01,18.08,,,,,,,,,,
1.09,2.1,2.09,1.76,2.27,1.0,18.09,,,,,,,,,,
1.1,2.1,2.09,1.75,2.26,1.0,18.09,1.6,3.5,,,,,,,,
1.11,2.09,2.1,1.74,2.26,0.99,18.09,,,,,,,,,,
1.12,2.09,2.1,1.74,2.25,0.98,18.09,,,,,,,,,,
1.13,2.09,2.1,1.73,2.25,0.97,18.09,,,,,,,,,,
1.14,2.09,2.11,1.72,2.24,0.96,18.09,,,,,,,,,,
1.15,2.09,2.11,1.71,2.24,0.95,18.09,,,,,,,,,,
1.16,2.09,2.12,1.7,2.23,0.94,18.08,,,,,,,,,,
1.17,2.09,2.12,1.69,2.23,0.94,18.08,,,,,,,,,,
1.18,2.08,2.12,1.68,2.22,0.93,18.07,,,,,,,,,,
1.19,2.08,2.13,1.67,2.21,0.92,18.06,,,,,,,,,,
1.2,2.08,2.13,1.66,2.21,0.91,18.05,1.7,3.48,,,,,,,,
1.21,2.08,2.14,1.65,2.2,0.9,18.04,,,,,,,,,,
1.22,2.08,2.14,1.64,2.2,0.9,18.03,,,,,,,,,,
1.23,2.07,2.14,1.63,2.19,0.89,18.02,,,,,,,,,,
1.24,2.07,2.15,1.62,2.18,0.88,18.01,,,,,,,,,,
1.25,2.07,2.15,1.62,2.18,0.87,17.99,,,,,,,,,,
1.26,2.07,2.15,1.61,2.17,0.86,17.97,,,,,,,,,,
1.27,2.06,2.16,1.6,2.17,0.86,17.96,,,,,,,,,,
1.28,2.06,2.16,1.59,2.16,0.85,17.94,,,,,,,,,,
1.29,2.06,2.16,1.58,2.15,0.84,17.92,,,,,,,,,,
1.3,2.06,2.16,1.57,2.15,0.83,17.89,1.8,3.46,,,,,,,,
1.31,2.05,2.17,1.56,2.14,0.83,17.87,,,,,,,,,,
1.31,2.05,2.17,1.55,2.13,0.82,17.85,,,,,,,,,,
1.32,2.05,2.17,1.54,2.13,0.81,17.82,,,,,,,,,,
1.33,2.04,2.17,1.53,2.12,0.8,17.79,,,,,,,,,,
1.34,2.04,2.18,1.52,2.11,0.8,17.77,,,,,,,,,,
1.35,2.04,2.18,1.51,2.1,0.79,17.74,,,,,,,,,,
1.36,2.03,2.18,1.5,2.1,0.78,17.71,,,,,,,,,,
1.37,2.03,2.18,1.49,2.09,0.78,17.67,,,,,,,,,,
1.38,2.02,2.18,1.48,2.08,0.77,17.64,,,,,,,,,,
1.39,2.02,2.19,1.47,2.08,0.76,17.61,1.89,3.42,,,,,,,,
1.4,2.02,2.19,1.46,2.07,0.76,17.57,,,,,,,,,,
1.41,2.01,2.19,1.45,2.06,0.75,17.53,,,,,,,,,,
1.42,2.01,2.19,1.44,2.05,0.74,17.49,,,,,,,,,,
1.43,2.0,2.19,1.43,2.05,0.74,17.46,,,,,,,,,,
1.43,2.0,2.19,1.42,2.04,0.73,17.41,,,,,,,,,,
1.44,2.0,2.19,1.41,2.03,0.72,17.37,,,,,,,,,,
1.45,1.99,2.19,1.4,2.02,0.72,17.33,,,,,,,,,,
1.46,1.99,2.2,1.39,2.01,0.71,17.28,,,,,,,,,,
1.47,1.98,2.2,1.38,2.01,0.7,17.24,,,,,,,,,,
1.48,1.98,2.2,1.37,2.0,0.7,17.19,1.98,3.38,,,,,,,,
1.49,1.97,2.2,1.36,1.99,0.69,17.14,,,,,,,,,,
1.5,1.97,2.2,1.35,1.98,0.69,17.09,,,,,,,,,,
1.51,1.96,2.2,1.34,1.97,0.68,17.04,,,,,,,,,,
1.51,1.96,2.2,1.33,1.97,0.68,16.99,,,,,,,,,,
1.52,1.95,2.2,1.32,1.96,0.67,16.94,,,,,,,,,,
1.53,1.95,2.2,1.31,1.95,0.66,16.88,,,,,,,,,,
1.54,1.94,2.2,1.3,1.94,0.66,16.83,,,,,,,,,,
1.55,1.94,2.2,1.29,1.93,0.65,16.77,,,,,,,,,,
1.56,1.93,2.2,1.28,1.92,0.65,16.71,,,,,,,,,,
1.56,1.93,2.2,1.27,1.92,0.64,16.65,2.06,3.33,,,,,,,,
1.57,1.92,2.2,1.26,1.91,0.64,16.59,,,,,,,,,,
1.58,1.91,2.2,1.25,1.9,0.63,16.53,,,,,,,,,,
1.59,1.91,2.2,1.24,1.89,0.63,16.47,,,,,,,,,,
1.6,1.9,2.2,1.23,1.88,0.62,16.4,,,,,,,,,,
1.61,1.9,2.2,1.22,1.87,0.62,16.34,,,,,,,,,,
1.61,1.89,2.2,1.21,1.86,0.61,16.27,,,,,,,,,,
1.62,1.88,2.2,1.2,1.85,0.61,16.2,,,,,,,,,,
1.63,1.88,2.19,1.19,1.85,0.6,16.13,,,,,,,,,,
1.64,1.87,2.19,1.18,1.84,0.6,16.06,,,,,,,,,,
1.64,1.86,2.19,1.17,1.83,0.6,15.99,2.14,3.26,,,,,,,,
1.65,1.86,2.19,1.16,1.82,0.59,15.92,,,,,,,,,,
1.66,1.85,2.19,1.15,1.81,0.59,15.85,,,,,,,,,,
1.67,1.85,2.19,1.14,1.8,0.58,15.77,,,,,,,,,,
1.67,1.84,2.19,1.13,1.79,0.58,15.7,,,,,,,,,,
1.68,1.83,2.18,1.12,1.78,0.58,15.62,,,,,,,,,,
1.69,1.82,2.18,1.11,1.77,0.57,15.54,,,,,,,,,,
1.7,1.82,2.18,1.1,1.76,0.57,15.46,,,,,,,,,,
1.7,1.81,2.18,1.09,1.75,0.56,15.38,,,,,,,,,,
1.71,1.8,2.18,1.08,1.74,0.56,15.3,,,,,,,,,,
1.72,1.8,2.17,1.07,1.73,0.56,15.22,2.22,3.2,,,,,,,,
1.72,1.79,2.17,1.06,1.73,0.55,15.14,,,,,,,,,,
1.73,1.78,2.17,1.05,1.72,0.55,15.05,,,,,,,,,,
1.74,1.77,2.17,1.04,1.71,0.55,14.97,,,,,,,,,,
1.74,1.77,2.16,1.03,1.7,0.55,14.88,,,,,,,,,,
1.75,1.76,2.16,1.02,1.69,0.54,14.79,,,,,,,,,,
1.76,1.75,2.16,1.01,1.68,0.54,14.7,,,,,,,,,,
1.76,1.74,2.16,1.01,1.67,0.54,14.61,,,,,,,,,,
1.77,1.74,2.15,1.0,1.66,0.53,14.52,,,,,,,,,,
1.78,1.73,2.15,0.99,1.65,0.53,14.43,,,,,,,,,,
1.78,1.72,2.15,0.98,1.64,0.53,14.34,2.28,3.12,,,,,,,,
1.79,1.71,2.14,0.97,1.63,0.53,14.24,,,,,,,,,,
1.8,1.71,2.14,0.96,1.62,0.52,14.15,,,,,,,,,,
1.8,1.7,2.14,0.95,1.61,0.52,14.05,,,,,,,,,,
1.81,1.69,2.13,0.94,1.6,0.52,13.96,,,,,,,,,,
1.81,1.68,2.13,0.93,1.59,0.52,13.86,,,,,,,,,,
1.82,1.67,2.13,0.92,1.58,0.52,13.76,,,,,,,,,,
1.82,1.67,2.12,0.91,1.57,0.51,13.66,,,,,,,,,,
1.83,1.66,2.12,0.9,1.56,0.51,13.56,,,,,,,,,,
1.84,1.65,2.11,0.89,1.55,0.51,13.46,,,,,,,,,,
1.84,1.64,2.11,0.88,1.54,0.51,13.36,2.34,3.04,25.84,26.04,26.91,26.08,1.08,5.42,87.7,93.99
1.85,1.63,2.11,0.87,1.53,0.51,13.26,,,,,,,,,,
1.85,1.62,2.1,0.87,1.52,0.51,13.15,,,,,,,,,,
1.86,1.61,2.1,0.86,1.51,0.51,13.05,,,,,,,,,,
1.86,1.61,2.09,0.85,1.5,0.51,12.94,,,,,,,,,,
1.87,1.6,2.09,0.84,1.49,0.5,12.84,,,,,,,,,,
1.87,1.59,2.08,0.83,1.48,0.5,12.73,,,,,,,,,,
1.88,1.58,2.08,0.82,1.47,0.5,12.62,,,,,,,,,,
1.88,1.57,2.07,0.81,1.46,0.5,12.51,,,,,,,,,,
1.89,1.56,2.07,0.8,1.45,0.5,12.4,,,,,,,,,,
1.89,1.55,2.06,0.8,1.44,0.5,12.29,2.39,2.95,,,,,,,,
1.9,1.54,2.06,0.79,1.43,0.5,12.18,,,,,,,,,,
1.9,1.54,2.05,0.78,1.42,0.5,12.07,,,,,,,,,,
1.9,1.53,2.05,0.77,1.41,0.5,11.96,,,,,,,,,,
1.91,1.52,2.04,0.76,1.4,0.5,11.84,,,,,,,,,,
1.91,1.51,2.04,0.75,1.39,0.5,11.73,,,,,,,,,,
1.92,1.5,2.03,0.74,1.38,0.5,11.62,,,,,,,,,,
1.92,1.49,2.03,0.74,1.37,0.5,11.5,,,,,,,,,,
1.92,1.48,2.02,0.73,1.36,0.5,11.39,,,,,,,,,,
1.93,1.47,2.01,0.72,1.35,0.5,11.27,,,,,,,,,,
1.93,1.46,2.01,0.71,1.34,0.5,11.15,2.43,2.86,,,,,,,,
1.94,1.45,2.0,0.7,1.33,0.5,11.03,,,,,,,,,,
1.94,1.44,2.0,0.7,1.32,0.5,10.92,,,,,,,,,,
1.94,1.43,1.99,0.69,1.31,0.5,10.8,,,,,,,,,,
1.95,1.42,1.98,0.68,1.3,0.5,10.68,,,,,,,,,,
1.95,1.42,1.98,0.67,1.29,0.51,10.56,,,,,,,,,,
1.95,1.41,1.97,0.66,1.28,0.51,10.44,,,,,,,,,,
1.96,1.4,1.97,0.66,1.27,0.51,10.32,,,,,,,,,,
1.96,1.39,1.96,0.65,1.26,0.51,10.19,,,,,,,,,,
1.96,1.38,1.95,0.64,1.25,0.51,10.07,,,,,,,,,,
1.96,1.37,1.95,0.63,1.24,0.51,9.95,2.46,2.77,,,,,,,,
1.97,1.36,1.94,0.63,1.23,0.51,9.83,,,,,,,,,,
1.97,1.35,1.93,0.62,1.22,0.52,9.7,,,,,,,,,,
1.97,1.34,1.93,0.61,1.21,0.52,9.58,,,,,,,,,,
1.97,1.33,1.92,0.6,1.2,0.52,9.45,,,,,,,,,,
1.98,1.32,1.91,0.6,1.19,0.52,9.33,,,,,,,,,,
1.98,1.31,1.9,0.59,1.18,0.52,9.2,,,,,,,,,,
1.98,1.3,1.9,0.58,1.17,0.53,9.08,,,,,,,,,,
1.98,1.29,1.89,0.58,1.16,0.53,8.95,,,,,,,,,,
1.98,1.28,1.88,0.57,1.15,0.53,8.83,,,,,,,,,,
1.99,1.27,1.88,0.56,1.14,0.53,8.7,2.49,2.67,,,,,,,,
1.99,1.26,1.87,0.56,1.13,0.54,8.57,,,,,,,,,,
1.99,1.25,1.86,0.55,1.13,0.54,8.45,,,,,,,,,,
1.99,1.24,1.85,0.54,1.12,0.54,8.32,,,,,,,,,,
1.99,1.23,1.85,0.54,1.11,0.54,8.19,,,,,,,,,,
1.99,1.22,1.84,0.53,1.1,0.55,8.06,,,,,,,,,,
1.99,1.21,1.83,0.52,1.09,0.55,7.93,,,,,,,,,,
1.99,1.2,1.82,0.52,1.08,0.55,7.81,,,,,,,,,,
2.0,1.19,1.81,0.51,1.07,0.56,7.68,,,,,,,,,,
2.0,1.18,1.81,0.5,1.06,0.56,7.55,,,,,,,,,,
2.0,1.17,1.8,0.5,1.05,0.56,7.42,2.5,2.57,,,,,,,,
2.0,1.16,1.79,0.49,1.04,0.57,7.29,,,,,,,,,,
2.0,1.15,1.78,0.49,1.03,0.57,7.16,,,,,,,,,,
2.0,1.14,1.77,0.48,1.02,0.57,7.03,,,,,,,,,,
2.0,1.13,1.77,0.48,1.01,0.58,6.9,,,,,,,,,,
2.0,1.12,1.76,0.47,1.0,0.58,6.77,,,,,,,,,,
2.0,1.11,1.75,0.46,0.99,0.59,6.64,,,,,,,,,,
2.0,1.1,1.74,0.46,0.98,0.59,6.51,,,,,,,,,,
2.0,1.09,1.73,0.45,0.98,0.59,6.38,,,,,,,,,,
2.0,1.08,1.72,0.45,0.97,0.6,6.25,,,,,,,,,,
2.0,1.07,1.72,0.44,0.96,0.6,6.12,2.5,2.47,,,,,,,,
2.0,1.06,1.71,0.44,0.95,0.61,5.99,,,,,,,,,,
2.0,1.05,1.7,0.43,0.94,0.61,5.86,,,,,,,,,,
2.0,1.04,1.69,0.43,0.93,0.62,5.73,,,,,,,,,,
2.0,1.03,1.68,0.42,0.92,0.62,5.6,,,,,,,,,,
2.0,1.02,1.67,0.42,0.91,0.63,5.47,,,,,,,,,,
2.0,1.01,1.66,0.41,0.9,0.63,5.34,,,,,,,,,,
2.0,1.0,1.65,0.41,0.9,0.64,5.21,,,,,,,,,,
1.99,0.99,1.65,0.4,0.89,0.64,5.08,,,,,,,,,,
1.99,0.98,1.64,0.4,0.88,0.65,4.95,,,,,,,,,,
1.99,0.97,1.63,0.4,0.87,0.65,4.82,2.49,2.37,,,,,,,,
1.99,0.96,1.62,0.39,0.86,0.66,4.69,,,,,,,,,,
1.99,0.95,1.61,0.39,0.85,0.66,4.56,,,,,,,,,,
1.99,0.94,1.6,0.38,0.84,0.67,4.43,,,,,,,,,,
1.99,0.93,1.59,0.38,0.84,0.67,4.31,,,,,,,,,,
1.98,0.92,1.58,0.38,0.83,0.68,4.18,,,,,,,,,,
1.98,0.91,1.57,0.37,0.82,0.69,4.05,,,,,,,,,,
1.98,0.9,1.56,0.37,0.81,0.69,3.92,,,,,,,,,,
1.98,0.89,1.55,0.36,0.8,0.7,3.79,,,,,,,,,,
1.98,0.88,1.54,0.36,0.8,0.7,3.67,,,,,,,,,,
1.97,0.87,1.53,0.36,0.79,0.71,3.54,2.47,2.27,,,,,,,,
1.97,0.86,1.53,0.35,0.78,0.72,3.41,,,,,,,,,,
1.97,0.85,1.52,0.35,0.77,0.72,3.29,,,,,,,,,,
1.97,0.84,1.51,0.35,0.76,0.73,3.16,,,,,,,,,,
1.96,0.83,1.5,0.35,0.76,0.73,3.03,,,,,,,,,,
1.96,0.82,1.49,0.34,0.75,0.74,2.91,,,,,,,,,,
1.96,0.81,1.48,0.34,0.74,0.75,2.78,,,,,,,,,,
1.96,0.81,1.47,0.34,0.73,0.75,2.66,,,,,,,,,,
1.95,0.8,1.46,0.33,0.73,0.76,2.53,,,,,,,,,,
1.95,0.79,1.45,0.33,0.72,0.77,2.41,,,,,,,,,,
1.95,0.78,1.44,0.33,0.71,0.77,2.29,2.45,2.18,,,,,,,,
1.94,0.77,1.43,0.33,0.71,0.78,2.16,,,,,,,,,,
1.94,0.76,1.42,0.32,0.7,0.79,2.04,,,,,,,,,,
1.94,0.75,1.41,0.32,0.69,0.8,1.92,,,,,,,,,,
1.93,0.74,1.4,0.32,0.68,0.8,1.8,,,,,,,,,,
1.93,0.73,1.39,0.32,0.68,0.81,1.68,,,,,,,,,,
1.93,0.72,1.38,0.32,0.67,0.82,1.56,,,,,,,,,,
1.92,0.71,1.37,0.31,0.66,0.82,1.44,,,,,,,,,,
1.92,0.7,1.36,0.31,0.66,0.83,1.32,,,,,,,,,,
1.91,0.69,1.35,0.31,0.65,0.84,1.2,,,,,,,,,,
1.91,0.68,1.34,0.31,0.64,0.85,1.08,2.41,2.08,25.91,25.08,26.14,25.51,1.09,5.45,82.92,92.39
1.91,0.67,1.33,0.31,0.64,0.85,0.97,,,,,,,,,,
1.9,0.67,1.32,0.31,0.63,0.86,0.85,,,,,,,,,,
1.9,0.66,1.31,0.31,0.62,0.87,0.73,,,,,,,,,,
1.89,0.65,1.3,0.31,0.62,0.88,0.62,,,,,,,,,,
1.89,0.64,1.29,0.3,0.61,0.88,0.5,,,,,,,,,,
1.88,0.63,1.28,0.3,0.61,0.89,0.39,,,,,,,,,,
1.88,0.62,1.27,0.3,0.6,0.9,0.27,,,,,,,,,,
1.87,0.61,1.26,0.3,0.59,0.91,0.16,,,,,,,,,,
1.87,0.6,1.25,0.3,0.59,0.92,0.05,,,,,,,,,,
1.86,0.6,1.24,0.3,0.58,0.93,-0.06,2.36,2.0,,,,,,,,
1.86,0.59,1.23,0.3,0.58,0.93,-0.17,,,,,,,,,,
1.85,0.58,1.22,0.3,0.57,0.94,-0.28,,,,,,,,,,
1.85,0.57,1.21,0.3,0.56,0.95,-0.39,,,,,,,,,,
1.84,0.56,1.2,0.3,0.56,0.96,-0.5,,,,,,,,,,
1.84,0.55,1.19,0.3,0.55,0.97,-0.61,,,,,,,,,,
1.83,0.54,1.18,0.3,0.55,0.98,-0.71,,,,,,,,,,
1.83,0.54,1.17,0.3,0.54,0.98,-0.82,,,,,,,,,,
1.82,0.53,1.16,0.3,0.54,0.99,-0.93,,,,,,,,,,
1.81,0.52,1.15,0.3,0.53,1.0,-1.03,,,,,,,,,,
1.81,0.51,1.14,0.3,0.53,1.01,-1.13,2.31,1.91,,,,,,,,
1.8,0.5,1.13,0.3,0.52,1.02,-1.24,,,,,,,,,,
1.8,0.5,1.12,0.3,0.52,1.03,-1.34,,,,,,,,,,
1.79,0.49,1.11,0.3,0.51,1.04,-1.44,,,,,,,,,,
1.78,0.48,1.1,0.3,0.51,1.04,-1.54,,,,,,,,,,
1.78,0.47,1.09,0.31,0.51,1.05,-1.64,,,,,,,,,,
1.77,0.46,1.08,0.31,0.5,1.06,-1.74,,,,,,,,,,
1.77,0.46,1.07,0.31,0.5,1.07,-1.83,,,,,,,,,,
1.76,0.45,1.06,0.31,0.49,1.08,-1.93,,,,,,,,,,
1.75,0.44,1.05,0.31,0.49,1.09,-2.02,,,,,,,,,,
1.75,0.43,1.04,0.31,0.48,1.1,-2.12,2.25,1.83,,,,,,,,
1.74,0.43,1.03,0.31,0.48,1.11,-2.21,,,,,,,,,,
1.73,0.42,1.02,0.32,0.48,1.12,-2.31,,,,,,,,,,
1.73,0.41,1.01,0.32,0.47,1.13,-2.4,,,,,,,,,,
1.72,0.4,1.0,0.32,0.47,1.14,-2.49,,,,,,,,,,
1.71,0.4,0.99,0.32,0.46,1.15,-2.58,,,,,,,,,,
1.7,0.39,0.98,0.32,0.46,1.15,-2.67,,,,,,,,,,
1.7,0.38,0.97,0.33,0.46,1.16,-2.75,,,,,,,,,,
1.69,0.38,0.96,0.33,0.45,1.17,-2.84,,,,,,,,,,
1.68,0.37,0.95,0.33,0.45,1.18,-2.92,,,,,,,,,,
1.68,0.36,0.94,0.33,0.45,1.19,-3.01,2.18,1.76,,,,,,,,
1.67,0.36,0.93,0.34,0.45,1.2,-3.09,,,,,,,,,,
1.66,0.35,0.93,0.34,0.44,1.21,-3.17,,,,,,,,,,
1.65,0.34,0.92,0.34,0.44,1.22,-3.26,,,,,,,,,,
1.65,0.34,0.91,0.34,0.44,1.23,-3.34,,,,,,,,,,
1.64,0.33,0.9,0.35,0.43,1.24,-3.42,,,,,,,,,,
1.63,0.32,0.89,0.35,0.43,1.25,-3.49,,,,,,,,,,
1.62,0.32,0.88,0.35,0.43,1.26,-3.57,,,,,,,,,,
1.61,0.31,0.87,0.36,0.43,1.27,-3.65,,,,,,,,,,
1.61,0.3,0.86,0.36,0.42,1.28,-3.72,,,,,,,,,,
1.6,0.3,0.85,0.36,0.42,1.29,-3.79,2.1,1.7,,,,,,,,
1.59,0.29,0.84,0.37,0.42,1.3,-3.87,,,,,,,,,,
1.58,0.29,0.83,0.37,0.42,1.31,-3.94,,,,,,,,,,
1.57,0.28,0.82,0.37,0.42,1.32,-4.01,,,,,,,,,,
1.57,0.28,0.81,0.38,0.41,1.33,-4.08,,,,,,,,,,
1.56,0.27,0.8,0.38,0.41,1.34,-4.14,,,,,,,,,,
1.55,0.26,0.79,0.39,0.41,1.35,-4.21,,,,,,,,,,
1.54,0.26,0.78,0.39,0.41,1.36,-4.28,,,,,,,,,,
1.53,0.25,0.78,0.39,0.41,1.37,-4.34,,,,,,,,,,
1.52,0.25,0.77,0.4,0.41,1.38,-4.4,,,,,,,,,,
1.52,0.24,0.76,0.4,0.41,1.39,-4.47,2.02,1.64,,,,,,,,
1.51,0.24,0.75,0.41,0.41,1.4,-4.53,,,,,,,,,,
1.5,0.23,0.74,0.41,0.4,1.41,-4.59,,,,,,,,,,
1.49,0.23,0.73,0.42,0.4,1.42,-4.65,,,,,,,,,,
1.48,0.22,0.72,0.42,0.4,1.43,-4.7,,,,,,,,,,
1.47,0.22,0.71,0.43,0.4,1.44,-4.76,,,,,,,,,,
1.46,0.21,0.7,0.43,0.4,1.45,-4.81,,,,,,,,,,
1.45,0.21,0.7,0.44,0.4,1.46,-4.87,,,,,,,,,,
1.45,0.2,0.69,0.44,0.4,1.47,-4.92,,,,,,,,,,
1.44,0.2,0.68,0.45,0.4,1.48,-4.97,,,,,,,,,,
1.43,0.2,0.67,0.45,0.4,1.49,-5.02,1.93,1.6,,,,,,,,
1.42,0.19,0.66,0.46,0.4,1.5,-5.07,,,,,,,,,,
1.41,0.19,0.65,0.46,0.4,1.51,-5.12,,,,,,,,,,
1.4,0.18,0.64,0.47,0.4,1.52,-5.16,,,,,,,,,,
1.39,0.18,0.64,0.47,0.4,1.53,-5.21,,,,,,,,,,
1.38,0.18,0.63,0.48,0.4,1.54,-5.25,,,,,,,,,,
1.37,0.17,0.62,0.49,0.4,1.55,-5.3,,,,,,,,,,
1.36,0.17,0.61,0.49,0.4,1.56,-5.34,,,,,,,,,,
1.35,0.16,0.6,0.5,0.4,1.57,-5.38,,,,,,,,,,
1.34,0.16,0.6,0.5,0.4,1.58,-5.42,,,,,,,,,,
1.33,0.16,0.59,0.51,0.4,1.59,-5.45,1.83,1.56,,,,,,,,
1.33,0.15,0.58,0.52,0.4,1.6,-5.49,,,,,,,,,,
1.32,0.15,0.57,0.52,0.41,1.61,-5.53,,,,,,,,,,
1.31,0.15,0.56,0.53,0.41,1.62,-5.56,,,,,,,,,,
1.3,0.15,0.56,0.53,0.41,1.63,-5.59,,,,,,,,,,
1.29,0.14,0.55,0.54,0.41,1.64,-5.63,,,,,,,,,,
1.28,0.14,0.54,0.55,0.41,1.65,-5.66,,,,,,,,,,
1.27,0.14,0.53,0.55,0.41,1.66,-5.68,,,,,,,,,,
1.26,0.13,0.53,0.56,0.41,1.67,-5.71,,,,,,,,,,
1.25,0.13,0.52,0.57,0.42,1.68,-5.74,,,,,,,,,,
1.24,0.13,0.51,0.57,0.42,1.69,-5.76,1.74,1.53,,,,,,,,
1.23,0.13,0.51,0.58,0.42,1.7,-5.79,,,,,,,,,,
1.22,0.12,0.5,0.59,0.42,1.71,-5.81,,,,,,,,,,
1.21,0.12,0.49,0.6,0.42,1.72,-5.83,,,,,,,,,,
1.2,0.12,0.48,0.6,0.43,1.73,-5.85,,,,,,,,,,
1.19,0.12,0.48,0.61,0.43,1.74,-5.87,,,,,,,,,,
1.18,0.12,0.47,0.62,0.43,1.75,-5.89,,,,,,,,,,
1.17,0.11,0.46,0.62,0.43,1.75,-5.91,,,,,,,,,,
1.16,0.11,0.46,0.63,0.44,1.76,-5.92,,,,,,,,,,
1.15,0.11,0.45,0.64,0.44,1.77,-5.94,,,,,,,,,,
1.14,0.11,0.44,0.65,0.44,1.78,-5.95,1.64,1.51,25.14,24.51,25.24,25.85,1.01,5.07,80.05,88.6
1.13,0.11,0.44,0.65,0.44,1.79,-5.96,,,,,,,,,,
1.12,0.11,0.43,0.66,0.45,1.8,-5.97,,,,,,,,,,
1.11,0.11,0.42,0.67,0.45,1.81,-5.98,,,,,,,,,,
1.1,0.11,0.42,0.68,0.45,1.82,-5.99,,,,,,,,,,
1.09,0.1,0.41,0.68,0.46,1.83,-6.0,,,,,,,,,,
1.08,0.1,0.41,0.69,0.46,1.84,-6.0,,,,,,,,,,
1.07,0.1,0.4,0.7,0.46,1.85,-6.0,,,,,,,,,,
1.06,0.1,0.39,0.71,0.47,1.86,-6.01,,,,,,,,,,
1.05,0.1,0.39,0.72,0.47,1.87,-6.01,,,,,,,,,,
1.04,0.1,0.38,0.73,0.47,1.88,-6.01,1.54,1.5,,,,,,,,
1.03,0.1,0.38,0.73,0.48,1.89,-6.01,,,,,,,,,,
1.02,0.1,0.37,0.74,0.48,1.9,-6.01,,,,,,,,,,
1.01,0.1,0.36,0.75,0.49,1.91,-6.0,,,,,,,,,,
1.0,0.1,0.36,0.76,0.49,1.91,-6.0,,,,,,,,,,
0.99,0.1,0.35,0.77,0.49,1.92,-6.0,,,,,,,,,,
0.98,0.1,0.35,0.78,0.5,1.93,-5.99,,,,,,,,,,
0.97,0.1,0.34,0.78,0.5,1.94,-5.98,,,,,,,,,,
0.96,0.1,0.34,0.79,0.51,1.95,-5.97,,,,,,,,,,
0.95,0.1,0.33,0.8,0.51,1.96,-5.96,,,,,,,,,,
0.94,0.1,0.33,0.81,0.52,1.97,-5.95,1.44,1.5,,,,,,,,
0.93,0.1,0.32,0.82,0.52,1.98,-5.94,,,,,,,,,,
0.92,0.1,0.32,0.83,0.53,1.99,-5.92,,,,,,,,,,
0.91,0.1,0.31,0.84,0.53,1.99,-5.91,,,,,,,,,,
0.9,0.1,0.31,0.84,0.54,2.0,-5.89,,,,,,,,,,
0.89,0.11,0.31,0.85,0.54,2.01,-5.88,,,,,,,,,,
0.88,0.11,0.3,0.86,0.55,2.02,-5.86,,,,,,,,,,
0.87,0.11,0.3,0.87,0.55,2.03,-5.84,,,,,,,,,,
0.86,0.11,0.29,0.88,0.56,2.04,-5.82,,,,,,,,,,
0.85,0.11,0.29,0.89,0.56,2.05,-5.8,,,,,,,,,,
0.84,0.11,0.28,0.9,0.57,2.05,-5.77,1.34,1.51,,,,,,,,
0.83,0.11,0.28,0.91,0.57,2.06,-5.75,,,,,,,,,,
0.82,0.12,0.28,0.92,0.58,2.07,-5.72,,,,,,,,,,
0.81,0.12,0.27,0.93,0.58,2.08,-5.7,,,,,,,,,,
0.8,0.12,0.27,0.94,0.59,2.09,-5.67,,,,,,,,,,
0.79,0.12,0.26,0.95,0.6,2.1,-5.64,,,,,,,,,,
0.78,0.12,0.26,0.95,0.6,2.1,-5.61,,,,,,,,,,
0.77,0.13,0.26,0.96,0.61,2.11,-5.58,,,,,,,,,,
0.76,0.13,0.25,0.97,0.61,2.12,-5.55,,,,,,,,,,
0.75,0.13,0.25,0.98,0.62,2.13,-5.52,,,,,,,,,,
0.74,0.13,0.25,0.99,0.63,2.13,-5.48,1.24,1.53,,,,,,,,
0.73,0.14,0.25,1.0,0.63,2.14,-5.45,,,,,,,,,,
0.73,0.14,0.24,1.01,0.64,2.15,-5.41,,,,,,,,,,
0.72,0.14,0.24,1.02,0.65,2.16,-5.37,,,,,,,,,,
0.71,0.14,0.24,1.03,0.65,2.17,-5.34,,,,,,,,,,
0.7,0.15,0.23,1.04,0.66,2.17,-5.3,,,,,,,,,,
0.69,0.15,0.23,1.05,0.67,2.18,-5.26,,,,,,,,,,
0.68,0.15,0.23,1.06,0.67,2.19,-5.21,,,,,,,,,,
0.67,0.16,0.23,1.07,0.68,2.19,-5.17,,,,,,,,,,
0.66,0.16,0.22,1.08,0.69,2.2,-5.13,,,,,,,,,,
0.65,0.16,0.22,1.09,0.69,2.21,-5.08,1.15,1.56,,,,,,,,
0.64,0.17,0.22,1.1,0.7,2.22,-5.04,,,,,,,,,,
0.63,0.17,0.22,1.11,0.71,2.22,-4.99,,,,,,,,,,
0.62,0.17,0.22,1.12,0.72,2.23,-4.95,,,,,,,,,,
0.61,0.18,0.21,1.13,0.72,2.24,-4.9,,,,,,,,,,
0.6,0.18,0.21,1.14,0.73,2.24,-4.85,,,,,,,,,,
0.59,0.19,0.21,1.15,0.74,2.25,-4.8,,,,,,,,,,
0.58,0.19,0.21,1.16,0.75,2.26,-4.75,,,,,,,,,,
0.58,0.19,0.21,1.17,0.75,2.26,-4.69,,,,,,,,,,
0.57,0.2,0.21,1.18,0.76,2.27,-4.64,,,,,,,,,,
0.56,0.2,0.21,1.19,0.77,2.28,-4.59,1.06,1.6,,,,,,,,
0.55,0.21,0.21,1.2,0.78,2.28,-4.53,,,,,,,,,,
0.54,0.21,0.2,1.21,0.78,2.29,-4.47,,,,,,,,,,
0.53,0.22,0.2,1.22,0.79,2.29,-4.42,,,,,,,,,,
0.52,0.22,0.2,1.23,0.8,2.3,-4.36,,,,,,,,,,
0.51,0.23,0.2,1.24,0.81,2.31,-4.3,,,,,,,,,,
0.5,0.23,0.2,1.25,0.82,2.31,-4.24,,,,,,,,,,
0.5,0.24,0.2,1.26,0.82,2.32,-4.18,,,,,,,,,,
0.49,0.24,0.2,1.27,0.83,2.32,-4.12,,,,,,,,,,
0.48,0.25,0.2,1.28,0.84,2.33,-4.06,,,,,,,,,,
0.47,0.25,0.2,1.29,0.85,2.33,-3.99,0.97,1.65,,,,,,,,
0.46,0.26,0.2,1.3,0.86,2.34,-3.93,,,,,,,,,,
0.45,0.26,0.2,1.31,0.87,2.35,-3.86,,,,,,,,,,
0.44,0.27,0.2,1.32,0.87,2.35,-3.8,,,,,,,,,,
0.44,0.27,0.2,1.33,0.88,2.36,-3.73,,,,,,,,,,
0.43,0.28,0.2,1.34,0.89,2.36,-3.66,,,,,,,,,,
0.42,0.29,0.2,1.35,0.9,2.37,-3.6,,,,,,,,,,
0.41,0.29,0.2,1.36,0.91,2.37,-3.53,,,,,,,,,,
0.4,0.3,0.2,1.37,0.92,2.38,-3.46,,,,,,,,,,
0.4,0.3,0.2,1.38,0.93,2.38,-3.39,,,,,,,,,,
0.39,0.31,0.2,1.39,0.94,2.39,-3.31,0.89,1.71,,,,,,,,
0.38,0.32,0.2,1.4,0.94,2.39,-3.24,,,,,,,,,,
0.37,0.32,0.21,1.41,0.95,2.39,-3.17,,,,,,,,,,
0.36,0.33,0.21,1.42,0.96,2.4,-3.09,,,,,,,,,,
0.36,0.33,0.21,1.43,0.97,2.4,-3.02,,,,,,,,,,
0.35,0.34,0.21,1.44,0.98,2.41,-2.94,,,,,,,,,,
0.34,0.35,0.21,1.45,0.99,2.41,-2.87,,,,,,,,,,
0.33,0.35,0.21,1.46,1.0,2.42,-2.79,,,,,,,,,,
0.33,0.36,0.21,1.47,1.01,2.42,-2.71,,,,,,,,,,
0.32,0.37,0.22,1.48,1.02,2.42,-2.63,,,,,,,,,,
0.31,0.37,0.22,1.49,1.03,2.43,-2.56,0.81,1.77,,,,,,,,
0.31,0.38,0.22,1.5,1.04,2.43,-2.48,,,,,,,,,,
0.3,0.39,0.22,1.51,1.04,2.43,-2.4,,,,,,,,,,
0.29,0.4,0.22,1.52,1.05,2.44,-2.31,,,,,,,,,,
0.28,0.4,0.23,1.53,1.06,2.44,-2.23,,,,,,,,,,
0.28,0.41,0.23,1.54,1.07,2.45,-2.15,,,,,,,,,,
0.27,0.42,0.23,1.55,1.08,2.45,-2.07,,,,,,,,,,
0.26,0.42,0.23,1.55,1.09,2.45,-1.98,,,,,,,,,,
0.26,0.43,0.24,1.56,1.1,2.45,-1.9,,,,,,,,,,
0.25,0.44,0.24,1.57,1.11,2.46,-1.81,,,,,,,,,,
0.24,0.45,0.24,1.58,1.12,2.46,-1.73,0.74,1.85,24.24,24.85,25.04,26.78,0.92,4.62,81.73,86.09
0.24,0.45,0.24,1.59,1.13,2.46,-1.64,,,,,,,,,,
0.23,0.46,0.25,1.6,1.14,2.47,-1.55,,,,,,,,,,
0.22,0.47,0.25,1.61,1.15,2.47,-1.47,,,,,,,,,,
0.22,0.48,0.25,1.62,1.16,2.47,-1.38,,,,,,,,,,
0.21,0.48,0.26,1.63,1.17,2.47,-1.29,,,,,,,,,,
0.21,0.49,0.26,1.64,1.18,2.48,-1.2,,,,,,,,,,
0.2,0.5,0.26,1.65,1.19,2.48,-1.11,,,,,,,,,,
0.19,0.51,0.27,1.66,1.2,2.48,-1.02,,,,,,,,,,
0.19,0.52,0.27,1.67,1.21,2.48,-0.93,,,,,,,,,,
0.18,0.53,0.27,1.68,1.22,2.48,-0.84,0.68,1.93,,,,,,,,
0.18,0.53,0.28,1.69,1.23,2.49,-0.74,,,,,,,,,,
0.17,0.54,0.28,1.7,1.24,2.49,-0.65,,,,,,,,,,
0.16,0.55,0.29,1.71,1.25,2.49,-0.56,,,,,,,,,,
0.16,0.56,0.29,1.71,1.26,2.49,-0.46,,,,,,,,,,
0.15,0.57,0.29,1.72,1.27,2.49,-0.37,,,,,,,,,,
0.15,0.58,0.3,1.73,1.28,2.49,-0.28,,,,,,,,,,
0.14,0.58,0.3,1.74,1.29,2.49,-0.18,,,,,,,,,,
0.14,0.59,0.31,1.75,1.3,2.49,-0.08,,,,,,,,,,
0.13,0.6,0.31,1.76,1.31,2.5,0.01,,,,,,,,,,
0.13,0.61,0.32,1.77,1.32,2.5,0.11,0.63,2.01,,,,,,,,
0.12,0.62,0.32,1.78,1.33,2.5,0.21,,,,,,,,,,
0.12,0.63,0.33,1.79,1.34,2.5,0.3,,,,,,,,,,
0.11,0.64,0.33,1.79,1.35,2.5,0.4,,,,,,,,,,
0.11,0.64,0.34,1.8,1.36,2.5,0.5,,,,,,,,,,
0.11,0.65,0.34,1.81,1.37,2.5,0.6,,,,,,,,,,
0.1,0.66,0.35,1.82,1.38,2.5,0.7,,,,,,,,,,
0.1,0.67,0.35,1.83,1.39,2.5,0.8,,,,,,,,,,
0.09,0.68,0.36,1.84,1.4,2.5,0.9,,,,,,,,,,
0.09,0.69,0.36,1.85,1.41,2.5,1.0,,,,,,,,,,
0.08,0.7,0.37,1.85,1.42,2.5,1.1,0.58,2.1,,,,,,,,
0.08,0.71,0.37,1.86,1.43,2.5,1.2,,,,,,,,,,
0.08,0.72,0.38,1.87,1.44,2.5,1.3,,,,,,,,,,
0.07,0.73,0.38,1.88,1.45,2.5,1.4,,,,,,,,,,
0.07,0.74,0.39,1.89,1.46,2.5,1.51,,,,,,,,,,
0.06,0.75,0.4,1.9,1.47,2.5,1.61,,,,,,,,,,
0.06,0.75,0.4,1.9,1.48,2.5,1.71,,,,,,,,,,
0.06,0.76,0.41,1.91,1.49,2.5,1.82,,,,,,,,,,
0.05,0.77,0.41,1.92,1.5,2.5,1.92,,,,,,,,,,
0.05,0.78,0.42,1.93,1.51,2.49,2.02,,,,,,,,,,
0.05,0.79,0.43,1.93,1.52,2.49,2.13,0.55,2.19,,,,,,,,
0.05,0.8,0.43,1.94,1.53,2.49,2.23,,,,,,,,,,
0.04,0.81,0.44,1.95,1.54,2.49,2.34,,,,,,,,,,
0.04,0.82,0.45,1.96,1.55,2.49,2.44,,,,,,,,,,
0.04,0.83,0.45,1.97,1.56,2.49,2.55,,,,,,,,,,
0.03,0.84,0.46,1.97,1.57,2.49,2.65,,,,,,,,,,
0.03,0.85,0.47,1.98,1.58,2.48,2.76,,,,,,,,,,
0.03,0.86,0.47,1.99,1.59,2.48,2.87,,,,,,,,,,
0.03,0.87,0.48,1.99,1.6,2.48,2.97,,,,,,,,,,
0.02,0.88,0.49,2.0,1.61,2.48,3.08,,,,,,,,,,
0.02,0.89,0.49,2.01,1.62,2.48,3.19,0.52,2.29,,,,,,,,
0.02,0.9,0.5,2.02,1.62,2.47,3.29,,,,,,,,,,
0.02,0.91,0.51,2.02,1.63,2.47,3.4,,,,,,,,,,
0.02,0.92,0.52,2.03,1.64,2.47,3.51,,,,,,,,,,
0.01,0.93,0.52,2.04,1.65,2.47,3.62,,,,,,,,,,
0.01,0.94,0.53,2.04,1.66,2.46,3.73,,,,,,,,,,
0.01,0.95,0.54,2.05,1.67,2.46,3.83,,,,,,,,,,
0.01,0.96,0.55,2.06,1.68,2.46,3.94,,,,,,,,,,
0.01,0.97,0.55,2.06,1.69,2.46,4.05,,,,,,,,,,
0.01,0.98,0.56,2.07,1.7,2.45,4.16,,,,,,,,,,
0.01,0.99,0.57,2.08,1.71,2.45,4.27,0.51,2.39,,,,,,,,
0.01,1.0,0.58,2.08,1.72,2.45,4.38,,,,,,,,,,
0.0,1.01,0.58,2.09,1.73,2.44,4.49,,,,,,,,,,
0.0,1.02,0.59,2.09,1.74,2.44,4.6,,,,,,,,,,
0.0,1.03,0.6,2.1,1.75,2.44,4.71,,,,,,,,,,
0.0,1.04,0.61,2.11,1.76,2.43,4.82,,,,,,,,,,
0.0,1.05,0.62,2.11,1.77,2.43,4.92,,,,,,,,,,
0.0,1.06,0.62,2.12,1.78,2.43,5.03,,,,,,,,,,
0.0,1.07,0.63,2.12,1.79,2.42,5.14,,,,,,,,,,
0.0,1.08,0.64,2.13,1.8,2.42,5.25,,,,,,,,,,
0.0,1.09,0.65,2.13,1.8,2.41,5.36,0.5,2.49,,,,,,,,
0.0,1.1,0.66,2.14,1.81,2.41,5.47,,,,,,,,,,
0.0,1.11,0.67,2.15,1.82,2.41,5.58,,,,,,,,,,
0.0,1.12,0.67,2.15,1.83,2.4,5.69,,,,,,,,,,
0.0,1.13,0.68,2.16,1.84,2.4,5.8,,,,,,,,,,
0.0,1.14,0.69,2.16,1.85,2.39,5.91,,,,,,,,,,
0.0,1.15,0.7,2.17,1.86,2.39,6.02,,,,,,,,,,
0.0,1.16,0.71,2.17,1.87,2.38,6.13,,,,,,,,,,
0.0,1.17,0.72,2.18,1.88,2.38,6.24,,,,,,,,,,
0.0,1.18,0.73,2.18,1.89,2.37,6.35,,,,,,,,,,
0.0,1.19,0.74,2.19,1.89,2.37,6.46,0.5,2.59,,,,,,,,
0.0,1.2,0.74,2.19,1.9,2.36,6.57,,,,,,,,,,
0.01,1.21,0.75,2.19,1.91,2.36,6.68,,,,,,,,,,
0.01,1.22,0.76,2.2,1.92,2.35,6.8,,,,,,,,,,
0.01,1.23,0.77,2.2,1.93,2.35,6.91,,,,,,,,,,
0.01,1.24,0.78,2.21,1.94,2.34,7.01,,,,,,,,,,
0.01,1.25,0.79,2.21,1.95,2.34,7.12,,,,,,,,,,
0.01,1.26,0.8,2.22,1.95,2.33,7.23,,,,,,,,,,
0.01,1.27,0.81,2.22,1.96,2.33,7.34,,,,,,,,,,
0.02,1.28,0.82,2.22,1.97,2.32,7.45,,,,,,,,,,
0.02,1.29,0.83,2.23,1.98,2.32,7.56,0.52,2.69,,,,,,,,
0.02,1.3,0.84,2.23,1.99,2.31,7.67,,,,,,,,,,
0.02,1.31,0.84,2.23,1.99,2.3,7.78,,,,,,,,,,
0.02,1.32,0.85,2.24,2.0,2.3,7.89,,,,,,,,,,
0.03,1.33,0.86,2.24,2.01,2.29,8.0,,,,,,,,,,
0.03,1.34,0.87,2.25,2.02,2.29,8.11,,,,,,,,,,
0.03,1.35,0.88,2.25,2.03,2.28,8.22,,,,,,,,,,
0.03,1.35,0.89,2.25,2.03,2.27,8.33,,,,,,,,,,
0.04,1.36,0.9,2.25,2.04,2.27,8.44,,,,,,,,,,
0.04,1.37,0.91,2.26,2.05,2.26,8.54,,,,,,,,,,
0.04,1.38,0.92,2.26,2.06,2.25,8.65,0.54,2.78,24.04,25.78,25.72,27.46,0.9,4.52,86.42,87.18
0.04,1.39,0.93,2.26,2.06,2.25,8.76,,,,,,,,,,
0.05,1.4,0.94,2.27,2.07,2.24,8.87,,,,,,,,,,
0.05,1.41,0.95,2.27,2.08,2.23,8.98,,,,,,,,,,
0.05,1.42,0.96,2.27,2.09,2.23,9.08,,,,,,,,,,
0.06,1.43,0.97,2.27,2.09,2.22,9.19,,,,,,,,,,
0.06,1.44,0.98,2.28,2.1,2.21,9.3,,,,,,,,,,
0.06,1.45,0.99,2.28,2.11,2.21,9.4,,,,,,,,,,
0.07,1.46,1.0,2.28,2.12,2.2,9.51,,,,,,,,,,
0.07,1.47,1.01,2.28,2.12,2.19,9.62,,,,,,,,,,
0.07,1.48,1.02,2.28,2.13,2.18,9.72,0.57,2.88,,,,,,,,
0.08,1.49,1.03,2.29,2.14,2.18,9.83,,,,,,,,,,
0.08,1.5,1.04,2.29,2.14,2.17,9.93,,,,,,,,,,
0.09,1.51,1.05,2.29,2.15,2.16,10.04,,,,,,,,,,
0.09,1.51,1.06,2.29,2.16,2.15,10.14,,,,,,,,,,
0.09,1.52,1.07,2.29,2.16,2.15,10.25,,,,,,,,,,
0.1,1.53,1.08,2.29,2.17,2.14,10.35,,,,,,,,,,
0.1,1.54,1.09,2.29,2.18,2.13,10.46,,,,,,,,,,
0.11,1.55,1.1,2.29,2.18,2.12,10.56,,,,,,,,,,
0.11,1.56,1.11,2.3,2.19,2.12,10.66,,,,,,,,,,
0.12,1.57,1.12,2.3,2.19,2.11,10.77,0.62,2.97,,,,,,,,
0.12,1.58,1.13,2.3,2.2,2.1,10.87,,,,,,,,,,
0.13,1.59,1.14,2.3,2.21,2.09,10.97,,,,,,,,,,
0.13,1.59,1.15,2.3,2.21,2.08,11.07,,,,,,,,,,
0.14,1.6,1.16,2.3,2.22,2.08,11.17,,,,,,,,,,
0.14,1.61,1.17,2.3,2.22,2.07,11.28,,,,,,,,,,
0.15,1.62,1.18,2.3,2.23,2.06,11.38,,,,,,,,,,
0.15,1.63,1.19,2.3,2.23,2.05,11.48,,,,,,,,,,
0.16,1.64,1.2,2.3,2.24,2.04,11.58,,,,,,,,,,
0.16,1.65,1.21,2.3,2.25,2.03,11.68,,,,,,,,,,
0.17,1.65,1.22,2.3,2.25,2.03,11.77,0.67,3.05,,,,,,,,
0.17,1.66,1.23,2.3,2.26,2.02,11.87,,,,,,,,,,
0.18,1.67,1.24,2.3,2.26,2.01,11.97,,,,,,,,,,
0.18,1.68,1.25,2.3,2.27,2.0,12.07,,,,,,,,,,
0.19,1.69,1.26,2.3,2.27,1.99,12.17,,,,,,,,,,
0.2,1.7,1.27,2.3,2.28,1.98,12.26,,,,,,,,,,
0.2,1.7,1.28,2.3,2.28,1.97,12.36,,,,,,,,,,
0.21,1.71,1.29,2.3,2.29,1.97,12.46,,,,,,,,,,
0.21,1.72,1.3,2.3,2.29,1.96,12.55,,,,,,,,,,
0.22,1.73,1.31,2.29,2.29,1.95,12.65,,,,,,,,,,
0.23,1.73,1.32,2.29,2.3,1.94,12.74,0.73,3.13,,,,,,,,
0.23,1.74,1.33,2.29,2.3,1.93,12.83,,,,,,,,,,
0.24,1.75,1.34,2.29,2.31,1.92,12.93,,,,,,,,,,
0.25,1.76,1.35,2.29,2.31,1.91,13.02,,,,,,,,,,
0.25,1.77,1.36,2.29,2.32,1.9,13.11,,,,,,,,,,
0.26,1.77,1.37,2.29,2.32,1.89,13.2,,,,,,,,,,
0.27,1.78,1.38,2.28,2.32,1.88,13.29,,,,,,,,,,
0.27,1.79,1.39,2.28,2.33,1.87,13.38,,,,,,,,,,
0.28,1.79,1.4,2.28,2.33,1.87,13.47,,,,,,,,,,
0.29,1.8,1.41,2.28,2.33,1.86,13.56,,,,,,,,,,
0.29,1.81,1.42,2.28,2.34,1.85,13.65,0.79,3.21,,,,,,,,
0.3,1.82,1.42,2.27,2.34,1.84,13.74,,,,,,,,,,
0.31,1.82,1.43,2.27,2.34,1.83,13.83,,,,,,,,,,
0.32,1.83,1.44,2.27,2.35,1.82,13.91,,,,,,,,,,
0.32,1.84,1.45,2.27,2.35,1.81,14.0,,,,,,,,,,
0.33,1.84,1.46,2.26,2.35,1.8,14.08,,,,,,,,,,
0.34,1.85,1.47,2.26,2.36,1.79,14.17,,,,,,,,,,
0.35,1.86,1.48,2.26,2.36,1.78,14.25,,,,,,,,,,
0.35,1.86,1.49,2.26,2.36,1.77,14.34,,,,,,,,,,
0.36,1.87,1.5,2.25,2.37,1.76,14.42,,,,,,,,,,
0.37,1.88,1.51,2.25,2.37,1.75,14.5,0.87,3.28,,,,,,,,
0.38,1.88,1.52,2.25,2.37,1.74,14.58,,,,,,,,,,
0.38,1.89,1.53,2.24,2.37,1.73,14.66,,,,,,,,,,
0.39,1.89,1.54,2.24,2.38,1.72,14.74,,,,,,,,,,
0.4,1.9,1.55,2.24,2.38,1.71,14.82,,,,,,,,,,
0.41,1.91,1.56,2.23,2.38,1.7,14.9,,,,,,,,,,
0.42,1.91,1.57,2.23,2.38,1.69,14.98,,,,,,,,,,
0.42,1.92,1.58,2.23,2.38,1.68,15.06,,,,,,,,,,
0.43,1.92,1.59,2.22,2.38,1.67,15.13,,,,,,,,,,
0.44,1.93,1.6,2.22,2.39,1.66,15.21,,,,,,,,,,
0.45,1.93,1.6,2.21,2.39,1.65,15.28,0.95,3.33,,,,,,,,
0.46,1.94,1.61,2.21,2.39,1.64,15.36,,,,,,,,,,
0.47,1.95,1.62,2.21,2.39,1.63,15.43,,,,,,,,,,
0.47,1.95,1.63,2.2,2.39,1.62,15.5,,,,,,,,,,
0.48,1.96,1.64,2.2,2.39,1.61,15.57,,,,,,,,,,
0.49,1.96,1.65,2.19,2.39,1.6,15.64,,,,,,,,,,
0.5,1.97,1.66,2.19,2.4,1.59,15.71,,,,,,,,,,
0.51,1.97,1.67,2.18,2.4,1.58,15.78,,,,,,,,,,
0.52,1.98,1.68,2.18,2.4,1.57,15.85,,,,,,,,,,
0.53,1.98,1.69,2.17,2.4,1.56,15.92,,,,,,,,,,
0.54,1.99,1.69,2.17,2.4,1.55,15.98,1.04,3.39,,,,,,,,
0.54,1.99,1.7,2.16,2.4,1.54,16.05,,,,,,,,,,
0.55,1.99,1.71,2.16,2.4,1.53,16.11,,,,,,,,,,
0.56,2.0,1.72,2.15,2.4,1.52,16.18,,,,,,,,,,
0.57,2.0,1.73,2.15,2.4,1.51,16.24,,,,,,,,,,
0.58,2.01,1.74,2.14,2.4,1.5,16.3,,,,,,,,,,
0.59,2.01,1.75,2.14,2.4,1.49,16.36,,,,,,,,,,
0.6,2.02,1.75,2.13,2.4,1.48,16.42,,,,,,,,,,
0.61,2.02,1.76,2.13,2.4,1.47,16.48,,,,,,,,,,
0.62,2.02,1.77,2.12,2.4,1.46,16.54,,,,,,,,,,
0.63,2.03,1.78,2.12,2.4,1.45,16.6,1.13,3.43,,,,,,,,
0.64,2.03,1.79,2.11,2.4,1.44,16.65,,,,,,,,,,
0.64,2.03,1.79,2.1,2.4,1.43,16.71,,,,,,,,,,
0.65,2.04,1.8,2.1,2.4,1.42,16.76,,,,,,,,,,
0.66,2.04,1.81,2.09,2.4,1.41,16.82,,,,,,,,,,
0.67,2.05,1.82,2.09,2.4,1.4,16.87,,,,,,,,,,
0.68,2.05,1.83,2.08,2.39,1.39,16.92,,,,,,,,,,
0.69,2.05,1.83,2.07,2.39,1.38,16.97,,,,,,,,,,
0.7,2.05,1.84,2.07,2.39,1.37,17.02,,,,,,,,,,
0.71,2.06,1.85,2.06,2.39,1.36,17.07,,,,,,,,,,
0.72,2.06,1.86,2.05,2.39,1.35,17.11,1.22,3.46,24.72,26.46,26.66,27.25,0.97,4.86,89.8,90.86
0.73,2.06,1.86,2.05,2.39,1.34,17.16,,,,,,,,,,
0.74,2.07,1.87,2.04,2.39,1.33,17.21,,,,,,,,,,
0.75,2.07,1.88,2.03,2.38,1.32,17.25,,,,,,,,,,
0.76,2.07,1.89,2.03,2.38,1.32,17.29,,,,,,,,,,
0.77,2.07,1.89,2.02,2.38,1.31,17.33,,,,,,,,,,
0.78,2.08,1.9,2.01,2.38,1.3,17.38,,,,,,,,,,
0.79,2.08,1.91,2.01,2.38,1.29,17.42,,,,,,,,,,
0.8,2.08,1.92,2.0,2.37,1.28,17.45,,,,,,,,,,
0.81,2.08,1.92,1.99,2.37,1.27,17.49,,,,,,,,,,
0.82,2.08,1.93,1.98,2.37,1.26,17.53,1.32,3.48,,,,,,,,
0.83,2.09,1.94,1.98,2.37,1.25,17.56,,,,,,,,,,
0.84,2.09,1.94,1.97,2.36,1.24,17.6,,,,,,,,,,
0.85,2.09,1.95,1.96,2.36,1.23,17.63,,,,,,,,,,
0.86,2.09,1.96,1.95,2.36,1.22,17.66,,,,,,,,,,
0.87,2.09,1.96,1.95,2.36,1.21,17.7,,,,,,,,,,
0.88,2.09,1.97,1.94,2.35,1.2,17.73,,,,,,,,,,
0.89,2.09,1.98,1.93,2.35,1.19,17.75,,,,,,,,,,
0.9,2.09,1.98,1.92,2.35,1.18,17.78,,,,,,,,,,
0.91,2.1,1.99,1.92,2.34,1.17,17.81,,,,,,,,,,
0.92,2.1,1.99,1.91,2.34,1.16,17.83,1.42,3.5,,,,,,,,
0.93,2.1,2.0,1.9,2.34,1.15,17.86,,,,,,,,,,
0.94,2.1,2.01,1.89,2.33,1.14,17.88,,,,,,,,,,
0.95,2.1,2.01,1.88,2.33,1.13,17.9,,,,,,,,,,
0.96,2.1,2.02,1.88,2.33,1.12,17.92,,,,,,,,,,
0.97,2.1,2.02,1.87,2.32,1.11,17.94,,,,,,,,,,
0.98,2.1,2.03,1.86,2.32,1.11,17.96,,,,,,,,,,
0.99,2.1,2.03,1.85,2.31,1.1,17.98,,,,,,,,,,
1.0,2.1,2.04,1.84,2.31,1.09,18.0,,,,,,,,,,
1.01,2.1,2.05,1.83,2.31,1.08,18.01,,,,,,,,,,
1.02,2.1,2.05,1.83,2.3,1.07,18.02,1.52,3.5,,,,,,,,
1.03,2.1,2.06,1.82,2.3,1.06,18.04,,,,,,,,,,
1.04,2.1,2.06,1.81,2.29,1.05,18.05,,,,,,,,,,
1.05,2.1,2.07,1.8,2.29,1.04,18.06,,,,,,,,,,
1.06,2.1,2.07,1.79,2.28,1.03,18.07,,,,,,,,,,
1.07,2.1,2.08,1.78,2.28,1.02,18.07,,,,,,,,,,
1.08,2.1,2.08,1.77,2.27,1.02,18.08,,,,,,,,,,
1.09,2.1,2.09,1.77,2.27,1.01,18.08,,,,,,,,,,
1.1,2.1,2.09,1.76,2.26,1.0,18.09,,,,,,,,,,
1.11,2.09,2.09,1.75,2.26,0.99,18.09,,,,,,,,,,
1.12,2.09,2.1,1.74,2.25,0.98,18.09,1.62,3.49,,,,,,,,
1.13,2.09,2.1,1.73,2.25,0.97,18.09,,,,,,,,,,
1.14,2.09,2.11,1.72,2.24,0.96,18.09,,,,,,,,,,
1.15,2.09,2.11,1.71,2.24,0.96,18.09,,,,,,,,,,
1.16,2.09,2.12,1.7,2.23,0.95,18.09,,,,,,,,,,
1.17,2.09,2.12,1.69,2.23,0.94,18.08,,,,,,,,,,
1.18,2.08,2.12,1.68,2.22,0.93,18.07,,,,,,,,,,
1.19,2.08,2.13,1.67,2.22,0.92,18.07,,,,,,,,,,
1.2,2.08,2.13,1.67,2.21,0.91,18.06,,,,,,,,,,
1.21,2.08,2.13,1.66,2.2,0.91,18.05,,,,,,,,,,
1.22,2.08,2.14,1.65,2.2,0.9,18.04,1.72,3.48,,,,,,,,
1.22,2.07,2.14,1.64,2.19,0.89,18.02,,,,,,,,,,
1.23,2.07,2.14,1.63,2.19,0.88,18.01,,,,,,,,,,
1.24,2.07,2.15,1.62,2.18,0.87,18.0,,,,,,,,,,
1.25,2.07,2.15,1.61,2.17,0.87,17.98,,,,,,,,,,
1.26,2.06,2.15,1.6,2.17,0.86,17.96,,,,,,,,,,
1.27,2.06,2.16,1.59,2.16,0.85,17.94,,,,,,,,,,
1.28,2.06,2.16,1.58,2.15,0.84,17.92,,,,,,,,,,
1.29,2.06,2.16,1.57,2.15,0.84,17.9,,,,,,,,,,
1.3,2.05,2.17,1.56,2.14,0.83,17.88,,,,,,,,,,
1.31,2.05,2.17,1.55,2.13,0.82,17.85,1.81,3.45,,,,,,,,
1.32,2.05,2.17,1.54,2.13,0.81,17.83,,,,,,,,,,
1.33,2.04,2.17,1.53,2.12,0.81,17.8,,,,,,,,,,
1.34,2.04,2.18,1.52,2.11,0.8,17.78,,,,,,,,,,
1.35,2.04,2.18,1.51,2.11,0.79,17.75,,,,,,,,,,
1.36,2.03,2.18,1.5,2.1,0.79,17.72,,,,,,,,,,
1.37,2.03,2.18,1.49,2.09,0.78,17.68,,,,,,,,,,
1.38,2.03,2.18,1.48,2.09,0.77,17.65,,,,,,,,,,
1.39,2.02,2.18,1.47,2.08,0.76,17.62,,,,,,,,,,
1.4,2.02,2.19,1.46,2.07,0.76,17.58,,,,,,,,,,
1.4,2.01,2.19,1.45,2.06,0.75,17.55,1.9,3.41,,,,,,,,
1.41,2.01,2.19,1.44,2.06,0.74,17.51,,,,,,,,,,
1.42,2.01,2.19,1.43,2.05,0.74,17.47,,,,,,,,,,
1.43,2.0,2.19,1.42,2.04,0.73,17.43,,,,,,,,,,
1.44,2.0,2.19,1.41,2.03,0.73,17.39,,,,,,,,,,
1.45,1.99,2.19,1.4,2.02,0.72,17.34,,,,,,,,,,
1.46,1.99,2.2,1.39,2.02,0.71,17.3,,,,,,,,,,
1.47,1.98,2.2,1.38,2.01,0.71,17.25,,,,,,,,,,
1.48,1.98,2.2,1.37,2.0,0.7,17.21,,,,,,,,,,
1.49,1.97,2.2,1.36,1.99,0.69,17.16,,,,,,,,,,
1.49,1.97,2.2,1.35,1.98,0.69,17.11,1.99,3.37,,,,,,,,
1.5,1.96,2.2,1.34,1.98,0.68,17.06,,,,,,,,,,
1.51,1.96,2.2,1.33,1.97,0.68,17.01,,,,,,,,,,
1.52,1.95,2.2,1.32,1.96,0.67,16.95,,,,,,,,,,
1.53,1.95,2.2,1.31,1.95,0.67,16.9,,,,,,,,,,
1.54,1.94,2.2,1.3,1.94,0.66,16.84,,,,,,,,,,
1.55,1.94,2.2,1.29,1.94,0.66,16.79,,,,,,,,,,
1.55,1.93,2.2,1.28,1.93,0.65,16.73,,,,,,,,,,
1.56,1.93,2.2,1.27,1.92,0.64,16.67,,,,,,,,,,
1.57,1.92,2.2,1.26,1.91,0.64,16.61,,,,,,,,,,
1.58,1.92,2.2,1.25,1.9,0.63,16.55,2.08,3.32,,,,,,,,
1.59,1.91,2.2,1.24,1.89,0.63,16.49,,,,,,,,,,
1.59,1.9,2.2,1.23,1.88,0.62,16.42,,,,,,,,,,
1.6,1.9,2.2,1.22,1.87,0.62,16.36,,,,,,,,,,
1.61,1.89,2.2,1.21,1.87,0.62,16.29,,,,,,,,,,
1.62,1.89,2.2,1.2,1.86,0.61,16.22,,,,,,,,,,
1.63,1.88,2.19,1.19,1.85,0.61,16.16,,,,,,,,,,
1.63,1.87,2.19,1.18,1.84,0.6,16.09,,,,,,,,,,
1.64,1.87,2.19,1.17,1.83,0.6,16.02,,,,,,,,,,
1.65,1.86,2.19,1.16,1.82,0.59,15.94,,,,,,,,,,
1.66,1.85,2.19,1.15,1.81,0.59,15.87,2.16,3.25,25.66,26.25,26.99,26.35,1.07,5.33,88.77,93.75
1.66,1.85,2.19,1.14,1.8,0.58,15.8,,,,,,,,,,
1.67,1.84,2.19,1.13,1.79,0.58,15.72,,,,,,,,,,
1.68,1.83,2.18,1.12,1.78,0.58,15.64,,,,,,,,,,
1.69,1.83,2.18,1.12,1.78,0.57,15.57,,,,,,,,,,
1.69,1.82,2.18,1.11,1.77,0.57,15.49,,,,,,,,,,
1.7,1.81,2.18,1.1,1.76,0.57,15.41,,,,,,,,,,
1.71,1.81,2.18,1.09,1.75,0.56,15.33,,,,,,,,,,
1.72,1.8,2.17,1.08,1.74,0.56,15.25,,,,,,,,,,
1.72,1.79,2.17,1.07,1.73,0.56,15.16,,,,,,,,,,
1.73,1.78,2.17,1.06,1.72,0.55,15.08,2.23,3.18,,,,,,,,
1.74,1.78,2.17,1.05,1.71,0.55,14.99,,,,,,,,,,
1.74,1.77,2.16,1.04,1.7,0.55,14.91,,,,,,,,,,
1.75,1.76,2.16,1.03,1.69,0.54,14.82,,,,,,,,,,
1.76,1.75,2.16,1.02,1.68,0.54,14.73,,,,,,,,,,
1.76,1.75,2.16,1.01,1.67,0.54,14.64,,,,,,,,,,
1.77,1.74,2.15,1.0,1.66,0.53,14.55,,,,,,,,,,
1.78,1.73,2.15,0.99,1.65,0.53,14.46,,,,,,,,,,
1.78,1.72,2.15,0.98,1.64,0.53,14.37,,,,,,,,,,
1.79,1.72,2.14,0.97,1.63,0.53,14.27,,,,,,,,,,
1.79,1.71,2.14,0.96,1.62,0.53,14.18,2.29,3.11,,,,,,,,
1.8,1.7,2.14,0.95,1.61,0.52,14.08,,,,,,,,,,
1.81,1.69,2.13,0.94,1.6,0.52,13.99,,,,,,,,,,
1.81,1.68,2.13,0.93,1.59,0.52,13.89,,,,,,,,,,
1.82,1.68,2.13,0.92,1.58,0.52,13.79,,,,,,,,,,
1.82,1.67,2.12,0.91,1.57,0.52,13.69,,,,,,,,,,
1.83,1.66,2.12,0.91,1.56,0.51,13.59,,,,,,,,,,
1.83,1.65,2.11,0.9,1.55,0.51,13.49,,,,,,,,,,
1.84,1.64,2.11,0.89,1.54,0.51,13.39,,,,,,,,,,
1.85,1.63,2.11,0.88,1.53,0.51,13.29,,,,,,,,,,
1.85,1.63,2.1,0.87,1.52,0.51,13.19,2.35,3.03,,,,,,,,
1.86,1.62,2.1,0.86,1.51,0.51,13.08,,,,,,,,,,
1.86,1.61,2.09,0.85,1.5,0.51,12.98,,,,,,,,,,
1.87,1.6,2.09,0.84,1.49,0.5,12.87,,,,,,,,,,
1.87,1.59,2.08,0.83,1.48,0.5,12.76,,,,,,,,,,
1.88,1.58,2.08,0.82,1.47,0.5,12.66,,,,,,,,,,
1.88,1.57,2.07,0.82,1.46,0.5,12.55,,,,,,,,,,
1.89,1.57,2.07,0.81,1.45,0.5,12.44,,,,,,,,,,
1.89,1.56,2.06,0.8,1.44,0.5,12.33,,,,,,,,,,
1.89,1.55,2.06,0.79,1.43,0.5,12.22,,,,,,,,,,
1.9,1.54,2.05,0.78,1.42,0.5,12.11,2.4,2.94,,,,,,,,
1.9,1.53,2.05,0.77,1.41,0.5,11.99,,,,,,,,,,
1.91,1.52,2.04,0.76,1.4,0.5,11.88,,,,,,,,,,
1.91,1.51,2.04,0.76,1.39,0.5,11.77,,,,,,,,,,
1.92,1.5,2.03,0.75,1.38,0.5,11.65,,,,,,,,,,
1.92,1.49,2.03,0.74,1.37,0.5,11.54,,,,,,,,,,
1.92,1.48,2.02,0.73,1.36,0.5,11.42,,,,,,,,,,
1.93,1.47,2.02,0.72,1.35,0.5,11.31,,,,,,,,,,
1.93,1.47,2.01,0.71,1.34,0.5,11.19,,,,,,,,,,
1.93,1.46,2.0,0.71,1.33,0.5,11.07,,,,,,,,,,
1.94,1.45,2.0,0.7,1.32,0.5,10.95,2.44,2.85,,,,,,,,
1.94,1.44,1.99,0.69,1.31,0.5,10.84,,,,,,,,,,
1.94,1.43,1.99,0.68,1.3,0.5,10.72,,,,,,,,,,
1.95,1.42,1.98,0.67,1.29,0.51,10.6,,,,,,,,,,
1.95,1.41,1.97,0.67,1.29,0.51,10.48,,,,,,,,,,
1.95,1.4,1.97,0.66,1.28,0.51,10.35,,,,,,,,,,
1.96,1.39,1.96,0.65,1.27,0.51,10.23,,,,,,,,,,
1.96,1.38,1.95,0.64,1.26,0.51,10.11,,,,,,,,,,
1.96,1.37,1.95,0.64,1.25,0.51,9.99,,,,,,,,,,
1.97,1.36,1.94,0.63,1.24,0.51,9.87,,,,,,,,,,
1.97,1.35,1.93,0.62,1.23,0.52,9.74,2.47,2.75,,,,,,,,
1.97,1.34,1.93,0.61,1.22,0.52,9.62,,,,,,,,,,
1.97,1.33,1.92,0.61,1.21,0.52,9.49,,,,,,,,,,
1.98,1.32,1.91,0.6,1.2,0.52,9.37,,,,,,,,,,
1.98,1.31,1.91,0.59,1.19,0.52,9.24,,,,,,,,,,
1.98,1.3,1.9,0.59,1.18,0.53,9.12,,,,,,,,,,
1.98,1.29,1.89,0.58,1.17,0.53,8.99,,,,,,,,,,
1.98,1.28,1.89,0.57,1.16,0.53,8.87,,,,,,,,,,
1.98,1.27,1.88,0.56,1.15,0.53,8.74,,,,,,,,,,
1.99,1.26,1.87,0.56,1.14,0.53,8.61,,,,,,,,,,
1.99,1.25,1.86,0.55,1.13,0.54,8.49,2.49,2.65,,,,,,,,
1.99,1.24,1.86,0.54,1.12,0.54,8.36,,,,,,,,,,
1.99,1.23,1.85,0.54,1.11,0.54,8.23,,,,,,,,,,
1.99,1.22,1.84,0.53,1.1,0.55,8.1,,,,,,,,,,
1.99,1.21,1.83,0.53,1.09,0.55,7.97,,,,,,,,,,
1.99,1.2,1.82,0.52,1.08,0.55,7.85,,,,,,,,,,
2.0,1.19,1.82,0.51,1.07,0.56,7.72,,,,,,,,,,
2.0,1.18,1.81,0.51,1.06,0.56,7.59,,,,,,,,,,
2.0,1.17,1.8,0.5,1.05,0.56,7.46,,,,,,,,,,
2.0,1.16,1.79,0.49,1.04,0.57,7.33,,,,,,,,,,
2.0,1.15,1.78,0.49,1.03,0.57,7.2,2.5,2.55,,,,,,,,
2.0,1.14,1.78,0.48,1.02,0.57,7.07,,,,,,,,,,
2.0,1.13,1.77,0.48,1.01,0.58,6.94,,,,,,,,,,
2.0,1.12,1.76,0.47,1.01,0.58,6.81,,,,,,,,,,
2.0,1.11,1.75,0.47,1.0,0.58,6.68,,,,,,,,,,
2.0,1.1,1.74,0.46,0.99,0.59,6.55,,,,,,,,,,
2.0,1.09,1.74,0.46,0.98,0.59,6.42,,,,,,,,,,
2.0,1.08,1.73,0.45,0.97,0.6,6.29,,,,,,,,,,
2.0,1.07,1.72,0.44,0.96,0.6,6.16,,,,,,,,,,
2.0,1.06,1.71,0.44,0.95,0.61,6.03,,,,,,,,,,
2.0,1.05,1.7,0.43,0.94,0.61,5.9,2.5,2.45,,,,,,,,
2.0,1.04,1.69,0.43,0.93,0.62,5.77,,,,,,,,,,
2.0,1.03,1.68,0.42,0.92,0.62,5.64,,,,,,,,,,
2.0,1.02,1.67,0.42,0.92,0.62,5.51,,,,,,,,,,
2.0,1.01,1.67,0.42,0.91,0.63,5.38,,,,,,,,,,
2.0,1.0,1.66,0.41,0.9,0.63,5.25,,,,,,,,,,
1.99,0.99,1.65,0.41,0.89,0.64,5.12,,,,,,,,,,
1.99,0.98,1.64,0.4,0.88,0.64,4.99,,,,,,,,,,
1.99,0.97,1.63,0.4,0.87,0.65,4.86,,,,,,,,,,
1.99,0.96,1.62,0.39,0.86,0.66,4.73,,,,,,,,,,
1.99,0.95,1.61,0.39,0.86,0.66,4.6,2.49,2.35,25.99,25.35,26.41,25.59,1.1,5.49,84.27,93.19
1.99,0.94,1.6,0.38,0.85,0.67,4.48,,,,,,,,,,
1.99,0.93,1.59,0.38,0.84,0.67,4.35,,,,,,,,,,
1.98,0.92,1.58,0.38,0.83,0.68,4.22,,,,,,,,,,
1.98,0.92,1.58,0.37,0.82,0.68,4.09,,,,,,,,,,
1.98,0.91,1.57,0.37,0.81,0.69,3.96,,,,,,,,,,
1.98,0.9,1.56,0.37,0.81,0.7,3.83,,,,,,,,,,
1.98,0.89,1.55,0.36,0.8,0.7,3.71,,,,,,,,,,
1.97,0.88,1.54,0.36,0.79,0.71,3.58,,,,,,,,,,
1.97,0.87,1.53,0.36,0.78,0.71,3.45,,,,,,,,,,
1.97,0.86,1.52,0.35,0.77,0.72,3.33,2.47,2.26,,,,,,,,
1.97,0.85,1.51,0.35,0.77,0.73,3.2,,,,,,,,,,
1.96,0.84,1.5,0.35,0.76,0.73,3.07,,,,,,,,,,
1.96,0.83,1.49,0.34,0.75,0.74,2.95,,,,,,,,,,
1.96,0.82,1.48,0.34,0.74,0.75,2.82,,,,,,,,,,
1.96,0.81,1.47,0.34,0.74,0.75,2.7,,,,,,,,,,
1.95,0.8,1.46,0.33,0.73,0.76,2.57,,,,,,,,,,
1.95,0.79,1.45,0.33,0.72,0.77,2.45,,,,,,,,,,
1.95,0.78,1.44,0.33,0.71,0.77,2.33,,,,,,,,,,
1.94,0.77,1.43,0.33,0.71,0.78,2.2,,,,,,,,,,
1.94,0.76,1.42,0.33,0.7,0.79,2.08,2.44,2.16,,,,,,,,
1.94,0.75,1.41,0.32,0.69,0.79,1.96,,,,,,,,,,
1.93,0.74,1.4,0.32,0.69,0.8,1.84,,,,,,,,,,
1.93,0.73,1.39,0.32,0.68,0.81,1.72,,,,,,,,,,
1.93,0.72,1.38,0.32,0.67,0.81,1.6,,,,,,,,,,
1.92,0.71,1.37,0.32,0.67,0.82,1.48,,,,,,,,,,
1.92,0.71,1.36,0.31,0.66,0.83,1.36,,,,,,,,,,
1.91,0.7,1.35,0.31,0.65,0.84,1.24,,,,,,,,,,
1.91,0.69,1.34,0.31,0.65,0.84,1.12,,,,,,,,,,
1.91,0.68,1.33,0.31,0.64,0.85,1.0,,,,,,,,,,
1.9,0.67,1.32,0.31,0.63,0.86,0.89,2.4,2.07,,,,,,,,
1.9,0.66,1.31,0.31,0.63,0.87,0.77,,,,,,,,,,
1.89,0.65,1.3,0.31,0.62,0.87,0.65,,,,,,,,,,
1.89,0.64,1.29,0.3,0.61,0.88,0.54,,,,,,,,,,
1.88,0.63,1.28,0.3,0.61,0.89,0.42,,,,,,,,,,
1.88,0.62,1.27,0.3,0.6,0.9,0.31,,,,,,,,,,
1.87,0.62,1.26,0.3,0.6,0.91,0.2,,,,,,,,,,
1.87,0.61,1.25,0.3,0.59,0.91,0.08,,,,,,,,,,
1.86,0.6,1.24,0.3,0.58,0.92,-0.03,,,,,,,,,,
1.86,0.59,1.23,0.3,0.58,0.93,-0.14,,,,,,,,,,
1.85,0.58,1.22,0.3,0.57,0.94,-0.25,2.35,1.98,,,,,,,,
1.85,0.57,1.21,0.3,0.57,0.95,-0.36,,,,,,,,,,
1.84,0.56,1.2,0.3,0.56,0.96,-0.47,,,,,,,,,,
1.84,0.56,1.19,0.3,0.56,0.96,-0.57,,,,,,,,,,
1.83,0.55,1.18,0.3,0.55,0.97,-0.68,,,,,,,,,,
1.83,0.54,1.17,0.3,0.55,0.98,-0.79,,,,,,,,,,
1.82,0.53,1.16,0.3,0.54,0.99,-0.89,,,,,,,,,,
1.82,0.52,1.15,0.3,0.53,1.0,-1.0,,,,,,,,,,
1.81,0.51,1.14,0.3,0.53,1.01,-1.1,,,,,,,,,,
1.8,0.51,1.13,0.3,0.53,1.02,-1.2,,,,,,,,,,
1.8,0.5,1.12,0.3,0.52,1.02,-1.31,2.3,1.9,,,,,,,,
1.79,0.49,1.11,0.3,0.52,1.03,-1.41,,,,,,,,,,
1.79,0.48,1.1,0.3,0.51,1.04,-1.51,,,,,,,,,,
1.78,0.47,1.09,0.31,0.51,1.05,-1.61,,,,,,,,,,
1.77,0.47,1.09,0.31,0.5,1.06,-1.7,,,,,,,,,,
1.77,0.46,1.08,0.31,0.5,1.07,-1.8,,,,,,,,,,
1.76,0.45,1.07,0.31,0.49,1.08,-1.9,,,,,,,,,,
1.75,0.44,1.06,0.31,0.49,1.09,-1.99,,,,,,,,,,
1.75,0.44,1.05,0.31,0.49,1.1,-2.09,,,,,,,,,,
1.74,0.43,1.04,0.31,0.48,1.11,-2.18,,,,,,,,,,
1.73,0.42,1.03,0.32,0.48,1.11,-2.28,2.23,1.82,,,,,,,,
1.73,0.41,1.02,0.32,0.47,1.12,-2.37,,,,,,,,,,
1.72,0.41,1.01,0.32,0.47,1.13,-2.46,,,,,,,,,,
1.71,0.4,1.0,0.32,0.47,1.14,-2.55,,,,,,,,,,
1.71,0.39,0.99,0.32,0.46,1.15,-2.64,,,,,,,,,,
1.7,0.39,0.98,0.33,0.46,1.16,-2.73,,,,,,,,,,
1.69,0.38,0.97,0.33,0.46,1.17,-2.81,,,,,,,,,,
1.69,0.37,0.96,0.33,0.45,1.18,-2.9,,,,,,,,,,
1.68,0.36,0.95,0.33,0.45,1.19,-2.98,,,,,,,,,,
1.67,0.36,0.94,0.33,0.45,1.2,-3.07,,,,,,,,,,
1.66,0.35,0.93,0.34,0.44,1.21,-3.15,2.16,1.75,,,,,,,,
1.66,0.34,0.92,0.34,0.44,1.22,-3.23,,,,,,,,,,
1.65,0.34,0.91,0.34,0.44,1.23,-3.31,,,,,,,,,,
1.64,0.33,0.9,0.35,0.44,1.24,-3.39,,,,,,,,,,
1.63,0.33,0.89,0.35,0.43,1.25,-3.47,,,,,,,,,,
1.62,0.32,0.88,0.35,0.43,1.26,-3.55,,,,,,,,,,
1.62,0.31,0.87,0.36,0.43,1.27,-3.62,,,,,,,,,,
1.61,0.31,0.86,0.36,0.43,1.28,-3.7,,,,,,,,,,
1.6,0.3,0.85,0.36,0.42,1.29,-3.77,,,,,,,,,,
1.59,0.29,0.84,0.37,0.42,1.3,-3.84,,,,,,,,,,
1.58,0.29,0.83,0.37,0.42,1.31,-3.92,2.08,1.69,,,,,,,,
1.58,0.28,0.82,0.37,0.42,1.32,-3.99,,,,,,,,,,
1.57,0.28,0.81,0.38,0.42,1.33,-4.05,,,,,,,,,,
1.56,0.27,0.81,0.38,0.41,1.34,-4.12,,,,,,,,,,
1.55,0.27,0.8,0.38,0.41,1.35,-4.19,,,,,,,,,,
1.54,0.26,0.79,0.39,0.41,1.35,-4.26,,,,,,,,,,
1.54,0.26,0.78,0.39,0.41,1.36,-4.32,,,,,,,,,,
1.53,0.25,0.77,0.4,0.41,1.37,-4.38,,,,,,,,,,
1.52,0.24,0.76,0.4,0.41,1.38,-4.45,,,,,,,,,,
1.51,0.24,0.75,0.41,0.41,1.39,-4.51,,,,,,,,,,
1.5,0.23,0.74,0.41,0.4,1.4,-4.57,2.0,1.63,,,,,,,,
1.49,0.23,0.73,0.42,0.4,1.41,-4.63,,,,,,,,,,
1.48,0.22,0.72,0.42,0.4,1.42,-4.68,,,,,,,,,,
1.47,0.22,0.72,0.42,0.4,1.43,-4.74,,,,,,,,,,
1.47,0.22,0.71,0.43,0.4,1.44,-4.8,,,,,,,,,,
1.46,0.21,0.7,0.43,0.4,1.45,-4.85,,,,,,,,,,
1.45,0.21,0.69,0.44,0.4,1.46,-4.9,,,,,,,,,,
1.44,0.2,0.68,0.44,0.4,1.47,-4.96,,,,,,,,,,
1.43,0.2,0.67,0.45,0.4,1.48,-5.01,,,,,,,,,,
1.42,0.19,0.66,0.46,0.4,1.49,-5.05,,,,,,,,,,
1.41,0.19,0.66,0.46,0.4,1.5,-5.1,1.91,1.59,25.41,24.59,25.46,25.66,1.04,5.21,80.44,89.7
1.4,0.18,0.65,0.47,0.4,1.51,-5.15,,,,,,,,,,
1.39,0.18,0.64,0.47,0.4,1.52,-5.2,,,,,,,,,,
1.38,0.18,0.63,0.48,0.4,1.53,-5.24,,,,,,,,,,
1.38,0.17,0.62,0.48,0.4,1.54,-5.28,,,,,,,,,,
1.37,0.17,0.61,0.49,0.4,1.55,-5.32,,,,,,,,,,
1.36,0.17,0.61,0.5,0.4,1.56,-5.37,,,,,,,,,,
1.35,0.16,0.6,0.5,0.4,1.57,-5.4,,,,,,,,,,
1.34,0.16,0.59,0.51,0.4,1.58,-5.44,,,,,,,,,,
1.33,0.16,0.58,0.51,0.4,1.59,-5.48,,,,,,,,,,
1.32,0.15,0.57,0.52,0.41,1.6,-5.52,1.82,1.55,,,,,,,,
1.31,0.15,0.57,0.53,0.41,1.61,-5.55,,,,,,,,,,
1.3,0.15,0.56,0.53,0.41,1.62,-5.58,,,,,,,,,,
1.29,0.14,0.55,0.54,0.41,1.63,-5.62,,,,,,,,,,
1.28,0.14,0.54,0.55,0.41,1.64,-5.65,,,,,,,,,,
1.27,0.14,0.54,0.55,0.41,1.65,-5.68,,,,,,,,,,
1.26,0.13,0.53,0.56,0.41,1.66,-5.7,,,,,,,,,,
1.25,0.13,0.52,0.57,0.42,1.67,-5.73,,,,,,,,,,
1.24,0.13,0.51,0.57,0.42,1.68,-5.76,,,,,,,,,,
1.23,0.13,0.51,0.58,0.42,1.69,-5.78,,,,,,,,,,
1.22,0.13,0.5,0.59,0.42,1.7,-5.8,1.72,1.53,,,,,,,,
1.21,0.12,0.49,0.59,0.42,1.71,-5.83,,,,,,,,,,
1.2,0.12,0.49,0.6,0.43,1.72,-5.85,,,,,,,,,,
1.19,0.12,0.48,0.61,0.43,1.73,-5.87,,,,,,,,,,
1.18,0.12,0.47,0.61,0.43,1.74,-5.88,,,,,,,,,,
1.17,0.12,0.47,0.62,0.43,1.75,-5.9,,,,,,,,,,
1.16,0.11,0.46,0.63,0.43,1.76,-5.92,,,,,,,,,,
1.15,0.11,0.45,0.64,0.44,1.77,-5.93,,,,,,,,,,
1.14,0.11,0.45,0.64,0.44,1.78,-5.95,,,,,,,,,,
1.13,0.11,0.44,0.65,0.44,1.79,-5.96,,,,,,,,,,
1.12,0.11,0.43,0.66,0.45,1.8,-5.97,1.62,1.51,,,,,,,,
1.11,0.11,0.43,0.67,0.45,1.81,-5.98,,,,,,,,,,
1.1,0.11,0.42,0.67,0.45,1.82,-5.99,,,,,,,,,,
1.09,0.1,0.41,0.68,0.46,1.83,-5.99,,,,,,,,,,
1.08,0.1,0.41,0.69,0.46,1.84,-6.0,,,,,,,,,,
1.07,0.1,0.4,0.7,0.46,1.85,-6.0,,,,,,,,,,
1.06,0.1,0.4,0.71,0.47,1.86,-6.01,,,,,,,,,,
1.05,0.1,0.39,0.71,0.47,1.87,-6.01,,,,,,,,,,
1.04,0.1,0.38,0.72,0.47,1.88,-6.01,,,,,,,,,,
1.03,0.1,0.38,0.73,0.48,1.88,-6.01,,,,,,,,,,
1.02,0.1,0.37,0.74,0.48,1.89,-6.01,1.52,1.5,,,,,,,,
1.01,0.1,0.37,0.75,0.48,1.9,-6.01,,,,,,,,,,
1.0,0.1,0.36,0.76,0.49,1.91,-6.0,,,,,,,,,,
0.99,0.1,0.36,0.76,0.49,1.92,-6.0,,,,,,,,,,
0.98,0.1,0.35,0.77,0.5,1.93,-5.99,,,,,,,,,,
0.97,0.1,0.35,0.78,0.5,1.94,-5.98,,,,,,,,,,
0.96,0.1,0.34,0.79,0.51,1.95,-5.97,,,,,,,,,,
0.95,0.1,0.33,0.8,0.51,1.96,-5.97,,,,,,,,,,
0.94,0.1,0.33,0.81,0.52,1.97,-5.95,,,,,,,,,,
0.93,0.1,0.33,0.82,0.52,1.97,-5.94,,,,,,,,,,
0.92,0.1,0.32,0.82,0.52,1.98,-5.93,1.42,1.5,,,,,,,,
0.91,0.1,0.32,0.83,0.53,1.99,-5.91,,,,,,,,,,
0.9,0.1,0.31,0.84,0.53,2.0,-5.9,,,,,,,,,,
0.89,0.11,0.31,0.85,0.54,2.01,-5.88,,,,,,,,,,
0.89,0.11,0.3,0.86,0.54,2.02,-5.86,,,,,,,,,,
0.88,0.11,0.3,0.87,0.55,2.03,-5.84,,,,,,,,,,
0.87,0.11,0.29,0.88,0.56,2.03,-5.82,,,,,,,,,,
0.86,0.11,0.29,0.89,0.56,2.04,-5.8,,,,,,,,,,
0.85,0.11,0.29,0.9,0.57,2.05,-5.78,,,,,,,,,,
0.84,0.11,0.28,0.91,0.57,2.06,-5.76,,,,,,,,,,
0.83,0.12,0.28,0.91,0.58,2.07,-5.73,1.33,1.52,,,,,,,,
0.82,0.12,0.27,0.92,0.58,2.08,-5.71,,,,,,,,,,
0.81,0.12,0.27,0.93,0.59,2.08,-5.68,,,,,,,,,,
0.8,0.12,0.27,0.94,0.59,2.09,-5.65,,,,,,,,,,
0.79,0.12,0.26,0.95,0.6,2.1,-5.62,,,,,,,,,,
0.78,0.13,0.26,0.96,0.61,2.11,-5.59,,,,,,,,,,
0.77,0.13,0.26,0.97,0.61,2.12,-5.56,,,,,,,,,,
0.76,0.13,0.25,0.98,0.62,2.12,-5.53,,,,,,,,,,
0.75,0.13,0.25,0.99,0.63,2.13,-5.49,,,,,,,,,,
0.74,0.13,0.25,1.0,0.63,2.14,-5.46,,,,,,,,,,
0.73,0.14,0.24,1.01,0.64,2.15,-5.42,1.23,1.54,,,,,,,,
0.72,0.14,0.24,1.02,0.64,2.16,-5.39,,,,,,,,,,
0.71,0.14,0.24,1.03,0.65,2.16,-5.35,,,,,,,,,,
0.7,0.15,0.24,1.04,0.66,2.17,-5.31,,,,,,,,,,
0.69,0.15,0.23,1.05,0.66,2.18,-5.27,,,,,,,,,,
0.68,0.15,0.23,1.06,0.67,2.18,-5.23,,,,,,,,,,
0.67,0.16,0.23,1.07,0.68,2.19,-5.19,,,,,,,,,,
0.66,0.16,0.23,1.08,0.69,2.2,-5.14,,,,,,,,,,
0.65,0.16,0.22,1.09,0.69,2.21,-5.1,,,,,,,,,,
0.64,0.17,0.22,1.1,0.7,2.21,-5.05,,,,,,,,,,
0.63,0.17,0.22,1.11,0.71,2.22,-5.01,1.13,1.57,,,,,,,,
0.62,0.17,0.22,1.12,0.71,2.23,-4.96,,,,,,,,,,
0.61,0.18,0.22,1.13,0.72,2.23,-4.91,,,,,,,,,,
0.61,0.18,0.21,1.14,0.73,2.24,-4.86,,,,,,,,,,
0.6,0.18,0.21,1.15,0.74,2.25,-4.81,,,,,,,,,,
0.59,0.19,0.21,1.15,0.74,2.25,-4.76,,,,,,,,,,
0.58,0.19,0.21,1.16,0.75,2.26,-4.71,,,,,,,,,,
0.57,0.2,0.21,1.17,0.76,2.27,-4.66,,,,,,,,,,
0.56,0.2,0.21,1.18,0.77,2.27,-4.6,,,,,,,,,,
0.55,0.21,0.21,1.19,0.77,2.28,-4.55,,,,,,,,,,
0.54,0.21,0.2,1.2,0.78,2.29,-4.49,1.04,1.61,,,,,,,,
0.53,0.22,0.2,1.21,0.79,2.29,-4.44,,,,,,,,,,
0.52,0.22,0.2,1.22,0.8,2.3,-4.38,,,,,,,,,,
0.52,0.22,0.2,1.23,0.81,2.3,-4.32,,,,,,,,,,
0.51,0.23,0.2,1.24,0.81,2.31,-4.26,,,,,,,,,,
0.5,0.23,0.2,1.25,0.82,2.32,-4.2,,,,,,,,,,
0.49,0.24,0.2,1.26,0.83,2.32,-4.14,,,,,,,,,,
0.48,0.24,0.2,1.27,0.84,2.33,-4.08,,,,,,,,,,
0.47,0.25,0.2,1.28,0.85,2.33,-4.01,,,,,,,,,,
0.46,0.26,0.2,1.29,0.86,2.34,-3.95,,,,,,,,,,
0.46,0.26,0.2,1.3,0.86,2.34,-3.88,0.96,1.66,24.46,24.66,25.0,26.5,0.95,4.73,80.8,86.48
0.45,0.27,0.2,1.31,0.87,2.35,-3.82,,,,,,,,,,
0.44,0.27,0.2,1.32,0.88,2.35,-3.75,,,,,,,,,,
0.43,0.28,0.2,1.33,0.89,2.36,-3.69,,,,,,,,,,
0.42,0.28,0.2,1.34,0.9,2.36,-3.62,,,,,,,,,,
0.41,0.29,0.2,1.35,0.91,2.37,-3.55,,,,,,,,,,
0.41,0.3,0.2,1.36,0.91,2.37,-3.48,,,,,,,,,,
0.4,0.3,0.2,1.37,0.92,2.38,-3.41,,,,,,,,,,
0.39,0.31,0.2,1.38,0.93,2.38,-3.34,,,,,,,,,,
0.38,0.31,0.2,1.39,0.94,2.39,-3.26,,,,,,,,,,
0.37,0.32,0.21,1.4,0.95,2.39,-3.19,0.87,1.72,,,,,,,,
0.37,0.33,0.21,1.41,0.96,2.4,-3.12,,,,,,,,,,
0.36,0.33,0.21,1.42,0.97,2.4,-3.04,,,,,,,,,,
0.35,0.34,0.21,1.43,0.98,2.41,-2.97,,,,,,,,,,
0.34,0.35,0.21,1.44,0.99,2.41,-2.89,,,,,,,,,,
0.34,0.35,0.21,1.45,1.0,2.41,-2.82,,,,,,,,,,
0.33,0.36,0.21,1.46,1.0,2.42,-2.74,,,,,,,,,,
0.32,0.37,0.22,1.47,1.01,2.42,-2.66,,,,,,,,,,
0.31,0.37,0.22,1.48,1.02,2.43,-2.58,,,,,,,,,,
0.31,0.38,0.22,1.49,1.03,2.43,-2.5,,,,,,,,,,
0.3,0.39,0.22,1.5,1.04,2.43,-2.42,0.8,1.79,,,,,,,,
0.29,0.39,0.22,1.51,1.05,2.44,-2.34,,,,,,,,,,
0.29,0.4,0.23,1.52,1.06,2.44,-2.26,,,,,,,,,,
0.28,0.41,0.23,1.53,1.07,2.44,-2.18,,,,,,,,,,
0.27,0.41,0.23,1.54,1.08,2.45,-2.09,,,,,,,,,,
0.27,0.42,0.23,1.55,1.09,2.45,-2.01,,,,,,,,,,
0.26,0.43,0.23,1.56,1.1,2.45,-1.93,,,,,,,,,,
0.25,0.44,0.24,1.57,1.11,2.46,-1.84,,,,,,,,,,
0.25,0.44,0.24,1.58,1.12,2.46,-1.75,,,,,,,,,,
0.24,0.45,0.24,1.59,1.13,2.46,-1.67,,,,,,,,,,
0.23,0.46,0.25,1.6,1.14,2.46,-1.58,0.73,1.86,,,,,,,,
0.23,0.47,0.25,1.61,1.15,2.47,-1.49,,,,,,,,,,
0.22,0.47,0.25,1.62,1.16,2.47,-1.41,,,,,,,,,,
0.21,0.48,0.26,1.63,1.17,2.47,-1.32,,,,,,,,,,
0.21,0.49,0.26,1.64,1.18,2.47,-1.23,,,,,,,,,,
0.2,0.5,0.26,1.65,1.19,2.48,-1.14,,,,,,,,,,
0.2,0.51,0.27,1.66,1.2,2.48,-1.05,,,,,,,,,,
0.19,0.51,0.27,1.67,1.2,2.48,-0.96,,,,,,,,,,
0.18,0.52,0.27,1.68,1.21,2.48,-0.87,,,,,,,,,,
0.18,0.53,0.28,1.68,1.22,2.48,-0.77,,,,,,,,,,
0.17,0.54,0.28,1.69,1.23,2.49,-0.68,0.67,1.94,,,,,,,,
0.17,0.55,0.28,1.7,1.24,2.49,-0.59,,,,,,,,,,
0.16,0.56,0.29,1.71,1.25,2.49,-0.49,,,,,,,,,,
0.16,0.56,0.29,1.72,1.26,2.49,-0.4,,,,,,,,,,
0.15,0.57,0.3,1.73,1.27,2.49,-0.31,,,,,,,,,,
0.15,0.58,0.3,1.74,1.28,2.49,-0.21,,,,,,,,,,
0.14,0.59,0.31,1.75,1.29,2.49,-0.12,,,,,,,,,,
0.13,0.6,0.31,1.76,1.3,2.5,-0.02,,,,,,,,,,
0.13,0.61,0.32,1.77,1.31,2.5,0.08,,,,,,,,,,
0.13,0.62,0.32,1.77,1.32,2.5,0.17,,,,,,,,,,
0.12,0.62,0.32,1.78,1.33,2.5,0.27,0.62,2.02,,,,,,,,
0.12,0.63,0.33,1.79,1.34,2.5,0.37,,,,,,,,,,
0.11,0.64,0.33,1.8,1.35,2.5,0.47,,,,,,,,,,
0.11,0.65,0.34,1.81,1.36,2.5,0.57,,,,,,,,,,
0.1,0.66,0.34,1.82,1.37,2.5,0.67,,,,,,,,,,
0.1,0.67,0.35,1.83,1.38,2.5,0.77,,,,,,,,,,
0.09,0.68,0.36,1.83,1.39,2.5,0.87,,,,,,,,,,
0.09,0.69,0.36,1.84,1.4,2.5,0.97,,,,,,,,,,
0.09,0.7,0.37,1.85,1.41,2.5,1.07,,,,,,,,,,
0.08,0.71,0.37,1.86,1.42,2.5,1.17,,,,,,,,,,
0.08,0.71,0.38,1.87,1.43,2.5,1.27,0.58,2.11,,,,,,,,
0.07,0.72,0.38,1.88,1.44,2.5,1.37,,,,,,,,,,
0.07,0.73,0.39,1.88,1.45,2.5,1.47,,,,,,,,,,
0.07,0.74,0.39,1.89,1.46,2.5,1.58,,,,,,,,,,
0.06,0.75,0.4,1.9,1.47,2.5,1.68,,,,,,,,,,
0.06,0.76,0.41,1.91,1.48,2.5,1.78,,,,,,,,,,
0.06,0.77,0.41,1.92,1.49,2.5,1.89,,,,,,,,,,
0.05,0.78,0.42,1.92,1.5,2.49,1.99,,,,,,,,,,
0.05,0.79,0.43,1.93,1.51,2.49,2.1,,,,,,,,,,
0.05,0.8,0.43,1.94,1.52,2.49,2.2,,,,,,,,,,
0.04,0.81,0.44,1.95,1.53,2.49,2.3,0.54,2.21,,,,,,,,
0.04,0.82,0.44,1.96,1.54,2.49,2.41,,,,,,,,,,
0.04,0.83,0.45,1.96,1.55,2.49,2.52,,,,,,,,,,
0.04,0.84,0.46,1.97,1.56,2.49,2.62,,,,,,,,,,
0.03,0.85,0.46,1.98,1.57,2.48,2.73,,,,,,,,,,
0.03,0.86,0.47,1.98,1.58,2.48,2.83,,,,,,,,,,
0.03,0.87,0.48,1.99,1.59,2.48,2.94,,,,,,,,,,
0.03,0.88,0.49,2.0,1.6,2.48,3.05,,,,,,,,,,
0.02,0.89,0.49,2.01,1.61,2.48,3.15,,,,,,,,,,
0.02,0.9,0.5,2.01,1.62,2.48,3.26,,,,,,,,,,
0.02,0.91,0.51,2.02,1.63,2.47,3.37,0.52,2.31,,,,,,,,
0.02,0.92,0.51,2.03,1.64,2.47,3.48,,,,,,,,,,
0.02,0.93,0.52,2.03,1.65,2.47,3.58,,,,,,,,,,
0.01,0.94,0.53,2.04,1.66,2.47,3.69,,,,,,,,,,
0.01,0.95,0.54,2.05,1.67,2.46,3.8,,,,,,,,,,
0.01,0.95,0.54,2.05,1.68,2.46,3.91,,,,,,,,,,
0.01,0.96,0.55,2.06,1.69,2.46,4.02,,,,,,,,,,
0.01,0.97,0.56,2.07,1.7,2.45,4.13,,,,,,,,,,
0.01,0.98,0.57,2.07,1.71,2.45,4.23,,,,,,,,,,
0.01,0.99,0.57,2.08,1.72,2.45,4.34,,,,,,,,,,
0.0,1.0,0.58,2.09,1.73,2.44,4.45,0.5,2.4,,,,,,,,
0.0,1.01,0.59,2.09,1.74,2.44,4.56,,,,,,,,,,
0.0,1.02,0.6,2.1,1.75,2.44,4.67,,,,,,,,,,
0.0,1.03,0.61,2.1,1.76,2.43,4.78,,,,,,,,,,
0.0,1.04,0.61,2.11,1.76,2.43,4.89,,,,,,,,,,
0.0,1.05,0.62,2.12,1.77,2.43,5.0,,,,,,,,,,
0.0,1.06,0.63,2.12,1.78,2.42,5.11,,,,,,,,,,
0.0,1.07,0.64,2.13,1.79,2.42,5.22,,,,,,,,,,
0.0,1.08,0.65,2.13,1.8,2.42,5.33,,,,,,,,,,
0.0,1.09,0.66,2.14,1.81,2.41,5.44,,,,,,,,,,
0.0,1.1,0.66,2.14,1.82,2.41,5.55,0.5,2.5,24.0,25.5,25.46,27.34,0.9,4.5,85.02,86.5
0.0,1.11,0.67,2.15,1.83,2.4,5.66,,,,,,,,,,
0.0,1.12,0.68,2.15,1.84,2.4,5.77,,,,,,,,,,
0.0,1.13,0.69,2.16,1.85,2.39,5.88,,,,,,,,,,
0.0,1.14,0.7,2.16,1.86,2.39,5.99,,,,,,,,,,
0.0,1.15,0.71,2.17,1.86,2.39,6.1,,,,,,,,,,
0.0,1.16,0.71,2.17,1.87,2.38,6.21,,,,,,,,,,
0.0,1.17,0.72,2.18,1.88,2.38,6.32,,,,,,,,,,
0.0,1.18,0.73,2.18,1.89,2.37,6.43,,,,,,,,,,
0.0,1.19,0.74,2.19,1.9,2.37,6.54,,,,,,,,,,
0.01,1.2,0.75,2.19,1.91,2.36,6.65,0.51,2.6,,,,,,,,
0.01,1.21,0.76,2.2,1.92,2.36,6.76,,,,,,,,,,
0.01,1.22,0.77,2.2,1.93,2.35,6.87,,,,,,,,,,
0.01,1.23,0.78,2.21,1.93,2.35,6.98,,,,,,,,,,
0.01,1.24,0.79,2.21,1.94,2.34,7.09,,,,,,,,,,
0.01,1.25,0.8,2.21,1.95,2.33,7.2,,,,,,,,,,
0.01,1.26,0.8,2.22,1.96,2.33,7.31,,,,,,,,,,
0.02,1.27,0.81,2.22,1.97,2.32,7.42,,,,,,,,,,
0.02,1.28,0.82,2.23,1.98,2.32,7.53,,,,,,,,,,
0.02,1.29,0.83,2.23,1.98,2.31,7.64,,,,,,,,,,
0.02,1.3,0.84,2.23,1.99,2.31,7.75,0.52,2.7,,,,,,,,
0.02,1.31,0.85,2.24,2.0,2.3,7.86,,,,,,,,,,
0.03,1.32,0.86,2.24,2.01,2.29,7.97,,,,,,,,,,
0.03,1.33,0.87,2.24,2.02,2.29,8.08,,,,,,,,,,
0.03,1.34,0.88,2.25,2.02,2.28,8.18,,,,,,,,,,
0.03,1.35,0.89,2.25,2.03,2.28,8.29,,,,,,,,,,
0.03,1.36,0.9,2.25,2.04,2.27,8.4,,,,,,,,,,
0.04,1.37,0.91,2.26,2.05,2.26,8.51,,,,,,,,,,
0.04,1.38,0.92,2.26,2.05,2.26,8.62,,,,,,,,,,
0.04,1.39,0.93,2.26,2.06,2.25,8.73,,,,,,,,,,
0.05,1.4,0.94,2.26,2.07,2.24,8.83,0.55,2.8,,,,,,,,
0.05,1.41,0.95,2.27,2.08,2.24,8.94,,,,,,,,,,
0.05,1.42,0.96,2.27,2.08,2.23,9.05,,,,,,,,,,
0.06,1.43,0.97,2.27,2.09,2.22,9.16,,,,,,,,,,
0.06,1.44,0.98,2.27,2.1,2.22,9.26,,,,,,,,,,
0.06,1.45,0.99,2.28,2.11,2.21,9.37,,,,,,,,,,
0.07,1.46,1.0,2.28,2.11,2.2,9.48,,,,,,,,,,
0.07,1.47,1.0,2.28,2.12,2.19,9.58,,,,,,,,,,
0.07,1.48,1.01,2.28,2.13,2.19,9.69,,,,,,,,,,
0.08,1.48,1.02,2.28,2.13,2.18,9.79,,,,,,,,,,
0.08,1.49,1.03,2.29,2.14,2.17,9.9,0.58,2.89,,,,,,,,
0.08,1.5,1.04,2.29,2.15,2.16,10.01,,,,,,,,,,
0.09,1.51,1.05,2.29,2.15,2.16,10.11,,,,,,,,,,
0.09,1.52,1.06,2.29,2.16,2.15,10.22,,,,,,,,,,
0.1,1.53,1.07,2.29,2.17,2.14,10.32,,,,,,,,,,
0.1,1.54,1.08,2.29,2.17,2.13,10.42,,,,,,,,,,
0.11,1.55,1.09,2.29,2.18,2.13,10.53,,,,,,,,,,
0.11,1.56,1.1,2.3,2.19,2.12,10.63,,,,,,,,,,
0.12,1.57,1.11,2.3,2.19,2.11,10.73,,,,,,,,,,
0.12,1.57,1.12,2.3,2.2,2.1,10.84,,,,,,,,,,
0.12,1.58,1.13,2.3,2.2,2.09,10.94,0.62,2.98,,,,,,,,
0.13,1.59,1.14,2.3,2.21,2.09,11.04,,,,,,,,,,
0.13,1.6,1.15,2.3,2.22,2.08,11.14,,,,,,,,,,
0.14,1.61,1.16,2.3,2.22,2.07,11.24,,,,,,,,,,
0.14,1.62,1.17,2.3,2.23,2.06,11.34,,,,,,,,,,
0.15,1.63,1.18,2.3,2.23,2.05,11.44,,,,,,,,,,
0.16,1.63,1.19,2.3,2.24,2.05,11.54,,,,,,,,,,
0.16,1.64,1.2,2.3,2.24,2.04,11.64,,,,,,,,,,
0.17,1.65,1.21,2.3,2.25,2.03,11.74,,,,,,,,,,
0.17,1.66,1.22,2.3,2.25,2.02,11.84,,,,,,,,,,
0.18,1.67,1.23,2.3,2.26,2.01,11.94,0.68,3.07,,,,,,,,
0.18,1.68,1.24,2.3,2.26,2.0,12.04,,,,,,,,,,
0.19,1.68,1.25,2.3,2.27,1.99,12.14,,,,,,,,,,
0.19,1.69,1.26,2.3,2.27,1.99,12.23,,,,,,,,,,
0.2,1.7,1.27,2.3,2.28,1.98,12.33,,,,,,,,,,
0.21,1.71,1.28,2.3,2.28,1.97,12.42,,,,,,,,,,
0.21,1.72,1.29,2.3,2.29,1.96,12.52,,,,,,,,,,
0.22,1.72,1.3,2.29,2.29,1.95,12.62,,,,,,,,,,
0.23,1.73,1.31,2.29,2.3,1.94,12.71,,,,,,,,,,
0.23,1.74,1.32,2.29,2.3,1.93,12.8,,,,,,,,,,
0.24,1.75,1.33,2.29,2.31,1.92,12.9,0.74,3.15,,,,,,,,
0.24,1.76,1.34,2.29,2.31,1.91,12.99,,,,,,,,,,
0.25,1.76,1.35,2.29,2.31,1.91,13.08,,,,,,,,,,
0.26,1.77,1.36,2.29,2.32,1.9,13.17,,,,,,,,,,
0.26,1.78,1.37,2.28,2.32,1.89,13.26,,,,,,,,,,
0.27,1.78,1.38,2.28,2.33,1.88,13.36,,,,,,,,,,
0.28,1.79,1.39,2.28,2.33,1.87,13.45,,,,,,,,,,
0.29,1.8,1.4,2.28,2.33,1.86,13.53,,,,,,,,,,
0.29,1.81,1.41,2.28,2.34,1.85,13.62,,,,,,,,,,
0.3,1.81,1.42,2.28,2.34,1.84,13.71,,,,,,,,,,
0.31,1.82,1.43,2.27,2.34,1.83,13.8,0.81,3.22,,,,,,,,
0.31,1.83,1.44,2.27,2.35,1.82,13.89,,,,,,,,,,
0.32,1.83,1.45,2.27,2.35,1.81,13.97,,,,,,,,,,
0.33,1.84,1.46,2.27,2.35,1.8,14.06,,,,,,,,,,
0.34,1.85,1.47,2.26,2.36,1.79,14.14,,,,,,,,,,
0.34,1.85,1.48,2.26,2.36,1.78,14.23,,,,,,,,,,
0.35,1.86,1.49,2.26,2.36,1.77,14.31,,,,,,,,,,
0.36,1.87,1.5,2.25,2.36,1.76,14.39,,,,,,,,,,
0.37,1.87,1.51,2.25,2.37,1.75,14.48,,,,,,,,,,
0.37,1.88,1.52,2.25,2.37,1.74,14.56,,,,,,,,,,
0.38,1.89,1.53,2.24,2.37,1.73,14.64,0.88,3.29,,,,,,,,
0.39,1.89,1.54,2.24,2.37,1.73,14.72,,,,,,,,,,
0.4,1.9,1.55,2.24,2.38,1.72,14.8,,,,,,,,,,
0.41,1.9,1.56,2.23,2.38,1.71,14.88,,,,,,,,,,
0.41,1.91,1.56,2.23,2.38,1.7,14.95,,,,,,,,,,
0.42,1.92,1.57,2.23,2.38,1.69,15.03,,,,,,,,,,
0.43,1.92,1.58,2.22,2.38,1.68,15.11,,,,,,,,,,
0.44,1.93,1.59,2.22,2.39,1.67,15.18,,,,,,,,,,
0.45,1.93,1.6,2.22,2.39,1.66,15.26,,,,,,,,,,
0.46,1.94,1.61,2.21,2.39,1.65,15.33,,,,,,,,,,
0.46,1.94,1.62,2.21,2.39,1.64,15.41,0.96,3.34,24.46,26.34,26.42,27.41,0.95,4.73,89.22,89.73
0.47,1.95,1.63,2.2,2.39,1.63,15.48,,,,,,,,,,
0.48,1.95,1.64,2.2,2.39,1.62,15.55,,,,,,,,,,
0.49,1.96,1.65,2.19,2.39,1.61,15.62,,,,,,,,,,
0.5,1.96,1.66,2.19,2.4,1.6,15.69,,,,,,,,,,
0.51,1.97,1.66,2.19,2.4,1.59,15.76,,,,,,,,,,
0.51,1.97,1.67,2.18,2.4,1.58,15.83,,,,,,,,,,
0.52,1.98,1.68,2.18,2.4,1.57,15.89,,,,,,,,,,
0.53,1.98,1.69,2.17,2.4,1.56,15.96,,,,,,,,,,
0.54,1.99,1.7,2.17,2.4,1.55,16.03,,,,,,,,,,
0.55,1.99,1.71,2.16,2.4,1.54,16.09,1.05,3.39,,,,,,,,
0.56,2.0,1.72,2.16,2.4,1.53,16.16,,,,,,,,,,
0.57,2.0,1.73,2.15,2.4,1.52,16.22,,,,,,,,,,
0.58,2.01,1.73,2.15,2.4,1.51,16.28,,,,,,,,,,
0.59,2.01,1.74,2.14,2.4,1.5,16.34,,,,,,,,,,
0.6,2.01,1.75,2.13,2.4,1.49,16.4,,,,,,,,,,
0.6,2.02,1.76,2.13,2.4,1.48,16.46,,,,,,,,,,
0.61,2.02,1.77,2.12,2.4,1.47,16.52,,,,,,,,,,
0.62,2.03,1.78,2.12,2.4,1.46,16.58,,,,,,,,,,
0.63,2.03,1.78,2.11,2.4,1.45,16.63,,,,,,,,,,
0.64,2.03,1.79,2.11,2.4,1.44,16.69,1.14,3.43,,,,,,,,
0.65,2.04,1.8,2.1,2.4,1.43,16.74,,,,,,,,,,
0.66,2.04,1.81,2.09,2.4,1.42,16.8,,,,,,,,,,
0.67,2.04,1.82,2.09,2.4,1.41,16.85,,,,,,,,,,
0.68,2.05,1.82,2.08,2.39,1.4,16.9,,,,,,,,,,
0.69,2.05,1.83,2.08,2.39,1.39,16.95,,,,,,,,,,
0.7,2.05,1.84,2.07,2.39,1.38,17.0,,,,,,,,,,
0.71,2.06,1.85,2.06,2.39,1.37,17.05,,,,,,,,,,
0.72,2.06,1.85,2.06,2.39,1.36,17.1,,,,,,,,,,
0.73,2.06,1.86,2.05,2.39,1.35,17.15,,,,,,,,,,
0.74,2.06,1.87,2.04,2.39,1.34,17.19,1.24,3.46,,,,,,,,
0.75,2.07,1.88,2.04,2.39,1.33,17.24,,,,,,,,,,
0.76,2.07,1.88,2.03,2.38,1.32,17.28,,,,,,,,,,
0.77,2.07,1.89,2.02,2.38,1.31,17.32,,,,,,,,,,
0.78,2.07,1.9,2.02,2.38,1.3,17.36,,,,,,,,,,
0.79,2.08,1.91,2.01,2.38,1.29,17.4,,,,,,,,,,
0.8,2.08,1.91,2.0,2.38,1.28,17.44,,,,,,,,,,
0.8,2.08,1.92,1.99,2.37,1.27,17.48,,,,,,,,,,
0.81,2.08,1.93,1.99,2.37,1.26,17.52,,,,,,,,,,
0.82,2.08,1.93,1.98,2.37,1.25,17.55,,,,,,,,,,
0.83,2.09,1.94,1.97,2.37,1.24,17.59,1.33,3.49,,,,,,,,
0.84,2.09,1.95,1.96,2.36,1.23,17.62,,,,,,,,,,
0.85,2.09,1.95,1.96,2.36,1.22,17.65,,,,,,,,,,
0.86,2.09,1.96,1.95,2.36,1.21,17.69,,,,,,,,,,
0.87,2.09,1.97,1.94,2.35,1.2,17.72,,,,,,,,,,
0.88,2.09,1.97,1.93,2.35,1.19,17.75,,,,,,,,,,
0.89,2.09,1.98,1.93,2.35,1.18,17.77,,,,,,,,,,
0.9,2.1,1.99,1.92,2.35,1.17,17.8,,,,,,,,,,
0.91,2.1,1.99,1.91,2.34,1.16,17.83,,,,,,,,,,
0.92,2.1,2.0,1.9,2.34,1.15,17.85,,,,,,,,,,
0.93,2.1,2.0,1.89,2.33,1.15,17.87,1.43,3.5,,,,,,,,
0.94,2.1,2.01,1.89,2.33,1.14,17.9,,,,,,,,,,
0.95,2.1,2.02,1.88,2.33,1.13,17.92,,,,,,,,,,
0.96,2.1,2.02,1.87,2.32,1.12,17.94,,,,,,,,,,
0.97,2.1,2.03,1.86,2.32,1.11,17.96,,,,,,,,,,
0.98,2.1,2.03,1.85,2.32,1.1,17.97,,,,,,,,,,
0.99,2.1,2.04,1.85,2.31,1.09,17.99,,,,,,,,,,
1.0,2.1,2.04,1.84,2.31,1.08,18.01,,,,,,,,,,
1.01,2.1,2.05,1.83,2.3,1.07,18.02,,,,,,,,,,
1.02,2.1,2.05,1.82,2.3,1.06,18.03,,,,,,,,,,
1.03,2.1,2.06,1.81,2.29,1.05,18.04,1.53,3.5,,,,,,,,
1.04,2.1,2.06,1.8,2.29,1.04,18.05,,,,,,,,,,
1.05,2.1,2.07,1.79,2.29,1.04,18.06,,,,,,,,,,
1.06,2.1,2.07,1.79,2.28,1.03,18.07,,,,,,,,,,
1.07,2.1,2.08,1.78,2.28,1.02,18.08,,,,,,,,,,
1.08,2.1,2.08,1.77,2.27,1.01,18.08,,,,,,,,,,
1.09,2.1,2.09,1.76,2.27,1.0,18.09,,,,,,,,,,
1.1,2.09,2.09,1.75,2.26,0.99,18.09,,,,,,,,,,
1.11,2.09,2.1,1.74,2.26,0.98,18.09,,,,,,,,,,
1.12,2.09,2.1,1.73,2.25,0.97,18.09,,,,,,,,,,
1.13,2.09,2.11,1.72,2.25,0.97,18.09,1.63,3.49,,,,,,,,
1.14,2.09,2.11,1.71,2.24,0.96,18.09,,,,,,,,,,
1.15,2.09,2.11,1.71,2.23,0.95,18.09,,,,,,,,,,
1.16,2.09,2.12,1.7,2.23,0.94,18.08,,,,,,,,,,
1.17,2.08,2.12,1.69,2.22,0.93,18.08,,,,,,,,,,
1.18,2.08,2.13,1.68,2.22,0.92,18.07,,,,,,,,,,
1.19,2.08,2.13,1.67,2.21,0.92,18.06,,,,,,,,,,
1.2,2.08,2.13,1.66,2.21,0.91,18.05,,,,,,,,,,
1.21,2.08,2.14,1.65,2.2,0.9,18.04,,,,,,,,,,
1.22,2.08,2.14,1.64,2.19,0.89,18.03,,,,,,,,,,
1.23,2.07,2.14,1.63,2.19,0.88,18.01,1.73,3.47,,,,,,,,
1.24,2.07,2.15,1.62,2.18,0.88,18.0,,,,,,,,,,
1.25,2.07,2.15,1.61,2.18,0.87,17.98,,,,,,,,,,
1.26,2.07,2.15,1.6,2.17,0.86,17.97,,,,,,,,,,
1.27,2.06,2.16,1.59,2.16,0.85,17.95,,,,,,,,,,
1.28,2.06,2.16,1.58,2.16,0.85,17.93,,,,,,,,,,
1.29,2.06,2.16,1.57,2.15,0.84,17.91,,,,,,,,,,
1.3,2.05,2.16,1.56,2.14,0.83,17.89,,,,,,,,,,
1.31,2.05,2.17,1.55,2.14,0.82,17.86,,,,,,,,,,
1.32,2.05,2.17,1.54,2.13,0.82,17.84,,,,,,,,,,
1.33,2.04,2.17,1.53,2.12,0.81,17.81,1.83,3.44,,,,,,,,
1.34,2.04,2.17,1.53,2.12,0.8,17.78,,,,,,,,,,
1.35,2.04,2.18,1.52,2.11,0.79,17.76,,,,,,,,,,
1.36,2.03,2.18,1.51,2.1,0.79,17.73,,,,,,,,,,
1.36,2.03,2.18,1.5,2.09,0.78,17.69,,,,,,,,,,
1.37,2.03,2.18,1.49,2.09,0.77,17.66,,,,,,,,,,
1.38,2.02,2.18,1.48,2.08,0.77,17.63,,,,,,,,,,
1.39,2.02,2.19,1.47,2.07,0.76,17.59,,,,,,,,,,
1.4,2.02,2.19,1.46,2.07,0.75,17.56,,,,,,,,,,
1.41,2.01,2.19,1.45,2.06,0.75,17.52,,,,,,,,,,
1.42,2.01,2.19,1.44,2.05,0.74,17.48,1.92,3.41,25.42,26.41,26.99,26.64,1.04,5.21,89.54,93.22
1.43,2.0,2.19,1.43,2.04,0.73,17.44,,,,,,,,,,
1.44,2.0,2.19,1.42,2.03,0.73,17.4,,,,,,,,,,
1.45,1.99,2.19,1.41,2.03,0.72,17.36,,,,,,,,,,
1.46,1.99,2.2,1.4,2.02,0.71,17.31,,,,,,,,,,
1.46,1.99,2.2,1.39,2.01,0.71,17.27,,,,,,,,,,
1.47,1.98,2.2,1.38,2.0,0.7,17.22,,,,,,,,,,
1.48,1.98,2.2,1.37,2.0,0.7,17.17,,,,,,,,,,
1.49,1.97,2.2,1.36,1.99,0.69,17.13,,,,,,,,,,
1.5,1.97,2.2,1.35,1.98,0.68,17.08,,,,,,,,,,
1.51,1.96,2.2,1.34,1.97,0.68,17.02,2.01,3.36,,,,,,,,
1.52,1.96,2.2,1.33,1.96,0.67,16.97,,,,,,,,,,
1.53,1.95,2.2,1.32,1.95,0.67,16.92,,,,,,,,,,
1.53,1.95,2.2,1.31,1.95,0.66,16.86,,,,,,,,,,
1.54,1.94,2.2,1.3,1.94,0.66,16.81,,,,,,,,,,
1.55,1.93,2.2,1.29,1.93,0.65,16.75,,,,,,,,,,
1.56,1.93,2.2,1.28,1.92,0.65,16.69,,,,,,,,,,
1.57,1.92,2.2,1.27,1.91,0.64,16.63,,,,,,,,,,
1.58,1.92,2.2,1.26,1.9,0.64,16.57,,,,,,,,,,
1.58,1.91,2.2,1.25,1.9,0.63,16.51,,,,,,,,,,
1.59,1.91,2.2,1.24,1.89,0.63,16.44,2.09,3.31,,,,,,,,
1.6,1.9,2.2,1.23,1.88,0.62,16.38,,,,,,,,,,
1.61,1.89,2.2,1.22,1.87,0.62,16.31,,,,,,,,,,
1.62,1.89,2.2,1.21,1.86,0.61,16.25,,,,,,,,,,
1.62,1.88,2.19,1.2,1.85,0.61,16.18,,,,,,,,,,
1.63,1.88,2.19,1.19,1.84,0.6,16.11,,,,,,,,,,
1.64,1.87,2.19,1.18,1.83,0.6,16.04,,,,,,,,,,
1.65,1.86,2.19,1.17,1.82,0.59,15.97,,,,,,,,,,
1.65,1.86,2.19,1.16,1.82,0.59,15.89,,,,,,,,,,
1.66,1.85,2.19,1.15,1.81,0.59,15.82,,,,,,,,,,
1.67,1.84,2.19,1.14,1.8,0.58,15.75,2.17,3.24,,,,,,,,
1.68,1.84,2.19,1.13,1.79,0.58,15.67,,,,,,,,,,
1.68,1.83,2.18,1.12,1.78,0.57,15.59,,,,,,,,,,
1.69,1.82,2.18,1.11,1.77,0.57,15.51,,,,,,,,,,
1.7,1.82,2.18,1.1,1.76,0.57,15.43,,,,,,,,,,
1.71,1.81,2.18,1.09,1.75,0.56,15.35,,,,,,,,,,
1.71,1.8,2.18,1.08,1.74,0.56,15.27,,,,,,,,,,
1.72,1.79,2.17,1.07,1.73,0.56,15.19,,,,,,,,,,
1.73,1.79,2.17,1.06,1.72,0.55,15.1,,,,,,,,,,
1.73,1.78,2.17,1.05,1.71,0.55,15.02,,,,,,,,,,
1.74,1.77,2.17,1.04,1.7,0.55,14.93,2.24,3.17,,,,,,,,
1.75,1.76,2.16,1.03,1.69,0.54,14.85,,,,,,,,,,
1.75,1.76,2.16,1.02,1.68,0.54,14.76,,,,,,,,,,
1.76,1.75,2.16,1.01,1.67,0.54,14.67,,,,,,,,,,
1.77,1.74,2.15,1.0,1.66,0.54,14.58,,,,,,,,,,
1.77,1.73,2.15,0.99,1.66,0.53,14.49,,,,,,,,,,
1.78,1.73,2.15,0.98,1.65,0.53,14.4,,,,,,,,,,
1.79,1.72,2.15,0.97,1.64,0.53,14.3,,,,,,,,,,
1.79,1.71,2.14,0.96,1.63,0.53,14.21,,,,,,,,,,
1.8,1.7,2.14,0.95,1.62,0.52,14.12,,,,,,,,,,
1.8,1.69,2.13,0.95,1.61,0.52,14.02,2.3,3.09,,,,,,,,
1.81,1.69,2.13,0.94,1.6,0.52,13.92,,,,,,,,,,
1.82,1.68,2.13,0.93,1.59,0.52,13.82,,,,,,,,,,
1.82,1.67,2.12,0.92,1.58,0.52,13.73,,,,,,,,,,
1.83,1.66,2.12,0.91,1.57,0.51,13.63,,,,,,,,,,
1.83,1.65,2.12,0.9,1.56,0.51,13.53,,,,,,,,,,
1.84,1.65,2.11,0.89,1.55,0.51,13.42,,,,,,,,,,
1.84,1.64,2.11,0.88,1.54,0.51,13.32,,,,,,,,,,
1.85,1.63,2.1,0.87,1.53,0.51,13.22,,,,,,,,,,
1.85,1.62,2.1,0.86,1.52,0.51,13.11,,,,,,,,,,
1.86,1.61,2.09,0.85,1.51,0.51,13.01,2.36,3.01,,,,,,,,
1.86,1.6,2.09,0.84,1.5,0.5,12.9,,,,,,,,,,
1.87,1.59,2.09,0.84,1.49,0.5,12.8,,,,,,,,,,
1.87,1.59,2.08,0.83,1.48,0.5,12.69,,,,,,,,,,
1.88,1.58,2.08,0.82,1.47,0.5,12.58,,,,,,,,,,
1.88,1.57,2.07,0.81,1.46,0.5,12.47,,,,,,,,,,
1.89,1.56,2.07,0.8,1.45,0.5,12.36,,,,,,,,,,
1.89,1.55,2.06,0.79,1.44,0.5,12.25,,,,,,,,,,
1.9,1.54,2.06,0.78,1.43,0.5,12.14,,,,,,,,,,
1.9,1.53,2.05,0.77,1.42,0.5,12.03,,,,,,,,,,
1.91,1.52,2.05,0.77,1.41,0.5,11.92,2.41,2.92,,,,,,,,
1.91,1.51,2.04,0.76,1.4,0.5,11.8,,,,,,,,,,
1.91,1.51,2.03,0.75,1.39,0.5,11.69,,,,,,,,,,
1.92,1.5,2.03,0.74,1.38,0.5,11.57,,,,,,,,,,
1.92,1.49,2.02,0.73,1.37,0.5,11.46,,,,,,,,,,
1.93,1.48,2.02,0.72,1.36,0.5,11.34,,,,,,,,,,
1.93,1.47,2.01,0.72,1.35,0.5,11.23,,,,,,,,,,
1.93,1.46,2.01,0.71,1.34,0.5,11.11,,,,,,,,,,
1.94,1.45,2.0,0.7,1.33,0.5,10.99,,,,,,,,,,
1.94,1.44,1.99,0.69,1.32,0.5,10.87,,,,,,,,,,
1.94,1.43,1.99,0.68,1.31,0.5,10.75,2.44,2.83,,,,,,,,
1.95,1.42,1.98,0.68,1.3,0.51,10.63,,,,,,,,,,
1.95,1.41,1.98,0.67,1.29,0.51,10.51,,,,,,,,,,
1.95,1.4,1.97,0.66,1.28,0.51,10.39,,,,,,,,,,
1.96,1.39,1.96,0.65,1.27,0.51,10.27,,,,,,,,,,
1.96,1.38,1.96,0.65,1.26,0.51,10.15,,,,,,,,,,
1.96,1.37,1.95,0.64,1.25,0.51,10.03,,,,,,,,,,
1.96,1.36,1.94,0.63,1.24,0.51,9.9,,,,,,,,,,
1.97,1.35,1.94,0.62,1.23,0.51,9.78,,,,,,,,,,
1.97,1.34,1.93,0.62,1.22,0.52,9.66,,,,,,,,,,
1.97,1.33,1.92,0.61,1.21,0.52,9.53,2.47,2.73,,,,,,,,
1.97,1.33,1.92,0.6,1.2,0.52,9.41,,,,,,,,,,
1.98,1.32,1.91,0.59,1.19,0.52,9.28,,,,,,,,,,
1.98,1.31,1.9,0.59,1.18,0.52,9.16,,,,,,,,,,
1.98,1.3,1.89,0.58,1.17,0.53,9.03,,,,,,,,,,
1.98,1.29,1.89,0.57,1.16,0.53,8.91,,,,,,,,,,
1.98,1.28,1.88,0.57,1.15,0.53,8.78,,,,,,,,,,
1.99,1.27,1.87,0.56,1.14,0.53,8.65,,,,,,,,,,
1.99,1.26,1.87,0.55,1.13,0.54,8.53,,,,,,,,,,
1.99,1.25,1.86,0.55,1.12,0.54,8.4,,,,,,,,,,
1.99,1.24,1.85,0.54,1.11,0.54,8.27,2.49,2.64,25.99,25.64,26.65,25.74,1.1,5.5,85.68,93.74
1.99,1.23,1.84,0.53,1.1,0.55,8.14,,,,,,,,,,
1.99,1.22,1.83,0.53,1.09,0.55,8.02,,,,,,,,,,
1.99,1.21,1.83,0.52,1.08,0.55,7.89,,,,,,,,,,
2.0,1.2,1.82,0.51,1.07,0.55,7.76,,,,,,,,,,
2.0,1.19,1.81,0.51,1.06,0.56,7.63,,,,,,,,,,
2.0,1.18,1.8,0.5,1.06,0.56,7.5,,,,,,,,,,
2.0,1.17,1.8,0.5,1.05,0.56,7.37,,,,,,,,,,
2.0,1.16,1.79,0.49,1.04,0.57,7.24,,,,,,,,,,
2.0,1.15,1.78,0.48,1.03,0.57,7.11,,,,,,,,,,
2.0,1.14,1.77,0.48,1.02,0.58,6.98,2.5,2.54,,,,,,,,
2.0,1.13,1.76,0.47,1.01,0.58,6.85,,,,,,,,,,
2.0,1.12,1.75,0.47,1.0,0.58,6.72,,,,,,,,,,
2.0,1.11,1.75,0.46,0.99,0.59,6.59,,,,,,,,,,
2.0,1.1,1.74,0.46,0.98,0.59,6.46,,,,,,,,,,
2.0,1.09,1.73,0.45,0.97,0.6,6.33,,,,,,,,,,
2.0,1.08,1.72,0.45,0.96,0.6,6.2,,,,,,,,,,
2.0,1.07,1.71,0.44,0.95,0.6,6.07,,,,,,,,,,
2.0,1.06,1.7,0.44,0.95,0.61,5.94,,,,,,,,,,
2.0,1.05,1.7,0.43,0.94,0.61,5.81,,,,,,,,,,
2.0,1.04,1.69,0.43,0.93,0.62,5.68,2.5,2.44,,,,,,,,
2.0,1.03,1.68,0.42,0.92,0.62,5.55,,,,,,,,,,
2.0,1.02,1.67,0.42,0.91,0.63,5.42,,,,,,,,,,
2.0,1.01,1.66,0.41,0.9,0.63,5.29,,,,,,,,,,
1.99,1.0,1.65,0.41,0.89,0.64,5.16,,,,,,,,,,
1.99,0.99,1.64,0.4,0.88,0.64,5.03,,,,,,,,,,
1.99,0.98,1.63,0.4,0.88,0.65,4.9,,,,,,,,,,
1.99,0.97,1.62,0.39,0.87,0.65,4.78,,,,,,,,,,
1.99,0.96,1.62,0.39,0.86,0.66,4.65,,,,,,,,,,
1.99,0.95,1.61,0.39,0.85,0.66,4.52,,,,,,,,,,
1.99,0.94,1.6,0.38,0.84,0.67,4.39,2.49,2.34,,,,,,,,
1.99,0.93,1.59,0.38,0.83,0.68,4.26,,,,,,,,,,
1.98,0.92,1.58,0.37,0.83,0.68,4.13,,,,,,,,,,
1.98,0.91,1.57,0.37,0.82,0.69,4.0,,,,,,,,,,
1.98,0.9,1.56,0.37,0.81,0.69,3.88,,,,,,,,,,
1.98,0.89,1.55,0.36,0.8,0.7,3.75,,,,,,,,,,
1.98,0.88,1.54,0.36,0.79,0.71,3.62,,,,,,,,,,
1.97,0.87,1.53,0.36,0.79,0.71,3.49,,,,,,,,,,
1.97,0.86,1.52,0.35,0.78,0.72,3.37,,,,,,,,,,
1.97,0.85,1.51,0.35,0.77,0.72,3.24,,,,,,,,,,
1.97,0.84,1.5,0.35,0.76,0.73,3.11,2.47,2.24,,,,,,,,
1.96,0.83,1.49,0.34,0.75,0.74,2.99,,,,,,,,,,
1.96,0.82,1.48,0.34,0.75,0.74,2.86,,,,,,,,,,
1.96,0.81,1.47,0.34,0.74,0.75,2.74,,,,,,,,,,
1.95,0.8,1.46,0.34,0.73,0.76,2.61,,,,,,,,,,
1.95,0.79,1.46,0.33,0.72,0.76,2.49,,,,,,,,,,
1.95,0.78,1.45,0.33,0.72,0.77,2.37,,,,,,,,,,
1.95,0.77,1.44,0.33,0.71,0.78,2.24,,,,,,,,,,
1.94,0.76,1.43,0.33,0.7,0.78,2.12,,,,,,,,,,
1.94,0.75,1.42,0.32,0.7,0.79,2.0,,,,,,,,,,
1.93,0.75,1.41,0.32,0.69,0.8,1.88,2.43,2.15,,,,,,,,
1.93,0.74,1.4,0.32,0.68,0.8,1.76,,,,,,,,,,
1.93,0.73,1.39,0.32,0.67,0.81,1.63,,,,,,,,,,
1.92,0.72,1.38,0.32,0.67,0.82,1.51,,,,,,,,,,
1.92,0.71,1.37,0.31,0.66,0.83,1.4,,,,,,,,,,
1.92,0.7,1.36,0.31,0.65,0.83,1.28,,,,,,,,,,
1.91,0.69,1.35,0.31,0.65,0.84,1.16,,,,,,,,,,
1.91,0.68,1.34,0.31,0.64,0.85,1.04,,,,,,,,,,
1.9,0.67,1.33,0.31,0.63,0.86,0.92,,,,,,,,,,
1.9,0.66,1.32,0.31,0.63,0.86,0.81,,,,,,,,,,
1.89,0.65,1.31,0.31,0.62,0.87,0.69,2.39,2.05,,,,,,,,
1.89,0.64,1.3,0.3,0.62,0.88,0.57,,,,,,,,,,
1.89,0.64,1.29,0.3,0.61,0.89,0.46,,,,,,,,,,
1.88,0.63,1.28,0.3,0.6,0.9,0.35,,,,,,,,,,
1.88,0.62,1.27,0.3,0.6,0.9,0.23,,,,,,,,,,
1.87,0.61,1.26,0.3,0.59,0.91,0.12,,,,,,,,,,
1.87,0.6,1.25,0.3,0.59,0.92,0.01,,,,,,,,,,
1.86,0.59,1.24,0.3,0.58,0.93,-0.1,,,,,,,,,,
1.86,0.58,1.23,0.3,0.57,0.94,-0.21,,,,,,,,,,
1.85,0.57,1.22,0.3,0.57,0.94,-0.32,,,,,,,,,,
1.85,0.57,1.21,0.3,0.56,0.95,-0.43,2.35,1.97,,,,,,,,
1.84,0.56,1.2,0.3,0.56,0.96,-0.54,,,,,,,,,,
1.83,0.55,1.19,0.3,0.55,0.97,-0.65,,,,,,,,,,
1.83,0.54,1.18,0.3,0.55,0.98,-0.75,,,,,,,,,,
1.82,0.53,1.17,0.3,0.54,0.99,-0.86,,,,,,,,,,
1.82,0.52,1.16,0.3,0.54,1.0,-0.96,,,,,,,,,,
1.81,0.52,1.15,0.3,0.53,1.0,-1.07,,,,,,,,,,
1.81,0.51,1.14,0.3,0.53,1.01,-1.17,,,,,,,,,,
1.8,0.5,1.13,0.3,0.52,1.02,-1.27,,,,,,,,,,
1.79,0.49,1.12,0.3,0.52,1.03,-1.37,,,,,,,,,,
1.79,0.48,1.11,0.3,0.51,1.04,-1.48,2.29,1.88,,,,,,,,
1.78,0.48,1.1,0.31,0.51,1.05,-1.57,,,,,,,,,,
1.78,0.47,1.09,0.31,0.5,1.06,-1.67,,,,,,,,,,
1.77,0.46,1.08,0.31,0.5,1.07,-1.77,,,,,,,,,,
1.76,0.45,1.07,0.31,0.49,1.08,-1.87,,,,,,,,,,
1.76,0.45,1.06,0.31,0.49,1.08,-1.96,,,,,,,,,,
1.75,0.44,1.05,0.31,0.49,1.09,-2.06,,,,,,,,,,
1.74,0.43,1.04,0.31,0.48,1.1,-2.15,,,,,,,,,,
1.74,0.42,1.03,0.31,0.48,1.11,-2.25,,,,,,,,,,
1.73,0.42,1.02,0.32,0.47,1.12,-2.34,,,,,,,,,,
1.72,0.41,1.01,0.32,0.47,1.13,-2.43,2.22,1.81,,,,,,,,
1.72,0.4,1.0,0.32,0.47,1.14,-2.52,,,,,,,,,,
1.71,0.39,0.99,0.32,0.46,1.15,-2.61,,,,,,,,,,
1.7,0.39,0.98,0.32,0.46,1.16,-2.7,,,,,,,,,,
1.69,0.38,0.97,0.33,0.46,1.17,-2.78,,,,,,,,,,
1.69,0.37,0.96,0.33,0.45,1.18,-2.87,,,,,,,,,,
1.68,0.37,0.95,0.33,0.45,1.19,-2.96,,,,,,,,,,
1.67,0.36,0.94,0.33,0.45,1.2,-3.04,,,,,,,,,,
1.67,0.35,0.93,0.34,0.44,1.21,-3.12,,,,,,,,,,
1.66,0.35,0.92,0.34,0.44,1.22,-3.2,,,,,,,,,,
1.65,0.34,0.91,0.34,0.44,1.22,-3.29,2.15,1.74,25.65,24.74,25.71,25.54,1.07,5.33,81.2,90.83
1.64,0.33,0.9,0.35,0.44,1.23,-3.36,,,,,,,,,,
1.63,0.33,0.89,0.35,0.43,1.24,-3.44,,,,,,,,,,
1.63,0.32,0.88,0.35,0.43,1.25,-3.52,,,,,,,,,,
1.62,0.31,0.87,0.35,0.43,1.26,-3.6,,,,,,,,,,
1.61,0.31,0.86,0.36,0.43,1.27,-3.67,,,,,,,,,,
1.6,0.3,0.86,0.36,0.42,1.28,-3.75,,,,,,,,,,
1.6,0.3,0.85,0.36,0.42,1.29,-3.82,,,,,,,,,,
1.59,0.29,0.84,0.37,0.42,1.3,-3.89,,,,,,,,,,
1.58,0.28,0.83,0.37,0.42,1.31,-3.96,,,,,,,,,,
1.57,0.28,0.82,0.38,0.42,1.32,-4.03,2.07,1.68,,,,,,,,
1.56,0.27,0.81,0.38,0.41,1.33,-4.1,,,,,,,,,,
1.55,0.27,0.8,0.38,0.41,1.34,-4.17,,,,,,,,,,
1.55,0.26,0.79,0.39,0.41,1.35,-4.24,,,,,,,,,,
1.54,0.26,0.78,0.39,0.41,1.36,-4.3,,,,,,,,,,
1.53,0.25,0.77,0.4,0.41,1.37,-4.36,,,,,,,,,,
1.52,0.25,0.76,0.4,0.41,1.38,-4.43,,,,,,,,,,
1.51,0.24,0.75,0.4,0.41,1.39,-4.49,,,,,,,,,,
1.5,0.24,0.75,0.41,0.4,1.4,-4.55,,,,,,,,,,
1.5,0.23,0.74,0.41,0.4,1.41,-4.61,,,,,,,,,,
1.49,0.23,0.73,0.42,0.4,1.42,-4.67,1.99,1.63,,,,,,,,
1.48,0.22,0.72,0.42,0.4,1.43,-4.72,,,,,,,,,,
1.47,0.22,0.71,0.43,0.4,1.44,-4.78,,,,,,,,,,
1.46,0.21,0.7,0.43,0.4,1.45,-4.83,,,,,,,,,,
1.45,0.21,0.69,0.44,0.4,1.46,-4.89,,,,,,,,,,
1.44,0.2,0.68,0.44,0.4,1.47,-4.94,,,,,,,,,,
1.43,0.2,0.68,0.45,0.4,1.48,-4.99,,,,,,,,,,
1.42,0.19,0.67,0.45,0.4,1.49,-5.04,,,,,,,,,,
1.42,0.19,0.66,0.46,0.4,1.5,-5.09,,,,,,,,,,
1.41,0.19,0.65,0.46,0.4,1.51,-5.14,,,,,,,,,,
1.4,0.18,0.64,0.47,0.4,1.52,-5.18,1.9,1.58,,,,,,,,
1.39,0.18,0.63,0.48,0.4,1.53,-5.23,,,,,,,,,,
1.38,0.17,0.63,0.48,0.4,1.54,-5.27,,,,,,,,,,
1.37,0.17,0.62,0.49,0.4,1.55,-5.31,,,,,,,,,,
1.36,0.17,0.61,0.49,0.4,1.56,-5.35,,,,,,,,,,
1.35,0.16,0.6,0.5,0.4,1.57,-5.39,,,,,,,,,,
1.34,0.16,0.59,0.51,0.4,1.58,-5.43,,,,,,,,,,
1.33,0.16,0.59,0.51,0.4,1.59,-5.47,,,,,,,,,,
1.32,0.15,0.58,0.52,0.41,1.6,-5.5,,,,,,,,,,
1.31,0.15,0.57,0.52,0.41,1.61,-5.54,,,,,,,,,,
1.3,0.15,0.56,0.53,0.41,1.62,-5.57,1.8,1.55,,,,,,,,
1.29,0.14,0.55,0.54,0.41,1.63,-5.61,,,,,,,,,,
1.28,0.14,0.55,0.54,0.41,1.64,-5.64,,,,,,,,,,
1.27,0.14,0.54,0.55,0.41,1.65,-5.67,,,,,,,,,,
1.26,0.14,0.53,0.56,0.41,1.66,-5.69,,,,,,,,,,
1.26,0.13,0.52,0.56,0.41,1.67,-5.72,,,,,,,,,,
1.25,0.13,0.52,0.57,0.42,1.68,-5.75,,,,,,,,,,
1.24,0.13,0.51,0.58,0.42,1.69,-5.77,,,,,,,,,,
1.23,0.13,0.5,0.58,0.42,1.7,-5.8,,,,,,,,,,
1.22,0.12,0.5,0.59,0.42,1.71,-5.82,,,,,,,,,,
1.21,0.12,0.49,0.6,0.42,1.72,-5.84,1.71,1.52,,,,,,,,
1.2,0.12,0.48,0.6,0.43,1.73,-5.86,,,,,,,,,,
1.19,0.12,0.47,0.61,0.43,1.74,-5.88,,,,,,,,,,
1.18,0.12,0.47,0.62,0.43,1.75,-5.9,,,,,,,,,,
1.17,0.11,0.46,0.63,0.43,1.76,-5.91,,,,,,,,,,
1.16,0.11,0.45,0.63,0.44,1.77,-5.93,,,,,,,,,,
1.15,0.11,0.45,0.64,0.44,1.78,-5.94,,,,,,,,,,
1.14,0.11,0.44,0.65,0.44,1.79,-5.95,,,,,,,,,,
1.13,0.11,0.43,0.66,0.45,1.8,-5.96,,,,,,,,,,
1.12,0.11,0.43,0.66,0.45,1.81,-5.97,,,,,,,,,,
1.11,0.11,0.42,0.67,0.45,1.82,-5.98,1.61,1.51,,,,,,,,
1.1,0.1,0.42,0.68,0.45,1.83,-5.99,,,,,,,,,,
1.09,0.1,0.41,0.69,0.46,1.83,-6.0,,,,,,,,,,
1.08,0.1,0.4,0.7,0.46,1.84,-6.0,,,,,,,,,,
1.07,0.1,0.4,0.7,0.46,1.85,-6.01,,,,,,,,,,
1.06,0.1,0.39,0.71,0.47,1.86,-6.01,,,,,,,,,,
1.05,0.1,0.39,0.72,0.47,1.87,-6.01,,,,,,,,,,
1.04,0.1,0.38,0.73,0.48,1.88,-6.01,,,,,,,,,,
1.03,0.1,0.37,0.74,0.48,1.89,-6.01,,,,,,,,,,
1.02,0.1,0.37,0.74,0.48,1.9,-6.01,,,,,,,,,,
1.01,0.1,0.36,0.75,0.49,1.91,-6.0,1.51,1.5,,,,,,,,
1.0,0.1,0.36,0.76,0.49,1.92,-6.0,,,,,,,,,,
0.99,0.1,0.35,0.77,0.5,1.93,-5.99,,,,,,,,,,
0.98,0.1,0.35,0.78,0.5,1.94,-5.99,,,,,,,,,,
0.97,0.1,0.34,0.79,0.5,1.95,-5.98,,,,,,,,,,
0.96,0.1,0.34,0.8,0.51,1.95,-5.97,,,,,,,,,,
0.95,0.1,0.33,0.8,0.51,1.96,-5.96,,,,,,,,,,
0.94,0.1,0.33,0.81,0.52,1.97,-5.95,,,,,,,,,,
0.93,0.1,0.32,0.82,0.52,1.98,-5.93,,,,,,,,,,
0.92,0.1,0.32,0.83,0.53,1.99,-5.92,,,,,,,,,,
0.91,0.1,0.31,0.84,0.53,2.0,-5.9,1.41,1.5,,,,,,,,
0.9,0.11,0.31,0.85,0.54,2.01,-5.89,,,,,,,,,,
0.89,0.11,0.3,0.86,0.54,2.02,-5.87,,,,,,,,,,
0.88,0.11,0.3,0.87,0.55,2.02,-5.85,,,,,,,,,,
0.87,0.11,0.29,0.88,0.55,2.03,-5.83,,,,,,,,,,
0.86,0.11,0.29,0.88,0.56,2.04,-5.81,,,,,,,,,,
0.85,0.11,0.29,0.89,0.56,2.05,-5.79,,,,,,,,,,
0.84,0.11,0.28,0.9,0.57,2.06,-5.76,,,,,,,,,,
0.83,0.11,0.28,0.91,0.58,2.07,-5.74,,,,,,,,,,
0.82,0.12,0.27,0.92,0.58,2.07,-5.71,,,,,,,,,,
0.81,0.12,0.27,0.93,0.59,2.08,-5.69,1.31,1.52,,,,,,,,
0.8,0.12,0.27,0.94,0.59,2.09,-5.66,,,,,,,,,,
0.79,0.12,0.26,0.95,0.6,2.1,-5.63,,,,,,,,,,
0.78,0.12,0.26,0.96,0.6,2.11,-5.6,,,,,,,,,,
0.77,0.13,0.26,0.97,0.61,2.11,-5.57,,,,,,,,,,
0.76,0.13,0.25,0.98,0.62,2.12,-5.54,,,,,,,,,,
0.75,0.13,0.25,0.99,0.62,2.13,-5.5,,,,,,,,,,
0.74,0.13,0.25,1.0,0.63,2.14,-5.47,,,,,,,,,,
0.73,0.14,0.24,1.01,0.64,2.15,-5.43,,,,,,,,,,
0.72,0.14,0.24,1.02,0.64,2.15,-5.4,,,,,,,,,,
0.71,0.14,0.24,1.02,0.65,2.16,-5.36,1.21,1.54,24.71,24.54,25.04,26.22,0.97,4.86,80.21,87.15
0.7,0.15,0.24,1.03,0.66,2.17,-5.32,,,,,,,,,,
0.69,0.15,0.23,1.04,0.66,2.18,-5.28,,,,,,,,,,
0.68,0.15,0.23,1.05,0.67,2.18,-5.24,,,,,,,,,,
0.67,0.15,0.23,1.06,0.68,2.19,-5.2,,,,,,,,,,
0.66,0.16,0.23,1.07,0.68,2.2,-5.16,,,,,,,,,,
0.66,0.16,0.22,1.08,0.69,2.2,-5.11,,,,,,,,,,
0.65,0.16,0.22,1.09,0.7,2.21,-5.07,,,,,,,,,,
0.64,0.17,0.22,1.1,0.7,2.22,-5.02,,,,,,,,,,
0.63,0.17,0.22,1.11,0.71,2.23,-4.98,,,,,,,,,,
0.62,0.18,0.22,1.12,0.72,2.23,-4.93,1.12,1.58,,,,,,,,
0.61,0.18,0.21,1.13,0.73,2.24,-4.88,,,,,,,,,,
0.6,0.18,0.21,1.14,0.73,2.25,-4.83,,,,,,,,,,
0.59,0.19,0.21,1.15,0.74,2.25,-4.78,,,,,,,,,,
0.58,0.19,0.21,1.16,0.75,2.26,-4.73,,,,,,,,,,
0.57,0.2,0.21,1.17,0.76,2.27,-4.67,,,,,,,,,,
0.56,0.2,0.21,1.18,0.76,2.27,-4.62,,,,,,,,,,
0.55,0.2,0.21,1.19,0.77,2.28,-4.57,,,,,,,,,,
0.55,0.21,0.2,1.2,0.78,2.28,-4.51,,,,,,,,,,
0.54,0.21,0.2,1.21,0.79,2.29,-4.45,,,,,,,,,,
0.53,0.22,0.2,1.22,0.8,2.3,-4.4,1.03,1.62,,,,,,,,
0.52,0.22,0.2,1.23,0.8,2.3,-4.34,,,,,,,,,,
0.51,0.23,0.2,1.24,0.81,2.31,-4.28,,,,,,,,,,
0.5,0.23,0.2,1.25,0.82,2.31,-4.22,,,,,,,,,,
0.49,0.24,0.2,1.26,0.83,2.32,-4.16,,,,,,,,,,
0.48,0.24,0.2,1.27,0.84,2.33,-4.1,,,,,,,,,,
0.48,0.25,0.2,1.28,0.84,2.33,-4.03,,,,,,,,,,
0.47,0.25,0.2,1.29,0.85,2.34,-3.97,,,,,,,,,,
0.46,0.26,0.2,1.3,0.86,2.34,-3.91,,,,,,,,,,
0.45,0.26,0.2,1.31,0.87,2.35,-3.84,,,,,,,,,,
0.44,0.27,0.2,1.32,0.88,2.35,-3.77,0.94,1.67,,,,,,,,
0.43,0.28,0.2,1.33,0.89,2.36,-3.71,,,,,,,,,,
0.43,0.28,0.2,1.34,0.89,2.36,-3.64,,,,,,,,,,
0.42,0.29,0.2,1.35,0.9,2.37,-3.57,,,,,,,,,,
0.41,0.29,0.2,1.36,0.91,2.37,-3.5,,,,,,,,,,
0.4,0.3,0.2,1.37,0.92,2.38,-3.43,,,,,,,,,,
0.39,0.31,0.2,1.38,0.93,2.38,-3.36,,,,,,,,,,
0.39,0.31,0.2,1.39,0.94,2.39,-3.29,,,,,,,,,,
0.38,0.32,0.21,1.4,0.95,2.39,-3.21,,,,,,,,,,
0.37,0.32,0.21,1.41,0.96,2.4,-3.14,,,,,,,,,,
0.36,0.33,0.21,1.42,0.97,2.4,-3.07,0.86,1.73,,,,,,,,
0.35,0.34,0.21,1.43,0.97,2.4,-2.99,,,,,,,,,,
0.35,0.34,0.21,1.44,0.98,2.41,-2.92,,,,,,,,,,
0.34,0.35,0.21,1.45,0.99,2.41,-2.84,,,,,,,,,,
0.33,0.36,0.21,1.46,1.0,2.42,-2.76,,,,,,,,,,
0.32,0.36,0.21,1.47,1.01,2.42,-2.68,,,,,,,,,,
0.32,0.37,0.22,1.48,1.02,2.43,-2.61,,,,,,,,,,
0.31,0.38,0.22,1.49,1.03,2.43,-2.53,,,,,,,,,,
0.3,0.38,0.22,1.5,1.04,2.43,-2.45,,,,,,,,,,
0.3,0.39,0.22,1.51,1.05,2.44,-2.37,,,,,,,,,,
0.29,0.4,0.22,1.52,1.06,2.44,-2.28,0.79,1.8,,,,,,,,
0.28,0.4,0.23,1.53,1.07,2.44,-2.2,,,,,,,,,,
0.27,0.41,0.23,1.54,1.08,2.45,-2.12,,,,,,,,,,
0.27,0.42,0.23,1.55,1.09,2.45,-2.04,,,,,,,,,,
0.26,0.43,0.23,1.56,1.1,2.45,-1.95,,,,,,,,,,
0.25,0.43,0.24,1.57,1.1,2.46,-1.87,,,,,,,,,,
0.25,0.44,0.24,1.58,1.11,2.46,-1.78,,,,,,,,,,
0.24,0.45,0.24,1.59,1.12,2.46,-1.7,,,,,,,,,,
0.23,0.46,0.25,1.6,1.13,2.46,-1.61,,,,,,,,,,
0.23,0.46,0.25,1.61,1.14,2.47,-1.52,,,,,,,,,,
0.22,0.47,0.25,1.62,1.15,2.47,-1.43,0.72,1.87,,,,,,,,
0.22,0.48,0.25,1.63,1.16,2.47,-1.35,,,,,,,,,,
0.21,0.49,0.26,1.63,1.17,2.47,-1.26,,,,,,,,,,
0.2,0.5,0.26,1.64,1.18,2.48,-1.17,,,,,,,,,,
0.2,0.5,0.26,1.65,1.19,2.48,-1.08,,,,,,,,,,
0.19,0.51,0.27,1.66,1.2,2.48,-0.99,,,,,,,,,,
0.19,0.52,0.27,1.67,1.21,2.48,-0.9,,,,,,,,,,
0.18,0.53,0.28,1.68,1.22,2.48,-0.8,,,,,,,,,,
0.17,0.54,0.28,1.69,1.23,2.49,-0.71,,,,,,,,,,
0.17,0.54,0.28,1.7,1.24,2.49,-0.62,,,,,,,,,,
0.16,0.55,0.29,1.71,1.25,2.49,-0.52,0.66,1.95,,,,,,,,
0.16,0.56,0.29,1.72,1.26,2.49,-0.43,,,,,,,,,,
0.15,0.57,0.3,1.73,1.27,2.49,-0.34,,,,,,,,,,
0.15,0.58,0.3,1.74,1.28,2.49,-0.24,,,,,,,,,,
0.14,0.59,0.3,1.75,1.29,2.49,-0.15,,,,,,,,,,
0.14,0.6,0.31,1.75,1.3,2.5,-0.05,,,,,,,,,,
0.13,0.6,0.31,1.76,1.31,2.5,0.05,,,,,,,,,,
0.13,0.61,0.32,1.77,1.32,2.5,0.14,,,,,,,,,,
0.12,0.62,0.32,1.78,1.33,2.5,0.24,,,,,,,,,,
0.12,0.63,0.33,1.79,1.34,2.5,0.34,,,,,,,,,,
0.11,0.64,0.33,1.8,1.35,2.5,0.44,0.61,2.04,,,,,,,,
0.11,0.65,0.34,1.81,1.36,2.5,0.54,,,,,,,,,,
0.1,0.66,0.34,1.82,1.37,2.5,0.63,,,,,,,,,,
0.1,0.67,0.35,1.82,1.38,2.5,0.73,,,,,,,,,,
0.09,0.68,0.35,1.83,1.39,2.5,0.83,,,,,,,,,,
0.09,0.68,0.36,1.84,1.4,2.5,0.93,,,,,,,,,,
0.09,0.69,0.36,1.85,1.41,2.5,1.04,,,,,,,,,,
0.08,0.7,0.37,1.86,1.42,2.5,1.14,,,,,,,,,,
0.08,0.71,0.38,1.87,1.43,2.5,1.24,,,,,,,,,,
0.07,0.72,0.38,1.87,1.44,2.5,1.34,,,,,,,,,,
0.07,0.73,0.39,1.88,1.45,2.5,1.44,0.57,2.13,,,,,,,,
0.07,0.74,0.39,1.89,1.46,2.5,1.54,,,,,,,,,,
0.06,0.75,0.4,1.9,1.47,2.5,1.65,,,,,,,,,,
0.06,0.76,0.4,1.91,1.48,2.5,1.75,,,,,,,,,,
0.06,0.77,0.41,1.91,1.49,2.5,1.85,,,,,,,,,,
0.05,0.78,0.42,1.92,1.5,2.49,1.96,,,,,,,,,,
0.05,0.79,0.42,1.93,1.51,2.49,2.06,,,,,,,,,,
0.05,0.8,0.43,1.94,1.52,2.49,2.17,,,,,,,,,,
0.04,0.81,0.44,1.95,1.53,2.49,2.27,,,,,,,,,,
0.04,0.82,0.44,1.95,1.54,2.49,2.38,,,,,,,,,,
0.04,0.82,0.45,1.96,1.55,2.49,2.48,0.54,2.22,24.04,25.22,25.25,27.16,0.9,4.52,83.62,86.1
0.04,0.83,0.46,1.97,1.56,2.49,2.59,,,,,,,,,,
0.03,0.84,0.46,1.98,1.57,2.49,2.69,,,,,,,,,,
0.03,0.85,0.47,1.98,1.58,2.48,2.8,,,,,,,,,,
0.03,0.86,0.48,1.99,1.59,2.48,2.91,,,,,,,,,,
0.03,0.87,0.48,2.0,1.6,2.48,3.01,,,,,,,,,,
0.02,0.88,0.49,2.0,1.61,2.48,3.12,,,,,,,,,,
0.02,0.89,0.5,2.01,1.62,2.48,3.23,,,,,,,,,,
0.02,0.9,0.5,2.02,1.63,2.47,3.33,,,,,,,,,,
0.02,0.91,0.51,2.03,1.64,2.47,3.44,,,,,,,,,,
0.02,0.92,0.52,2.03,1.65,2.47,3.55,0.52,2.32,,,,,,,,
0.01,0.93,0.53,2.04,1.66,2.47,3.66,,,,,,,,,,
0.01,0.94,0.53,2.05,1.67,2.46,3.77,,,,,,,,,,
0.01,0.95,0.54,2.05,1.68,2.46,3.87,,,,,,,,,,
0.01,0.96,0.55,2.06,1.69,2.46,3.98,,,,,,,,,,
0.01,0.97,0.56,2.07,1.7,2.46,4.09,,,,,,,,,,
0.01,0.98,0.56,2.07,1.71,2.45,4.2,,,,,,,,,,
0.01,0.99,0.57,2.08,1.71,2.45,4.31,,,,,,,,,,
0.0,1.0,0.58,2.08,1.72,2.45,4.42,,,,,,,,,,
0.0,1.01,0.59,2.09,1.73,2.44,4.53,,,,,,,,,,
0.0,1.02,0.6,2.1,1.74,2.44,4.64,0.5,2.42,,,,,,,,
0.0,1.03,0.6,2.1,1.75,2.44,4.75,,,,,,,,,,
0.0,1.04,0.61,2.11,1.76,2.43,4.85,,,,,,,,,,
0.0,1.05,0.62,2.11,1.77,2.43,4.96,,,,,,,,,,
0.0,1.06,0.63,2.12,1.78,2.42,5.07,,,,,,,,,,
0.0,1.07,0.64,2.13,1.79,2.42,5.18,,,,,,,,,,
0.0,1.08,0.64,2.13,1.8,2.42,5.29,,,,,,,,,,
0.0,1.09,0.65,2.14,1.81,2.41,5.4,,,,,,,,,,
0.0,1.1,0.66,2.14,1.82,2.41,5.51,,,,,,,,,,
0.0,1.11,0.67,2.15,1.83,2.4,5.62,,,,,,,,,,
0.0,1.12,0.68,2.15,1.84,2.4,5.73,0.5,2.52,,,,,,,,
0.0,1.13,0.69,2.16,1.84,2.4,5.84,,,,,,,,,,
0.0,1.14,0.69,2.16,1.85,2.39,5.95,,,,,,,,,,
0.0,1.15,0.7,2.17,1.86,2.39,6.06,,,,,,,,,,
0.0,1.16,0.71,2.17,1.87,2.38,6.17,,,,,,,,,,
0.0,1.17,0.72,2.18,1.88,2.38,6.28,,,,,,,,,,
0.0,1.18,0.73,2.18,1.89,2.37,6.39,,,,,,,,,,
0.0,1.19,0.74,2.19,1.9,2.37,6.5,,,,,,,,,,
0.01,1.2,0.75,2.19,1.91,2.36,6.61,,,,,,,,,,
0.01,1.21,0.76,2.2,1.91,2.36,6.72,,,,,,,,,,
0.01,1.22,0.77,2.2,1.92,2.35,6.83,0.51,2.62,,,,,,,,
0.01,1.23,0.77,2.2,1.93,2.35,6.94,,,,,,,,,,
0.01,1.24,0.78,2.21,1.94,2.34,7.05,,,,,,,,,,
0.01,1.25,0.79,2.21,1.95,2.34,7.16,,,,,,,,,,
0.01,1.26,0.8,2.22,1.96,2.33,7.27,,,,,,,,,,
0.01,1.27,0.81,2.22,1.97,2.33,7.38,,,,,,,,,,
0.02,1.28,0.82,2.23,1.97,2.32,7.49,,,,,,,,,,
0.02,1.29,0.83,2.23,1.98,2.31,7.6,,,,,,,,,,
0.02,1.3,0.84,2.23,1.99,2.31,7.71,,,,,,,,,,
0.02,1.31,0.85,2.24,2.0,2.3,7.82,,,,,,,,,,
0.02,1.32,0.86,2.24,2.01,2.3,7.93,0.52,2.72,,,,,,,,
0.03,1.33,0.87,2.24,2.01,2.29,8.04,,,,,,,,,,
0.03,1.34,0.88,2.25,2.02,2.28,8.15,,,,,,,,,,
0.03,1.35,0.89,2.25,2.03,2.28,8.26,,,,,,,,,,
0.03,1.36,0.9,2.25,2.04,2.27,8.37,,,,,,,,,,
0.04,1.37,0.9,2.26,2.04,2.26,8.48,,,,,,,,,,
0.04,1.38,0.91,2.26,2.05,2.26,8.58,,,,,,,,,,
0.04,1.39,0.92,2.26,2.06,2.25,8.69,,,,,,,,,,
0.05,1.4,0.93,2.26,2.07,2.24,8.8,,,,,,,,,,
0.05,1.41,0.94,2.27,2.07,2.24,8.91,,,,,,,,,,
0.05,1.42,0.95,2.27,2.08,2.23,9.01,0.55,2.82,,,,,,,,
0.05,1.43,0.96,2.27,2.09,2.22,9.12,,,,,,,,,,
0.06,1.43,0.97,2.27,2.1,2.22,9.23,,,,,,,,,,
0.06,1.44,0.98,2.28,2.1,2.21,9.34,,,,,,,,,,
0.06,1.45,0.99,2.28,2.11,2.2,9.44,,,,,,,,,,
0.07,1.46,1.0,2.28,2.12,2.2,9.55,,,,,,,,,,
0.07,1.47,1.01,2.28,2.12,2.19,9.66,,,,,,,,,,
0.08,1.48,1.02,2.28,2.13,2.18,9.76,,,,,,,,,,
0.08,1.49,1.03,2.29,2.14,2.17,9.87,,,,,,,,,,
0.08,1.5,1.04,2.29,2.14,2.17,9.97,,,,,,,,,,
0.09,1.51,1.05,2.29,2.15,2.16,10.08,0.59,2.91,,,,,,,,
0.09,1.52,1.06,2.29,2.16,2.15,10.18,,,,,,,,,,
0.1,1.53,1.07,2.29,2.16,2.14,10.29,,,,,,,,,,
0.1,1.54,1.08,2.29,2.17,2.14,10.39,,,,,,,,,,
0.1,1.55,1.09,2.29,2.18,2.13,10.49,,,,,,,,,,
0.11,1.55,1.1,2.3,2.18,2.12,10.6,,,,,,,,,,
0.11,1.56,1.11,2.3,2.19,2.11,10.7,,,,,,,,,,
0.12,1.57,1.12,2.3,2.2,2.11,10.8,,,,,,,,,,
0.12,1.58,1.13,2.3,2.2,2.1,10.91,,,,,,,,,,
0.13,1.59,1.14,2.3,2.21,2.09,11.01,,,,,,,,,,
0.13,1.6,1.15,2.3,2.21,2.08,11.11,0.63,3.0,,,,,,,,
0.14,1.61,1.16,2.3,2.22,2.07,11.21,,,,,,,,,,
0.14,1.62,1.17,2.3,2.23,2.06,11.31,,,,,,,,,,
0.15,1.62,1.18,2.3,2.23,2.06,11.41,,,,,,,,,,
0.15,1.63,1.19,2.3,2.24,2.05,11.51,,,,,,,,,,
0.16,1.64,1.2,2.3,2.24,2.04,11.61,,,,,,,,,,
0.16,1.65,1.21,2.3,2.25,2.03,11.71,,,,,,,,,,
0.17,1.66,1.22,2.3,2.25,2.02,11.81,,,,,,,,,,
0.18,1.67,1.23,2.3,2.26,2.01,11.91,,,,,,,,,,
0.18,1.67,1.24,2.3,2.26,2.01,12.01,,,,,,,,,,
0.19,1.68,1.25,2.3,2.27,2.0,12.1,0.69,3.08,,,,,,,,
0.19,1.69,1.26,2.3,2.27,1.99,12.2,,,,,,,,,,
0.2,1.7,1.27,2.3,2.28,1.98,12.3,,,,,,,,,,
0.2,1.71,1.28,2.3,2.28,1.97,12.39,,,,,,,,,,
0.21,1.71,1.29,2.3,2.29,1.96,12.49,,,,,,,,,,
0.22,1.72,1.3,2.29,2.29,1.95,12.58,,,,,,,,,,
0.22,1.73,1.31,2.29,2.3,1.94,12.68,,,,,,,,,,
0.23,1.74,1.32,2.29,2.3,1.94,12.77,,,,,,,,,,
0.24,1.75,1.33,2.29,2.3,1.93,12.87,,,,,,,,,,
0.24,1.75,1.34,2.29,2.31,1.92,12.96,,,,,,,,,,
0.25,1.76,1.35,2.29,2.31,1.91,13.05,0.75,3.16,24.25,26.16,26.15,27.49,0.92,4.62,88.3,88.63
0.26,1.77,1.36,2.29,2.32,1.9,13.14,,,,,,,,,,
0.26,1.78,1.37,2.29,2.32,1.89,13.24,,,,,,,,,,
0.27,1.78,1.38,2.28,2.32,1.88,13.33,,,,,,,,,,
0.28,1.79,1.39,2.28,2.33,1.87,13.42,,,,,,,,,,
0.28,1.8,1.4,2.28,2.33,1.86,13.51,,,,,,,,,,
0.29,1.8,1.41,2.28,2.34,1.85,13.59,,,,,,,,,,
0.3,1.81,1.42,2.28,2.34,1.84,13.68,,,,,,,,,,
0.3,1.82,1.43,2.27,2.34,1.83,13.77,,,,,,,,,,
0.31,1.83,1.44,2.27,2.35,1.82,13.86,,,,,,,,,,
0.32,1.83,1.45,2.27,2.35,1.81,13.94,0.82,3.23,,,,,,,,
0.33,1.84,1.46,2.27,2.35,1.81,14.03,,,,,,,,,,
0.33,1.85,1.47,2.26,2.36,1.8,14.12,,,,,,,,,,
0.34,1.85,1.48,2.26,2.36,1.79,14.2,,,,,,,,,,
0.35,1.86,1.49,2.26,2.36,1.78,14.28,,,,,,,,,,
0.36,1.87,1.5,2.26,2.36,1.77,14.37,,,,,,,,,,
0.36,1.87,1.51,2.25,2.37,1.76,14.45,,,,,,,,,,
0.37,1.88,1.51,2.25,2.37,1.75,14.53,,,,,,,,,,
0.38,1.88,1.52,2.25,2.37,1.74,14.61,,,,,,,,,,
0.39,1.89,1.53,2.24,2.37,1.73,14.69,,,,,,,,,,
0.4,1.9,1.54,2.24,2.38,1.72,14.77,0.9,3.3,,,,,,,,
0.4,1.9,1.55,2.24,2.38,1.71,14.85,,,,,,,,,,
0.41,1.91,1.56,2.23,2.38,1.7,14.93,,,,,,,,,,
0.42,1.91,1.57,2.23,2.38,1.69,15.01,,,,,,,,,,
0.43,1.92,1.58,2.22,2.38,1.68,15.08,,,,,,,,,,
0.44,1.93,1.59,2.22,2.39,1.67,15.16,,,,,,,,,,
0.44,1.93,1.6,2.22,2.39,1.66,15.23,,,,,,,,,,
0.45,1.94,1.61,2.21,2.39,1.65,15.31,,,,,,,,,,
0.46,1.94,1.62,2.21,2.39,1.64,15.38,,,,,,,,,,
0.47,1.95,1.63,2.2,2.39,1.63,15.45,,,,,,,,,,
0.48,1.95,1.64,2.2,2.39,1.62,15.53,0.98,3.35,,,,,,,,
0.49,1.96,1.64,2.2,2.39,1.61,15.6,,,,,,,,,,
0.49,1.96,1.65,2.19,2.39,1.6,15.67,,,,,,,,,,
0.5,1.97,1.66,2.19,2.4,1.59,15.74,,,,,,,,,,
0.51,1.97,1.67,2.18,2.4,1.58,15.81,,,,,,,,,,
0.52,1.98,1.68,2.18,2.4,1.57,15.87,,,,,,,,,,
0.53,1.98,1.69,2.17,2.4,1.56,15.94,,,,,,,,,,
0.54,1.99,1.7,2.17,2.4,1.55,16.01,,,,,,,,,,
0.55,1.99,1.71,2.16,2.4,1.54,16.07,,,,,,,,,,
0.56,2.0,1.71,2.16,2.4,1.53,16.14,,,,,,,,,,
0.57,2.0,1.72,2.15,2.4,1.52,16.2,1.07,3.4,,,,,,,,
0.57,2.0,1.73,2.15,2.4,1.51,16.26,,,,,,,,,,
0.58,2.01,1.74,2.14,2.4,1.5,16.32,,,,,,,,,,
0.59,2.01,1.75,2.14,2.4,1.49,16.38,,,,,,,,,,
0.6,2.02,1.76,2.13,2.4,1.48,16.44,,,,,,,,,,
0.61,2.02,1.77,2.13,2.4,1.47,16.5,,,,,,,,,,
0.62,2.03,1.77,2.12,2.4,1.46,16.56,,,,,,,,,,
0.63,2.03,1.78,2.11,2.4,1.45,16.62,,,,,,,,,,
0.64,2.03,1.79,2.11,2.4,1.44,16.67,,,,,,,,,,
0.65,2.04,1.8,2.1,2.4,1.43,16.73,,,,,,,,,,
0.66,2.04,1.81,2.1,2.4,1.42,16.78,1.16,3.44,,,,,,,,
0.67,2.04,1.81,2.09,2.4,1.41,16.83,,,,,,,,,,
0.68,2.05,1.82,2.08,2.4,1.4,16.89,,,,,,,,,,
0.69,2.05,1.83,2.08,2.39,1.39,16.94,,,,,,,,,,
0.7,2.05,1.84,2.07,2.39,1.38,16.99,,,,,,,,,,
0.7,2.06,1.84,2.06,2.39,1.37,17.04,,,,,,,,,,
0.71,2.06,1.85,2.06,2.39,1.36,17.08,,,,,,,,,,
0.72,2.06,1.86,2.05,2.39,1.35,17.13,,,,,,,,,,
0.73,2.06,1.87,2.04,2.39,1.34,17.18,,,,,,,,,,
0.74,2.07,1.87,2.04,2.39,1.33,17.22,,,,,,,,,,
0.75,2.07,1.88,2.03,2.38,1.32,17.27,1.25,3.47,,,,,,,,
0.76,2.07,1.89,2.02,2.38,1.31,17.31,,,,,,,,,,
0.77,2.07,1.9,2.02,2.38,1.3,17.35,,,,,,,,,,
0.78,2.08,1.9,2.01,2.38,1.29,17.39,,,,,,,,,,
0.79,2.08,1.91,2.0,2.38,1.28,17.43,,,,,,,,,,
0.8,2.08,1.92,2.0,2.37,1.27,17.47,,,,,,,,,,
0.81,2.08,1.92,1.99,2.37,1.26,17.51,,,,,,,,,,
0.82,2.08,1.93,1.98,2.37,1.25,17.54,,,,,,,,,,
0.83,2.09,1.94,1.97,2.37,1.24,17.58,,,,,,,,,,
0.84,2.09,1.94,1.97,2.36,1.23,17.61,,,,,,,,,,
0.85,2.09,1.95,1.96,2.36,1.22,17.64,1.35,3.49,,,,,,,,
0.86,2.09,1.96,1.95,2.36,1.21,17.68,,,,,,,,,,
0.87,2.09,1.96,1.94,2.36,1.2,17.71,,,,,,,,,,
0.88,2.09,1.97,1.94,2.35,1.2,17.74,,,,,,,,,,
0.89,2.09,1.98,1.93,2.35,1.19,17.76,,,,,,,,,,
0.9,2.1,1.98,1.92,2.35,1.18,17.79,,,,,,,,,,
0.91,2.1,1.99,1.91,2.34,1.17,17.82,,,,,,,,,,
0.92,2.1,2.0,1.91,2.34,1.16,17.84,,,,,,,,,,
0.93,2.1,2.0,1.9,2.34,1.15,17.87,,,,,,,,,,
0.94,2.1,2.01,1.89,2.33,1.14,17.89,,,,,,,,,,
0.95,2.1,2.01,1.88,2.33,1.13,17.91,1.45,3.5,,,,,,,,
0.96,2.1,2.02,1.87,2.33,1.12,17.93,,,,,,,,,,
0.97,2.1,2.03,1.86,2.32,1.11,17.95,,,,,,,,,,
0.98,2.1,2.03,1.86,2.32,1.1,17.97,,,,,,,,,,
0.99,2.1,2.04,1.85,2.31,1.09,17.99,,,,,,,,,,
1.0,2.1,2.04,1.84,2.31,1.08,18.0,,,,,,,,,,
1.01,2.1,2.05,1.83,2.3,1.07,18.02,,,,,,,,,,
1.02,2.1,2.05,1.82,2.3,1.07,18.03,,,,,,,,,,
1.03,2.1,2.06,1.81,2.3,1.06,18.04,,,,,,,,,,
1.04,2.1,2.06,1.81,2.29,1.05,18.05,,,,,,,,,,
1.05,2.1,2.07,1.8,2.29,1.04,18.06,1.55,3.5,,,,,,,,
1.06,2.1,2.07,1.79,2.28,1.03,18.07,,,,,,,,,,
1.07,2.1,2.08,1.78,2.28,1.02,18.08,,,,,,,,,,
1.08,2.1,2.08,1.77,2.27,1.01,18.08,,,,,,,,,,
1.09,2.1,2.09,1.76,2.27,1.0,18.09,,,,,,,,,,
1.1,2.09,2.09,1.75,2.26,0.99,18.09,,,,,,,,,,
1.11,2.09,2.1,1.74,2.26,0.99,18.09,,,,,,,,,,
1.12,2.09,2.1,1.74,2.25,0.98,18.09,,,,,,,,,,
1.13,2.09,2.1,1.73,2.25,0.97,18.09,,,,,,,,,,
1.14,2.09,2.11,1.72,2.24,0.96,18.09,,,,,,,,,,
1.15,2.09,2.11,1.71,2.24,0.95,18.09,1.65,3.49,25.15,26.49,26.91,26.91,1.01,5.07,89.94,92.42
1.16,2.09,2.12,1.7,2.23,0.94,18.08,,,,,,,,,,
1.17,2.09,2.12,1.69,2.23,0.94,18.08,,,,,,,,,,
1.18,2.08,2.12,1.68,2.22,0.93,18.07,,,,,,,,,,
1.19,2.08,2.13,1.67,2.21,0.92,18.06,,,,,,,,,,
1.2,2.08,2.13,1.66,2.21,0.91,18.05,,,,,,,,,,
1.21,2.08,2.14,1.65,2.2,0.9,18.04,,,,,,,,,,
1.22,2.08,2.14,1.64,2.2,0.9,18.03,,,,,,,,,,
1.23,2.07,2.14,1.63,2.19,0.89,18.02,,,,,,,,,,
1.24,2.07,2.15,1.62,2.18,0.88,18.01,,,,,,,,,,
1.25,2.07,2.15,1.61,2.18,0.87,17.99,1.75,3.47,,,,,,,,
1.26,2.07,2.15,1.61,2.17,0.86,17.97,,,,,,,,,,
1.27,2.06,2.16,1.6,2.17,0.86,17.95,,,,,,,,,,
1.28,2.06,2.16,1.59,2.16,0.85,17.94,,,,,,,,,,
1.29,2.06,2.16,1.58,2.15,0.84,17.91,,,,,,,,,,
1.3,2.06,2.16,1.57,2.15,0.83,17.89,,,,,,,,,,
1.31,2.05,2.17,1.56,2.14,0.83,17.87,,,,,,,,,,
1.31,2.05,2.17,1.55,2.13,0.82,17.85,,,,,,,,,,
1.32,2.05,2.17,1.54,2.13,0.81,17.82,,,,,,,,,,
1.33,2.04,2.17,1.53,2.12,0.8,17.79,,,,,,,,,,
1.34,2.04,2.18,1.52,2.11,0.8,17.76,1.84,3.44,,,,,,,,
1.35,2.04,2.18,1.51,2.1,0.79,17.74,,,,,,,,,,
1.36,2.03,2.18,1.5,2.1,0.78,17.7,,,,,,,,,,
1.37,2.03,2.18,1.49,2.09,0.78,17.67,,,,,,,,,,
1.38,2.02,2.18,1.48,2.08,0.77,17.64,,,,,,,,,,
1.39,2.02,2.19,1.47,2.08,0.76,17.6,,,,,,,,,,
1.4,2.02,2.19,1.46,2.07,0.76,17.57,,,,,,,,,,
1.41,2.01,2.19,1.45,2.06,0.75,17.53,,,,,,,,,,
1.42,2.01,2.19,1.44,2.05,0.74,17.49,,,,,,,,,,
1.43,2.0,2.19,1.43,2.05,0.74,17.45,,,,,,,,,,
1.44,2.0,2.19,1.42,2.04,0.73,17.41,1.94,3.4,,,,,,,,
1.44,2.0,2.19,1.41,2.03,0.72,17.37,,,,,,,,,,
1.45,1.99,2.19,1.4,2.02,0.72,17.33,,,,,,,,,,
1.46,1.99,2.2,1.39,2.01,0.71,17.28,,,,,,,,,,
1.47,1.98,2.2,1.38,2.01,0.7,17.24,,,,,,,,,,
1.48,1.98,2.2,1.37,2.0,0.7,17.19,,,,,,,,,,
1.49,1.97,2.2,1.36,1.99,0.69,17.14,,,,,,,,,,
1.5,1.97,2.2,1.35,1.98,0.69,17.09,,,,,,,,,,
1.51,1.96,2.2,1.34,1.97,0.68,17.04,,,,,,,,,,
1.51,1.96,2.2,1.33,1.97,0.68,16.99,,,,,,,,,,
1.52,1.95,2.2,1.32,1.96,0.67,16.93,2.02,3.35,,,,,,,,
1.53,1.95,2.2,1.31,1.95,0.66,16.88,,,,,,,,,,
1.54,1.94,2.2,1.3,1.94,0.66,16.82,,,,,,,,,,
1.55,1.94,2.2,1.29,1.93,0.65,16.77,,,,,,,,,,
1.56,1.93,2.2,1.28,1.92,0.65,16.71,,,,,,,,,,
1.57,1.93,2.2,1.27,1.92,0.64,16.65,,,,,,,,,,
1.57,1.92,2.2,1.26,1.91,0.64,16.59,,,,,,,,,,
1.58,1.91,2.2,1.25,1.9,0.63,16.53,,,,,,,,,,
1.59,1.91,2.2,1.24,1.89,0.63,16.46,,,,,,,,,,
1.6,1.9,2.2,1.23,1.88,0.62,16.4,,,,,,,,,,
1.61,1.9,2.2,1.22,1.87,0.62,16.33,2.11,3.3,,,,,,,,
1.61,1.89,2.2,1.21,1.86,0.61,16.27,,,,,,,,,,
1.62,1.88,2.2,1.2,1.85,0.61,16.2,,,,,,,,,,
1.63,1.88,2.19,1.19,1.84,0.6,16.13,,,,,,,,,,
1.64,1.87,2.19,1.18,1.84,0.6,16.06,,,,,,,,,,
1.64,1.86,2.19,1.17,1.83,0.6,15.99,,,,,,,,,,
1.65,1.86,2.19,1.16,1.82,0.59,15.92,,,,,,,,,,
1.66,1.85,2.19,1.15,1.81,0.59,15.84,,,,,,,,,,
1.67,1.84,2.19,1.14,1.8,0.58,15.77,,,,,,,,,,
1.67,1.84,2.19,1.13,1.79,0.58,15.69,,,,,,,,,,
1.68,1.83,2.18,1.12,1.78,0.58,15.62,2.18,3.23,,,,,,,,
1.69,1.82,2.18,1.11,1.77,0.57,15.54,,,,,,,,,,
1.7,1.82,2.18,1.1,1.76,0.57,15.46,,,,,,,,,,
1.7,1.81,2.18,1.09,1.75,0.56,15.38,,,,,,,,,,
1.71,1.8,2.18,1.08,1.74,0.56,15.3,,,,,,,,,,
1.72,1.8,2.17,1.07,1.73,0.56,15.22,,,,,,,,,,
1.72,1.79,2.17,1.06,1.73,0.55,15.13,,,,,,,,,,
1.73,1.78,2.17,1.05,1.72,0.55,15.05,,,,,,,,,,
1.74,1.77,2.17,1.04,1.71,0.55,14.96,,,,,,,,,,
1.74,1.77,2.16,1.03,1.7,0.55,14.88,,,,,,,,,,
1.75,1.76,2.16,1.02,1.69,0.54,14.79,2.25,3.16,,,,,,,,
1.76,1.75,2.16,1.01,1.68,0.54,14.7,,,,,,,,,,
1.76,1.74,2.16,1.0,1.67,0.54,14.61,,,,,,,,,,
1.77,1.74,2.15,1.0,1.66,0.53,14.52,,,,,,,,,,
1.78,1.73,2.15,0.99,1.65,0.53,14.43,,,,,,,,,,
1.78,1.72,2.15,0.98,1.64,0.53,14.33,,,,,,,,,,
1.79,1.71,2.14,0.97,1.63,0.53,14.24,,,,,,,,,,
1.8,1.71,2.14,0.96,1.62,0.52,14.15,,,,,,,,,,
1.8,1.7,2.14,0.95,1.61,0.52,14.05,,,,,,,,,,
1.81,1.69,2.13,0.94,1.6,0.52,13.95,,,,,,,,,,
1.81,1.68,2.13,0.93,1.59,0.52,13.86,2.31,3.08,,,,,,,,
1.82,1.67,2.13,0.92,1.58,0.52,13.76,,,,,,,,,,
1.83,1.66,2.12,0.91,1.57,0.51,13.66,,,,,,,,,,
1.83,1.66,2.12,0.9,1.56,0.51,13.56,,,,,,,,,,
1.84,1.65,2.11,0.89,1.55,0.51,13.46,,,,,,,,,,
1.84,1.64,2.11,0.88,1.54,0.51,13.35,,,,,,,,,,
1.85,1.63,2.1,0.87,1.53,0.51,13.25,,,,,,,,,,
1.85,1.62,2.1,0.87,1.52,0.51,13.15,,,,,,,,,,
1.86,1.61,2.1,0.86,1.51,0.51,13.04,,,,,,,,,,
1.86,1.61,2.09,0.85,1.5,0.51,12.94,,,,,,,,,,
1.87,1.6,2.09,0.84,1.49,0.5,12.83,2.37,3.0,,,,,,,,
1.87,1.59,2.08,0.83,1.48,0.5,12.72,,,,,,,,,,
1.88,1.58,2.08,0.82,1.47,0.5,12.62,,,,,,,,,,
1.88,1.57,2.07,0.81,1.46,0.5,12.51,,,,,,,,,,
1.89,1.56,2.07,0.8,1.45,0.5,12.4,,,,,,,,,,
1.89,1.55,2.06,0.79,1.44,0.5,12.29,,,,,,,,,,
1.9,1.54,2.06,0.79,1.43,0.5,12.18,,,,,,,,,,
1.9,1.54,2.05,0.78,1.42,0.5,12.07,,,,,,,,,,
1.9,1.53,2.05,0.77,1.41,0.5,11.95,,,,,,,,,,
1.91,1.52,2.04,0.76,1.4,0.5,11.84,,,,,,,,,,
1.91,1.51,2.04,0.75,1.39,0.5,11.73,2.41,2.91,25.91,25.91,26.84,25.95,1.09,5.46,87.04,93.99
1.92,1.5,2.03,0.74,1.38,0.5,11.61,,,,,,,,,,
1.92,1.49,2.03,0.74,1.37,0.5,11.5,,,,,,,,,,
1.92,1.48,2.02,0.73,1.36,0.5,11.38,,,,,,,,,,
1.93,1.47,2.01,0.72,1.35,0.5,11.26,,,,,,,,,,
1.93,1.46,2.01,0.71,1.34,0.5,11.15,,,,,,,,,,
1.94,1.45,2.0,0.7,1.33,0.5,11.03,,,,,,,,,,
1.94,1.44,2.0,0.7,1.32,0.5,10.91,,,,,,,,,,
1.94,1.43,1.99,0.69,1.31,0.5,10.79,,,,,,,,,,
1.95,1.42,1.98,0.68,1.3,0.5,10.67,,,,,,,,,,
1.95,1.41,1.98,0.67,1.29,0.51,10.55,2.45,2.81,,,,,,,,
1.95,1.41,1.97,0.66,1.28,0.51,10.43,,,,,,,,,,
1.96,1.4,1.97,0.66,1.27,0.51,10.31,,,,,,,,,,
1.96,1.39,1.96,0.65,1.26,0.51,10.19,,,,,,,,,,
1.96,1.38,1.95,0.64,1.25,0.51,10.07,,,,,,,,,,
1.96,1.37,1.95,0.63,1.24,0.51,9.94,,,,,,,,,,
1.97,1.36,1.94,0.63,1.23,0.51,9.82,,,,,,,,,,
1.97,1.35,1.93,0.62,1.22,0.52,9.7,,,,,,,,,,
1.97,1.34,1.93,0.61,1.21,0.52,9.57,,,,,,,,,,
1.97,1.33,1.92,0.6,1.2,0.52,9.45,,,,,,,,,,
1.98,1.32,1.91,0.6,1.19,0.52,9.32,2.48,2.72,,,,,,,,
1.98,1.31,1.9,0.59,1.18,0.52,9.2,,,,,,,,,,
1.98,1.3,1.9,0.58,1.17,0.53,9.07,,,,,,,,,,
1.98,1.29,1.89,0.58,1.16,0.53,8.95,,,,,,,,,,
1.98,1.28,1.88,0.57,1.15,0.53,8.82,,,,,,,,,,
1.99,1.27,1.88,0.56,1.14,0.53,8.69,,,,,,,,,,
1.99,1.26,1.87,0.56,1.13,0.54,8.57,,,,,,,,,,
1.99,1.25,1.86,0.55,1.12,0.54,8.44,,,,,,,,,,
1.99,1.24,1.85,0.54,1.12,0.54,8.31,,,,,,,,,,
1.99,1.23,1.85,0.54,1.11,0.54,8.18,,,,,,,,,,
1.99,1.22,1.84,0.53,1.1,0.55,8.06,2.49,2.62,,,,,,,,
1.99,1.21,1.83,0.52,1.09,0.55,7.93,,,,,,,,,,
1.99,1.2,1.82,0.52,1.08,0.55,7.8,,,,,,,,,,
2.0,1.19,1.81,0.51,1.07,0.56,7.67,,,,,,,,,,
2.0,1.18,1.81,0.5,1.06,0.56,7.54,,,,,,,,,,
2.0,1.17,1.8,0.5,1.05,0.56,7.41,,,,,,,,,,
2.0,1.16,1.79,0.49,1.04,0.57,7.28,,,,,,,,,,
2.0,1.15,1.78,0.49,1.03,0.57,7.15,,,,,,,,,,
2.0,1.14,1.77,0.48,1.02,0.57,7.02,,,,,,,,,,
2.0,1.13,1.77,0.48,1.01,0.58,6.89,,,,,,,,,,
2.0,1.12,1.76,0.47,1.0,0.58,6.76,2.5,2.52,,,,,,,,
2.0,1.11,1.75,0.46,0.99,0.59,6.63,,,,,,,,,,
2.0,1.1,1.74,0.46,0.98,0.59,6.5,,,,,,,,,,
2.0,1.09,1.73,0.45,0.98,0.59,6.37,,,,,,,,,,
2.0,1.08,1.72,0.45,0.97,0.6,6.24,,,,,,,,,,
2.0,1.07,1.72,0.44,0.96,0.6,6.11,,,,,,,,,,
2.0,1.06,1.71,0.44,0.95,0.61,5.98,,,,,,,,,,
2.0,1.05,1.7,0.43,0.94,0.61,5.85,,,,,,,,,,
2.0,1.04,1.69,0.43,0.93,0.62,5.72,,,,,,,,,,
2.0,1.03,1.68,0.42,0.92,0.62,5.59,,,,,,,,,,
2.0,1.02,1.67,0.42,0.91,0.63,5.46,2.5,2.42,,,,,,,,
2.0,1.01,1.66,0.41,0.9,0.63,5.33,,,,,,,,,,
2.0,1.0,1.65,0.41,0.9,0.64,5.2,,,,,,,,,,
1.99,0.99,1.64,0.4,0.89,0.64,5.08,,,,,,,,,,
1.99,0.98,1.64,0.4,0.88,0.65,4.95,,,,,,,,,,
1.99,0.97,1.63,0.4,0.87,0.65,4.82,,,,,,,,,,
1.99,0.96,1.62,0.39,0.86,0.66,4.69,,,,,,,,,,
1.99,0.95,1.61,0.39,0.85,0.66,4.56,,,,,,,,,,
1.99,0.94,1.6,0.38,0.84,0.67,4.43,,,,,,,,,,
1.99,0.93,1.59,0.38,0.84,0.67,4.3,,,,,,,,,,
1.98,0.92,1.58,0.38,0.83,0.68,4.17,2.48,2.32,,,,,,,,
1.98,0.91,1.57,0.37,0.82,0.69,4.04,,,,,,,,,,
1.98,0.9,1.56,0.37,0.81,0.69,3.92,,,,,,,,,,
1.98,0.89,1.55,0.36,0.8,0.7,3.79,,,,,,,,,,
1.98,0.88,1.54,0.36,0.8,0.7,3.66,,,,,,,,,,
1.97,0.87,1.53,0.36,0.79,0.71,3.53,,,,,,,,,,
1.97,0.86,1.53,0.35,0.78,0.72,3.41,,,,,,,,,,
1.97,0.85,1.52,0.35,0.77,0.72,3.28,,,,,,,,,,
1.97,0.84,1.51,0.35,0.76,0.73,3.15,,,,,,,,,,
1.96,0.83,1.5,0.35,0.76,0.73,3.03,,,,,,,,,,
1.96,0.82,1.49,0.34,0.75,0.74,2.9,2.46,2.22,,,,,,,,
1.96,0.81,1.48,0.34,0.74,0.75,2.78,,,,,,,,,,
1.96,0.8,1.47,0.34,0.73,0.75,2.65,,,,,,,,,,
1.95,0.8,1.46,0.33,0.73,0.76,2.53,,,,,,,,,,
1.95,0.79,1.45,0.33,0.72,0.77,2.41,,,,,,,,,,
1.95,0.78,1.44,0.33,0.71,0.77,2.28,,,,,,,,,,
1.94,0.77,1.43,0.33,0.7,0.78,2.16,,,,,,,,,,
1.94,0.76,1.42,0.32,0.7,0.79,2.04,,,,,,,,,,
1.94,0.75,1.41,0.32,0.69,0.8,1.92,,,,,,,,,,
1.93,0.74,1.4,0.32,0.68,0.8,1.79,,,,,,,,,,
1.93,0.73,1.39,0.32,0.68,0.81,1.67,2.43,2.13,,,,,,,,
1.93,0.72,1.38,0.32,0.67,0.82,1.55,,,,,,,,,,
1.92,0.71,1.37,0.31,0.66,0.82,1.43,,,,,,,,,,
1.92,0.7,1.36,0.31,0.66,0.83,1.31,,,,,,,,,,
1.91,0.69,1.35,0.31,0.65,0.84,1.2,,,,,,,,,,
1.91,0.68,1.34,0.31,0.64,0.85,1.08,,,,,,,,,,
1.9,0.67,1.33,0.31,0.64,0.85,0.96,,,,,,,,,,
1.9,0.67,1.32,0.31,0.63,0.86,0.84,,,,,,,,,,
1.9,0.66,1.31,0.31,0.62,0.87,0.73,,,,,,,,,,
1.89,0.65,1.3,0.31,0.62,0.88,0.61,,,,,,,,,,
1.89,0.64,1.29,0.3,0.61,0.89,0.5,2.39,2.04,,,,,,,,
1.88,0.63,1.28,0.3,0.61,0.89,0.38,,,,,,,,,,
1.88,0.62,1.27,0.3,0.6,0.9,0.27,,,,,,,,,,
1.87,0.61,1.26,0.3,0.59,0.91,0.16,,,,,,,,,,
1.87,0.6,1.25,0.3,0.59,0.92,0.04,,,,,,,,,,
1.86,0.59,1.24,0.3,0.58,0.93,-0.07,,,,,,,,,,
1.86,0.59,1.23,0.3,0.58,0.93,-0.18,,,,,,,,,,
1.85,0.58,1.22,0.3,0.57,0.94,-0.29,,,,,,,,,,
1.85,0.57,1.21,0.3,0.56,0.95,-0.4,,,,,,,,,,
1.84,0.56,1.2,0.3,0.56,0.96,-0.51,,,,,,,,,,
1.84,0.55,1.19,0.3,0.55,0.97,-0.61,2.34,1.95,25.84,24.95,25.99,25.5,1.08,5.42,82.26,91.89
1.83,0.54,1.18,0.3,0.55,0.98,-0.72,,,,,,,,,,
1.83,0.54,1.17,0.3,0.54,0.98,-0.83,,,,,,,,,,
1.82,0.53,1.16,0.3,0.54,0.99,-0.93,,,,,,,,,,
1.81,0.52,1.15,0.3,0.53,1.0,-1.03,,,,,,,,,,
1.81,0.51,1.14,0.3,0.53,1.01,-1.14,,,,,,,,,,
1.8,0.5,1.13,0.3,0.52,1.02,-1.24,,,,,,,,,,
1.8,0.5,1.12,0.3,0.52,1.03,-1.34,,,,,,,,,,
1.79,0.49,1.11,0.3,0.51,1.04,-1.44,,,,,,,,,,
1.78,0.48,1.1,0.3,0.51,1.05,-1.54,,,,,,,,,,
1.78,0.47,1.09,0.31,0.5,1.05,-1.64,2.28,1.87,,,,,,,,
1.77,0.46,1.08,0.31,0.5,1.06,-1.74,,,,,,,,,,
1.77,0.46,1.07,0.31,0.5,1.07,-1.84,,,,,,,,,,
1.76,0.45,1.06,0.31,0.49,1.08,-1.93,,,,,,,,,,
1.75,0.44,1.05,0.31,0.49,1.09,-2.03,,,,,,,,,,
1.75,0.43,1.04,0.31,0.48,1.1,-2.12,,,,,,,,,,
1.74,0.43,1.03,0.31,0.48,1.11,-2.22,,,,,,,,,,
1.73,0.42,1.02,0.32,0.48,1.12,-2.31,,,,,,,,,,
1.73,0.41,1.01,0.32,0.47,1.13,-2.4,,,,,,,,,,
1.72,0.4,1.0,0.32,0.47,1.14,-2.49,,,,,,,,,,
1.71,0.4,0.99,0.32,0.46,1.15,-2.58,2.21,1.8,,,,,,,,
1.7,0.39,0.98,0.32,0.46,1.16,-2.67,,,,,,,,,,
1.7,0.38,0.97,0.33,0.46,1.16,-2.76,,,,,,,,,,
1.69,0.38,0.96,0.33,0.45,1.17,-2.84,,,,,,,,,,
1.68,0.37,0.95,0.33,0.45,1.18,-2.93,,,,,,,,,,
1.68,0.36,0.94,0.33,0.45,1.19,-3.01,,,,,,,,,,
1.67,0.36,0.93,0.34,0.45,1.2,-3.1,,,,,,,,,,
1.66,0.35,0.92,0.34,0.44,1.21,-3.18,,,,,,,,,,
1.65,0.34,0.92,0.34,0.44,1.22,-3.26,,,,,,,,,,
1.65,0.34,0.91,0.34,0.44,1.23,-3.34,,,,,,,,,,
1.64,0.33,0.9,0.35,0.43,1.24,-3.42,2.14,1.73,,,,,,,,
1.63,0.32,0.89,0.35,0.43,1.25,-3.5,,,,,,,,,,
1.62,0.32,0.88,0.35,0.43,1.26,-3.57,,,,,,,,,,
1.61,0.31,0.87,0.36,0.43,1.27,-3.65,,,,,,,,,,
1.61,0.3,0.86,0.36,0.42,1.28,-3.72,,,,,,,,,,
1.6,0.3,0.85,0.36,0.42,1.29,-3.8,,,,,,,,,,
1.59,0.29,0.84,0.37,0.42,1.3,-3.87,,,,,,,,,,
1.58,0.29,0.83,0.37,0.42,1.31,-3.94,,,,,,,,,,
1.57,0.28,0.82,0.37,0.42,1.32,-4.01,,,,,,,,,,
1.57,0.28,0.81,0.38,0.41,1.33,-4.08,,,,,,,,,,
1.56,0.27,0.8,0.38,0.41,1.34,-4.15,2.06,1.67,,,,,,,,
1.55,0.26,0.79,0.39,0.41,1.35,-4.21,,,,,,,,,,
1.54,0.26,0.78,0.39,0.41,1.36,-4.28,,,,,,,,,,
1.53,0.25,0.78,0.39,0.41,1.37,-4.34,,,,,,,,,,
1.52,0.25,0.77,0.4,0.41,1.38,-4.41,,,,,,,,,,
1.52,0.24,0.76,0.4,0.41,1.39,-4.47,,,,,,,,,,
1.51,0.24,0.75,0.41,0.41,1.4,-4.53,,,,,,,,,,
1.5,0.23,0.74,0.41,0.4,1.41,-4.59,,,,,,,,,,
1.49,0.23,0.73,0.42,0.4,1.42,-4.65,,,,,,,,,,
1.48,0.22,0.72,0.42,0.4,1.43,-4.71,,,,,,,,,,
1.47,0.22,0.71,0.43,0.4,1.44,-4.76,1.97,1.62,,,,,,,,
1.46,0.21,0.7,0.43,0.4,1.45,-4.82,,,,,,,,,,
1.45,0.21,0.7,0.44,0.4,1.46,-4.87,,,,,,,,,,
1.44,0.2,0.69,0.44,0.4,1.47,-4.92,,,,,,,,,,
1.44,0.2,0.68,0.45,0.4,1.48,-4.97,,,,,,,,,,
1.43,0.2,0.67,0.45,0.4,1.49,-5.02,,,,,,,,,,
1.42,0.19,0.66,0.46,0.4,1.5,-5.07,,,,,,,,,,
1.41,0.19,0.65,0.46,0.4,1.51,-5.12,,,,,,,,,,
1.4,0.18,0.64,0.47,0.4,1.52,-5.17,,,,,,,,,,
1.39,0.18,0.64,0.47,0.4,1.53,-5.21,,,,,,,,,,
1.38,0.18,0.63,0.48,0.4,1.54,-5.26,1.88,1.58,,,,,,,,
1.37,0.17,0.62,0.49,0.4,1.55,-5.3,,,,,,,,,,
1.36,0.17,0.61,0.49,0.4,1.56,-5.34,,,,,,,,,,
1.35,0.16,0.6,0.5,0.4,1.57,-5.38,,,,,,,,,,
1.34,0.16,0.6,0.5,0.4,1.58,-5.42,,,,,,,,,,
1.33,0.16,0.59,0.51,0.4,1.59,-5.46,,,,,,,,,,
1.33,0.15,0.58,0.52,0.4,1.6,-5.49,,,,,,,,,,
1.32,0.15,0.57,0.52,0.41,1.61,-5.53,,,,,,,,,,
1.31,0.15,0.56,0.53,0.41,1.62,-5.56,,,,,,,,,,
1.3,0.15,0.56,0.53,0.41,1.63,-5.59,,,,,,,,,,
1.29,0.14,0.55,0.54,0.41,1.64,-5.63,1.79,1.54,,,,,,,,
1.28,0.14,0.54,0.55,0.41,1.65,-5.66,,,,,,,,,,
1.27,0.14,0.53,0.55,0.41,1.66,-5.69,,,,,,,,,,
1.26,0.13,0.53,0.56,0.41,1.67,-5.71,,,,,,,,,,
1.25,0.13,0.52,0.57,0.42,1.68,-5.74,,,,,,,,,,
1.24,0.13,0.51,0.57,0.42,1.69,-5.77,,,,,,,,,,
1.23,0.13,0.5,0.58,0.42,1.7,-5.79,,,,,,,,,,
1.22,0.12,0.5,0.59,0.42,1.71,-5.81,,,,,,,,,,
1.21,0.12,0.49,0.6,0.42,1.72,-5.83,,,,,,,,,,
1.2,0.12,0.48,0.6,0.43,1.73,-5.85,,,,,,,,,,
1.19,0.12,0.48,0.61,0.43,1.74,-5.87,1.69,1.52,,,,,,,,
1.18,0.12,0.47,0.62,0.43,1.75,-5.89,,,,,,,,,,
1.17,0.11,0.46,0.62,0.43,1.76,-5.91,,,,,,,,,,
1.16,0.11,0.46,0.63,0.44,1.76,-5.92,,,,,,,,,,
1.15,0.11,0.45,0.64,0.44,1.77,-5.94,,,,,,,,,,
1.14,0.11,0.44,0.65,0.44,1.78,-5.95,,,,,,,,,,
1.13,0.11,0.44,0.65,0.44,1.79,-5.96,,,,,,,,,,
1.12,0.11,0.43,0.66,0.45,1.8,-5.97,,,,,,,,,,
1.11,0.11,0.42,0.67,0.45,1.81,-5.98,,,,,,,,,,
1.1,0.11,0.42,0.68,0.45,1.82,-5.99,,,,,,,,,,
1.09,0.1,0.41,0.69,0.46,1.83,-6.0,1.59,1.5,,,,,,,,
1.08,0.1,0.41,0.69,0.46,1.84,-6.0,,,,,,,,,,
1.07,0.1,0.4,0.7,0.46,1.85,-6.01,,,,,,,,,,
1.06,0.1,0.39,0.71,0.47,1.86,-6.01,,,,,,,,,,
1.05,0.1,0.39,0.72,0.47,1.87,-6.01,,,,,,,,,,
1.04,0.1,0.38,0.73,0.47,1.88,-6.01,,,,,,,,,,
1.03,0.1,0.38,0.73,0.48,1.89,-6.01,,,,,,,,,,
1.02,0.1,0.37,0.74,0.48,1.9,-6.01,,,,,,,,,,
1.01,0.1,0.36,0.75,0.49,1.91,-6.0,,,,,,,,,,
1.0,0.1,0.36,0.76,0.49,1.92,-6.0,,,,,,,,,,
0.99,0.1,0.35,0.77,0.49,1.92,-6.0,1.49,1.5,24.99,24.5,25.15,25.97,1.0,5.0,80.0,88.05
0.98,0.1,0.35,0.78,0.5,1.93,-5.99,,,,,,,,,,
0.97,0.1,0.34,0.78,0.5,1.94,-5.98,,,,,,,,,,
0.96,0.1,0.34,0.79,0.51,1.95,-5.97,,,,,,,,,,
0.95,0.1,0.33,0.8,0.51,1.96,-5.96,,,,,,,,,,
0.94,0.1,0.33,0.81,0.52,1.97,-5.95,,,,,,,,,,
0.93,0.1,0.32,0.82,0.52,1.98,-5.94,,,,,,,,,,
0.92,0.1,0.32,0.83,0.53,1.99,-5.92,,,,,,,,,,
0.91,0.1,0.31,0.84,0.53,2.0,-5.91,,,,,,,,,,
0.9,0.1,0.31,0.85,0.54,2.0,-5.89,,,,,,,,,,
0.89,0.11,0.3,0.85,0.54,2.01,-5.88,1.39,1.51,,,,,,,,
0.88,0.11,0.3,0.86,0.55,2.02,-5.86,,,,,,,,,,
0.87,0.11,0.3,0.87,0.55,2.03,-5.84,,,,,,,,,,
0.86,0.11,0.29,0.88,0.56,2.04,-5.82,,,,,,,,,,
0.85,0.11,0.29,0.89,0.56,2.05,-5.79,,,,,,,,,,
0.84,0.11,0.28,0.9,0.57,2.05,-5.77,,,,,,,,,,
0.83,0.11,0.28,0.91,0.57,2.06,-5.75,,,,,,,,,,
0.82,0.12,0.28,0.92,0.58,2.07,-5.72,,,,,,,,,,
0.81,0.12,0.27,0.93,0.58,2.08,-5.7,,,,,,,,,,
0.8,0.12,0.27,0.94,0.59,2.09,-5.67,,,,,,,,,,
0.79,0.12,0.26,0.95,0.6,2.1,-5.64,1.29,1.52,,,,,,,,
0.78,0.12,0.26,0.96,0.6,2.1,-5.61,,,,,,,,,,
0.77,0.13,0.26,0.96,0.61,2.11,-5.58,,,,,,,,,,
0.76,0.13,0.25,0.97,0.61,2.12,-5.55,,,,,,,,,,
0.75,0.13,0.25,0.98,0.62,2.13,-5.51,,,,,,,,,,
0.74,0.13,0.25,0.99,0.63,2.14,-5.48,,,,,,,,,,
0.73,0.14,0.25,1.0,0.63,2.14,-5.45,,,,,,,,,,
0.72,0.14,0.24,1.01,0.64,2.15,-5.41,,,,,,,,,,
0.72,0.14,0.24,1.02,0.65,2.16,-5.37,,,,,,,,,,
0.71,0.14,0.24,1.03,0.65,2.17,-5.33,,,,,,,,,,
0.7,0.15,0.23,1.04,0.66,2.17,-5.29,1.2,1.55,,,,,,,,
0.69,0.15,0.23,1.05,0.67,2.18,-5.25,,,,,,,,,,
0.68,0.15,0.23,1.06,0.67,2.19,-5.21,,,,,,,,,,
0.67,0.16,0.23,1.07,0.68,2.19,-5.17,,,,,,,,,,
0.66,0.16,0.22,1.08,0.69,2.2,-5.13,,,,,,,,,,
0.65,0.16,0.22,1.09,0.69,2.21,-5.08,,,,,,,,,,
0.64,0.17,0.22,1.1,0.7,2.22,-5.04,,,,,,,,,,
0.63,0.17,0.22,1.11,0.71,2.22,-4.99,,,,,,,,,,
0.62,0.17,0.22,1.12,0.72,2.23,-4.94,,,,,,,,,,
0.61,0.18,0.21,1.13,0.72,2.24,-4.89,,,,,,,,,,
0.6,0.18,0.21,1.14,0.73,2.24,-4.84,1.1,1.58,,,,,,,,
0.59,0.19,0.21,1.15,0.74,2.25,-4.79,,,,,,,,,,
0.58,0.19,0.21,1.16,0.75,2.26,-4.74,,,,,,,,,,
0.58,0.19,0.21,1.17,0.75,2.26,-4.69,,,,,,,,,,
0.57,0.2,0.21,1.18,0.76,2.27,-4.64,,,,,,,,,,
0.56,0.2,0.21,1.19,0.77,2.28,-4.58,,,,,,,,,,
0.55,0.21,0.21,1.2,0.78,2.28,-4.53,,,,,,,,,,
0.54,0.21,0.2,1.21,0.78,2.29,-4.47,,,,,,,,,,
0.53,0.22,0.2,1.22,0.79,2.29,-4.41,,,,,,,,,,
0.52,0.22,0.2,1.23,0.8,2.3,-4.36,,,,,,,,,,
0.51,0.23,0.2,1.24,0.81,2.31,-4.3,1.01,1.63,,,,,,,,
0.5,0.23,0.2,1.25,0.82,2.31,-4.24,,,,,,,,,,
0.5,0.24,0.2,1.26,0.82,2.32,-4.18,,,,,,,,,,
0.49,0.24,0.2,1.27,0.83,2.32,-4.12,,,,,,,,,,
0.48,0.25,0.2,1.28,0.84,2.33,-4.05,,,,,,,,,,
0.47,0.25,0.2,1.29,0.85,2.33,-3.99,,,,,,,,,,
0.46,0.26,0.2,1.3,0.86,2.34,-3.93,,,,,,,,,,
0.45,0.26,0.2,1.31,0.87,2.35,-3.86,,,,,,,,,,
0.44,0.27,0.2,1.32,0.87,2.35,-3.79,,,,,,,,,,
0.44,0.27,0.2,1.33,0.88,2.36,-3.73,,,,,,,,,,
0.43,0.28,0.2,1.34,0.89,2.36,-3.66,0.93,1.68,,,,,,,,
0.42,0.29,0.2,1.35,0.9,2.37,-3.59,,,,,,,,,,
0.41,0.29,0.2,1.36,0.91,2.37,-3.52,,,,,,,,,,
0.4,0.3,0.2,1.37,0.92,2.38,-3.45,,,,,,,,,,
0.4,0.3,0.2,1.38,0.93,2.38,-3.38,,,,,,,,,,
0.39,0.31,0.2,1.39,0.94,2.39,-3.31,,,,,,,,,,
0.38,0.32,0.2,1.4,0.94,2.39,-3.24,,,,,,,,,,
0.37,0.32,0.21,1.41,0.95,2.39,-3.16,,,,,,,,,,
0.36,0.33,0.21,1.42,0.96,2.4,-3.09,,,,,,,,,,
0.36,0.33,0.21,1.43,0.97,2.4,-3.02,,,,,,,,,,
0.35,0.34,0.21,1.44,0.98,2.41,-2.94,0.85,1.74,,,,,,,,
0.34,0.35,0.21,1.45,0.99,2.41,-2.86,,,,,,,,,,
0.33,0.35,0.21,1.46,1.0,2.42,-2.79,,,,,,,,,,
0.33,0.36,0.21,1.47,1.01,2.42,-2.71,,,,,,,,,,
0.32,0.37,0.22,1.48,1.02,2.42,-2.63,,,,,,,,,,
0.31,0.37,0.22,1.49,1.03,2.43,-2.55,,,,,,,,,,
0.3,0.38,0.22,1.5,1.04,2.43,-2.47,,,,,,,,,,
0.3,0.39,0.22,1.51,1.05,2.43,-2.39,,,,,,,,,,
0.29,0.4,0.22,1.52,1.05,2.44,-2.31,,,,,,,,,,
0.28,0.4,0.23,1.53,1.06,2.44,-2.23,,,,,,,,,,
0.28,0.41,0.23,1.54,1.07,2.45,-2.15,0.78,1.81,,,,,,,,
0.27,0.42,0.23,1.55,1.08,2.45,-2.06,,,,,,,,,,
0.26,0.42,0.23,1.56,1.09,2.45,-1.98,,,,,,,,,,
0.26,0.43,0.24,1.56,1.1,2.45,-1.89,,,,,,,,,,
0.25,0.44,0.24,1.57,1.11,2.46,-1.81,,,,,,,,,,
0.24,0.45,0.24,1.58,1.12,2.46,-1.72,,,,,,,,,,
0.24,0.45,0.24,1.59,1.13,2.46,-1.64,,,,,,,,,,
0.23,0.46,0.25,1.6,1.14,2.47,-1.55,,,,,,,,,,
0.22,0.47,0.25,1.61,1.15,2.47,-1.46,,,,,,,,,,
0.22,0.48,0.25,1.62,1.16,2.47,-1.37,,,,,,,,,,
0.21,0.49,0.26,1.63,1.17,2.47,-1.29,0.71,1.89,,,,,,,,
0.21,0.49,0.26,1.64,1.18,2.48,-1.2,,,,,,,,,,
0.2,0.5,0.26,1.65,1.19,2.48,-1.11,,,,,,,,,,
0.19,0.51,0.27,1.66,1.2,2.48,-1.02,,,,,,,,,,
0.19,0.52,0.27,1.67,1.21,2.48,-0.92,,,,,,,,,,
0.18,0.53,0.27,1.68,1.22,2.48,-0.83,,,,,,,,,,
0.18,0.53,0.28,1.69,1.23,2.49,-0.74,,,,,,,,,,
0.17,0.54,0.28,1.7,1.24,2.49,-0.65,,,,,,,,,,
0.16,0.55,0.29,1.71,1.25,2.49,-0.55,,,,,,,,,,
0.16,0.56,0.29,1.72,1.26,2.49,-0.46,,,,,,,,,,
0.15,0.57,0.29,1.72,1.27,2.49,-0.37,0.65,1.97,24.15,24.97,25.09,26.92,0.92,4.58,82.34,86.01
0.15,0.58,0.3,1.73,1.28,2.49,-0.27,,,,,,,,,,
0.14,0.58,0.3,1.74,1.29,2.49,-0.18,,,,,,,,,,
0.14,0.59,0.31,1.75,1.3,2.49,-0.08,,,,,,,,,,
0.13,0.6,0.31,1.76,1.31,2.5,0.02,,,,,,,,,,
0.13,0.61,0.32,1.77,1.32,2.5,0.11,,,,,,,,,,
0.12,0.62,0.32,1.78,1.33,2.5,0.21,,,,,,,,,,
0.12,0.63,0.33,1.79,1.34,2.5,0.31,,,,,,,,,,
0.11,0.64,0.33,1.8,1.35,2.5,0.41,,,,,,,,,,
0.11,0.65,0.34,1.8,1.36,2.5,0.5,,,,,,,,,,
0.1,0.65,0.34,1.81,1.37,2.5,0.6,0.6,2.05,,,,,,,,
0.1,0.66,0.35,1.82,1.38,2.5,0.7,,,,,,,,,,
0.1,0.67,0.35,1.83,1.39,2.5,0.8,,,,,,,,,,
0.09,0.68,0.36,1.84,1.4,2.5,0.9,,,,,,,,,,
0.09,0.69,0.36,1.85,1.41,2.5,1.0,,,,,,,,,,
0.08,0.7,0.37,1.85,1.42,2.5,1.1,,,,,,,,,,
0.08,0.71,0.37,1.86,1.43,2.5,1.21,,,,,,,,,,
0.08,0.72,0.38,1.87,1.44,2.5,1.31,,,,,,,,,,
0.07,0.73,0.38,1.88,1.45,2.5,1.41,,,,,,,,,,
0.07,0.74,0.39,1.89,1.46,2.5,1.51,,,,,,,,,,
0.06,0.75,0.4,1.9,1.47,2.5,1.61,0.56,2.15,,,,,,,,
0.06,0.76,0.4,1.9,1.48,2.5,1.72,,,,,,,,,,
0.06,0.76,0.41,1.91,1.49,2.5,1.82,,,,,,,,,,
0.05,0.77,0.41,1.92,1.5,2.5,1.92,,,,,,,,,,
0.05,0.78,0.42,1.93,1.51,2.49,2.03,,,,,,,,,,
0.05,0.79,0.43,1.94,1.52,2.49,2.13,,,,,,,,,,
0.05,0.8,0.43,1.94,1.53,2.49,2.24,,,,,,,,,,
0.04,0.81,0.44,1.95,1.54,2.49,2.34,,,,,,,,,,
0.04,0.82,0.45,1.96,1.55,2.49,2.45,,,,,,,,,,
0.04,0.83,0.45,1.97,1.56,2.49,2.55,,,,,,,,,,
0.03,0.84,0.46,1.97,1.57,2.49,2.66,0.53,2.24,,,,,,,,
0.03,0.85,0.47,1.98,1.58,2.48,2.77,,,,,,,,,,
0.03,0.86,0.47,1.99,1.59,2.48,2.87,,,,,,,,,,
0.03,0.87,0.48,1.99,1.6,2.48,2.98,,,,,,,,,,
0.02,0.88,0.49,2.0,1.61,2.48,3.09,,,,,,,,,,
0.02,0.89,0.49,2.01,1.62,2.48,3.19,,,,,,,,,,
0.02,0.9,0.5,2.02,1.63,2.47,3.3,,,,,,,,,,
0.02,0.91,0.51,2.02,1.64,2.47,3.41,,,,,,,,,,
0.02,0.92,0.52,2.03,1.64,2.47,3.51,,,,,,,,,,
0.01,0.93,0.52,2.04,1.65,2.47,3.62,,,,,,,,,,
0.01,0.94,0.53,2.04,1.66,2.46,3.73,0.51,2.34,,,,,,,,
0.01,0.95,0.54,2.05,1.67,2.46,3.84,,,,,,,,,,
0.01,0.96,0.55,2.06,1.68,2.46,3.95,,,,,,,,,,
0.01,0.97,0.55,2.06,1.69,2.46,4.06,,,,,,,,,,
0.01,0.98,0.56,2.07,1.7,2.45,4.16,,,,,,,,,,
0.01,0.99,0.57,2.08,1.71,2.45,4.27,,,,,,,,,,
0.01,1.0,0.58,2.08,1.72,2.45,4.38,,,,,,,,,,
0.0,1.01,0.58,2.09,1.73,2.44,4.49,,,,,,,,,,
0.0,1.02,0.59,2.09,1.74,2.44,4.6,,,,,,,,,,
0.0,1.03,0.6,2.1,1.75,2.44,4.71,,,,,,,,,,
0.0,1.04,0.61,2.11,1.76,2.43,4.82,0.5,2.44,,,,,,,,
0.0,1.05,0.62,2.11,1.77,2.43,4.93,,,,,,,,,,
0.0,1.06,0.62,2.12,1.78,2.43,5.04,,,,,,,,,,
0.0,1.07,0.63,2.12,1.79,2.42,5.15,,,,,,,,,,
0.0,1.08,0.64,2.13,1.8,2.42,5.26,,,,,,,,,,
0.0,1.09,0.65,2.13,1.81,2.41,5.37,,,,,,,,,,
0.0,1.1,0.66,2.14,1.81,2.41,5.48,,,,,,,,,,
0.0,1.11,0.67,2.15,1.82,2.41,5.59,,,,,,,,,,
0.0,1.12,0.67,2.15,1.83,2.4,5.7,,,,,,,,,,
0.0,1.13,0.68,2.16,1.84,2.4,5.81,,,,,,,,,,
0.0,1.14,0.69,2.16,1.85,2.39,5.92,0.5,2.54,,,,,,,,
0.0,1.15,0.7,2.17,1.86,2.39,6.03,,,,,,,,,,
0.0,1.16,0.71,2.17,1.87,2.38,6.14,,,,,,,,,,
0.0,1.17,0.72,2.18,1.88,2.38,6.25,,,,,,,,,,
0.0,1.18,0.73,2.18,1.89,2.37,6.36,,,,,,,,,,
0.0,1.19,0.74,2.19,1.89,2.37,6.47,,,,,,,,,,
0.0,1.2,0.74,2.19,1.9,2.36,6.58,,,,,,,,,,
0.01,1.21,0.75,2.19,1.91,2.36,6.69,,,,,,,,,,
0.01,1.22,0.76,2.2,1.92,2.35,6.8,,,,,,,,,,
0.01,1.23,0.77,2.2,1.93,2.35,6.91,,,,,,,,,,
0.01,1.24,0.78,2.21,1.94,2.34,7.02,0.51,2.64,,,,,,,,
0.01,1.25,0.79,2.21,1.95,2.34,7.13,,,,,,,,,,
0.01,1.26,0.8,2.22,1.95,2.33,7.24,,,,,,,,,,
0.01,1.27,0.81,2.22,1.96,2.33,7.35,,,,,,,,,,
0.02,1.28,0.82,2.22,1.97,2.32,7.46,,,,,,,,,,
0.02,1.29,0.83,2.23,1.98,2.32,7.57,,,,,,,,,,
0.02,1.3,0.84,2.23,1.99,2.31,7.68,,,,,,,,,,
0.02,1.31,0.85,2.23,1.99,2.3,7.79,,,,,,,,,,
0.02,1.32,0.85,2.24,2.0,2.3,7.9,,,,,,,,,,
0.03,1.33,0.86,2.24,2.01,2.29,8.01,,,,,,,,,,
0.03,1.34,0.87,2.25,2.02,2.29,8.11,0.53,2.74,,,,,,,,
0.03,1.35,0.88,2.25,2.03,2.28,8.22,,,,,,,,,,
0.03,1.36,0.89,2.25,2.03,2.27,8.33,,,,,,,,,,
0.04,1.36,0.9,2.25,2.04,2.27,8.44,,,,,,,,,,
0.04,1.37,0.91,2.26,2.05,2.26,8.55,,,,,,,,,,
0.04,1.38,0.92,2.26,2.06,2.25,8.66,,,,,,,,,,
0.04,1.39,0.93,2.26,2.06,2.25,8.77,,,,,,,,,,
0.05,1.4,0.94,2.27,2.07,2.24,8.87,,,,,,,,,,
0.05,1.41,0.95,2.27,2.08,2.23,8.98,,,,,,,,,,
0.05,1.42,0.96,2.27,2.09,2.23,9.09,,,,,,,,,,
0.06,1.43,0.97,2.27,2.09,2.22,9.2,0.56,2.83,,,,,,,,
0.06,1.44,0.98,2.28,2.1,2.21,9.3,,,,,,,,,,
0.06,1.45,0.99,2.28,2.11,2.21,9.41,,,,,,,,,,
0.07,1.46,1.0,2.28,2.12,2.2,9.52,,,,,,,,,,
0.07,1.47,1.01,2.28,2.12,2.19,9.62,,,,,,,,,,
0.07,1.48,1.02,2.28,2.13,2.18,9.73,,,,,,,,,,
0.08,1.49,1.03,2.29,2.14,2.18,9.83,,,,,,,,,,
0.08,1.5,1.04,2.29,2.14,2.17,9.94,,,,,,,,,,
0.09,1.51,1.05,2.29,2.15,2.16,10.04,,,,,,,,,,
0.09,1.52,1.06,2.29,2.16,2.15,10.15,,,,,,,,,,
0.09,1.52,1.07,2.29,2.16,2.15,10.25,0.59,2.92,24.09,25.92,25.87,27.49,0.91,4.55,87.12,87.63
0.1,1.53,1.08,2.29,2.17,2.14,10.36,,,,,,,,,,
0.1,1.54,1.09,2.29,2.18,2.13,10.46,,,,,,,,,,
0.11,1.55,1.1,2.29,2.18,2.12,10.56,,,,,,,,,,
0.11,1.56,1.11,2.3,2.19,2.12,10.67,,,,,,,,,,
0.12,1.57,1.12,2.3,2.19,2.11,10.77,,,,,,,,,,
0.12,1.58,1.13,2.3,2.2,2.1,10.87,,,,,,,,,,
0.13,1.59,1.14,2.3,2.21,2.09,10.98,,,,,,,,,,
0.13,1.6,1.15,2.3,2.21,2.08,11.08,,,,,,,,,,
0.14,1.6,1.16,2.3,2.22,2.08,11.18,,,,,,,,,,
0.14,1.61,1.17,2.3,2.22,2.07,11.28,0.64,3.01,,,,,,,,
0.15,1.62,1.18,2.3,2.23,2.06,11.38,,,,,,,,,,
0.15,1.63,1.19,2.3,2.23,2.05,11.48,,,,,,,,,,
0.16,1.64,1.2,2.3,2.24,2.04,11.58,,,,,,,,,,
0.16,1.65,1.21,2.3,2.25,2.03,11.68,,,,,,,,,,
0.17,1.65,1.22,2.3,2.25,2.03,11.78,,,,,,,,,,
0.17,1.66,1.23,2.3,2.26,2.02,11.88,,,,,,,,,,
0.18,1.67,1.24,2.3,2.26,2.01,11.98,,,,,,,,,,
0.18,1.68,1.25,2.3,2.27,2.0,12.07,,,,,,,,,,
0.19,1.69,1.26,2.3,2.27,1.99,12.17,,,,,,,,,,
0.2,1.7,1.27,2.3,2.28,1.98,12.27,0.7,3.1,,,,,,,,
0.2,1.7,1.28,2.3,2.28,1.97,12.36,,,,,,,,,,
0.21,1.71,1.29,2.3,2.29,1.96,12.46,,,,,,,,,,
0.21,1.72,1.3,2.3,2.29,1.96,12.55,,,,,,,,,,
0.22,1.73,1.31,2.29,2.29,1.95,12.65,,,,,,,,,,
0.23,1.74,1.32,2.29,2.3,1.94,12.74,,,,,,,,,,
0.23,1.74,1.33,2.29,2.3,1.93,12.84,,,,,,,,,,
0.24,1.75,1.34,2.29,2.31,1.92,12.93,,,,,,,,,,
0.25,1.76,1.35,2.29,2.31,1.91,13.02,,,,,,,,,,
0.25,1.77,1.36,2.29,2.32,1.9,13.12,,,,,,,,,,
0.26,1.77,1.37,2.29,2.32,1.89,13.21,0.76,3.17,,,,,,,,
0.27,1.78,1.38,2.28,2.32,1.88,13.3,,,,,,,,,,
0.27,1.79,1.39,2.28,2.33,1.87,13.39,,,,,,,,,,
0.28,1.79,1.4,2.28,2.33,1.86,13.48,,,,,,,,,,
0.29,1.8,1.41,2.28,2.33,1.86,13.57,,,,,,,,,,
0.29,1.81,1.42,2.28,2.34,1.85,13.66,,,,,,,,,,
0.3,1.82,1.43,2.27,2.34,1.84,13.74,,,,,,,,,,
0.31,1.82,1.44,2.27,2.34,1.83,13.83,,,,,,,,,,
0.32,1.83,1.44,2.27,2.35,1.82,13.92,,,,,,,,,,
0.32,1.84,1.45,2.27,2.35,1.81,14.0,,,,,,,,,,
0.33,1.84,1.46,2.26,2.35,1.8,14.09,0.83,3.24,,,,,,,,
0.34,1.85,1.47,2.26,2.36,1.79,14.17,,,,,,,,,,
0.35,1.86,1.48,2.26,2.36,1.78,14.26,,,,,,,,,,
0.35,1.86,1.49,2.26,2.36,1.77,14.34,,,,,,,,,,
0.36,1.87,1.5,2.25,2.37,1.76,14.42,,,,,,,,,,
0.37,1.88,1.51,2.25,2.37,1.75,14.51,,,,,,,,,,
0.38,1.88,1.52,2.25,2.37,1.74,14.59,,,,,,,,,,
0.38,1.89,1.53,2.24,2.37,1.73,14.67,,,,,,,,,,
0.39,1.89,1.54,2.24,2.38,1.72,14.75,,,,,,,,,,
0.4,1.9,1.55,2.24,2.38,1.71,14.83,,,,,,,,,,
0.41,1.91,1.56,2.23,2.38,1.7,14.9,0.91,3.31,,,,,,,,
0.42,1.91,1.57,2.23,2.38,1.69,14.98,,,,,,,,,,
0.42,1.92,1.58,2.23,2.38,1.68,15.06,,,,,,,,,,
0.43,1.92,1.59,2.22,2.38,1.67,15.13,,,,,,,,,,
0.44,1.93,1.6,2.22,2.39,1.66,15.21,,,,,,,,,,
0.45,1.93,1.61,2.21,2.39,1.65,15.28,,,,,,,,,,
0.46,1.94,1.61,2.21,2.39,1.64,15.36,,,,,,,,,,
0.47,1.95,1.62,2.21,2.39,1.63,15.43,,,,,,,,,,
0.47,1.95,1.63,2.2,2.39,1.62,15.5,,,,,,,,,,
0.48,1.96,1.64,2.2,2.39,1.61,15.58,,,,,,,,,,
0.49,1.96,1.65,2.19,2.39,1.6,15.65,0.99,3.36,,,,,,,,
0.5,1.97,1.66,2.19,2.4,1.59,15.72,,,,,,,,,,
0.51,1.97,1.67,2.18,2.4,1.58,15.78,,,,,,,,,,
0.52,1.98,1.68,2.18,2.4,1.57,15.85,,,,,,,,,,
0.53,1.98,1.69,2.17,2.4,1.56,15.92,,,,,,,,,,
0.54,1.99,1.69,2.17,2.4,1.55,15.99,,,,,,,,,,
0.54,1.99,1.7,2.16,2.4,1.54,16.05,,,,,,,,,,
0.55,1.99,1.71,2.16,2.4,1.53,16.12,,,,,,,,,,
0.56,2.0,1.72,2.15,2.4,1.52,16.18,,,,,,,,,,
0.57,2.0,1.73,2.15,2.4,1.51,16.24,,,,,,,,,,
0.58,2.01,1.74,2.14,2.4,1.5,16.3,1.08,3.41,,,,,,,,
0.59,2.01,1.75,2.14,2.4,1.49,16.36,,,,,,,,,,
0.6,2.02,1.75,2.13,2.4,1.48,16.42,,,,,,,,,,
0.61,2.02,1.76,2.13,2.4,1.47,16.48,,,,,,,,,,
0.62,2.02,1.77,2.12,2.4,1.46,16.54,,,,,,,,,,
0.63,2.03,1.78,2.12,2.4,1.45,16.6,,,,,,,,,,
0.64,2.03,1.79,2.11,2.4,1.44,16.65,,,,,,,,,,
0.65,2.03,1.79,2.1,2.4,1.43,16.71,,,,,,,,,,
0.65,2.04,1.8,2.1,2.4,1.42,16.76,,,,,,,,,,
0.66,2.04,1.81,2.09,2.4,1.41,16.82,,,,,,,,,,
0.67,2.05,1.82,2.09,2.4,1.4,16.87,1.17,3.45,,,,,,,,
0.68,2.05,1.83,2.08,2.39,1.39,16.92,,,,,,,,,,
0.69,2.05,1.83,2.07,2.39,1.38,16.97,,,,,,,,,,
0.7,2.05,1.84,2.07,2.39,1.37,17.02,,,,,,,,,,
0.71,2.06,1.85,2.06,2.39,1.36,17.07,,,,,,,,,,
0.72,2.06,1.86,2.05,2.39,1.35,17.12,,,,,,,,,,
0.73,2.06,1.86,2.05,2.39,1.34,17.16,,,,,,,,,,
0.74,2.07,1.87,2.04,2.39,1.33,17.21,,,,,,,,,,
0.75,2.07,1.88,2.03,2.38,1.32,17.25,,,,,,,,,,
0.76,2.07,1.89,2.03,2.38,1.31,17.29,,,,,,,,,,
0.77,2.07,1.89,2.02,2.38,1.3,17.34,1.27,3.47,,,,,,,,
0.78,2.08,1.9,2.01,2.38,1.3,17.38,,,,,,,,,,
0.79,2.08,1.91,2.01,2.38,1.29,17.42,,,,,,,,,,
0.8,2.08,1.92,2.0,2.37,1.28,17.46,,,,,,,,,,
0.81,2.08,1.92,1.99,2.37,1.27,17.49,,,,,,,,,,
0.82,2.08,1.93,1.98,2.37,1.26,17.53,,,,,,,,,,
0.83,2.09,1.94,1.98,2.37,1.25,17.57,,,,,,,,,,
0.84,2.09,1.94,1.97,2.36,1.24,17.6,,,,,,,,,,
0.85,2.09,1.95,1.96,2.36,1.23,17.63,,,,,,,,,,
0.86,2.09,1.96,1.95,2.36,1.22,17.67,,,,,,,,,,
0.87,2.09,1.96,1.95,2.36,1.21,17.7,1.37,3.49,24.87,26.49,26.76,27.15,0.99,4.93,89.96,91.44
0.88,2.09,1.97,1.94,2.35,1.2,17.73,,,,,,,,,,
0.89,2.09,1.98,1.93,2.35,1.19,17.76,,,,,,,,,,
0.9,2.09,1.98,1.92,2.35,1.18,17.78,,,,,,,,,,
0.91,2.1,1.99,1.92,2.34,1.17,17.81,,,,,,,,,,
0.92,2.1,1.99,1.91,2.34,1.16,17.84,,,,,,,,,,
0.93,2.1,2.0,1.9,2.34,1.15,17.86,,,,,,,,,,
0.94,2.1,2.01,1.89,2.33,1.14,17.88,,,,,,,,,,
0.95,2.1,2.01,1.88,2.33,1.13,17.9,,,,,,,,,,
0.96,2.1,2.02,1.88,2.33,1.12,17.92,,,,,,,,,,
0.97,2.1,2.02,1.87,2.32,1.11,17.94,1.47,3.5,,,,,,,,
0.98,2.1,2.03,1.86,2.32,1.1,17.96,,,,,,,,,,
0.99,2.1,2.03,1.85,2.31,1.1,17.98,,,,,,,,,,
1.0,2.1,2.04,1.84,2.31,1.09,18.0,,,,,,,,,,
1.01,2.1,2.05,1.83,2.31,1.08,18.01,,,,,,,,,,
1.02,2.1,2.05,1.83,2.3,1.07,18.02,,,,,,,,,,
1.03,2.1,2.06,1.82,2.3,1.06,18.04,,,,,,,,,,
1.04,2.1,2.06,1.81,2.29,1.05,18.05,,,,,,,,,,
1.05,2.1,2.07,1.8,2.29,1.04,18.06,,,,,,,,,,
1.06,2.1,2.07,1.79,2.28,1.03,18.07,,,,,,,,,,
1.07,2.1,2.08,1.78,2.28,1.02,18.07,1.57,3.5,,,,,,,,
1.08,2.1,2.08,1.77,2.27,1.01,18.08,,,,,,,,,,
1.09,2.1,2.09,1.76,2.27,1.01,18.08,,,,,,,,,,
1.1,2.1,2.09,1.76,2.26,1.0,18.09,,,,,,,,,,
1.11,2.09,2.09,1.75,2.26,0.99,18.09,,,,,,,,,,
1.12,2.09,2.1,1.74,2.25,0.98,18.09,,,,,,,,,,
1.13,2.09,2.1,1.73,2.25,0.97,18.09,,,,,,,,,,
1.14,2.09,2.11,1.72,2.24,0.96,18.09,,,,,,,,,,
1.15,2.09,2.11,1.71,2.24,0.95,18.09,,,,,,,,,,
1.16,2.09,2.12,1.7,2.23,0.95,18.08,,,,,,,,,,
1.17,2.09,2.12,1.69,2.23,0.94,18.08,1.67,3.49,,,,,,,,
1.18,2.08,2.12,1.68,2.22,0.93,18.07,,,,,,,,,,
1.19,2.08,2.13,1.67,2.22,0.92,18.07,,,,,,,,,,
1.2,2.08,2.13,1.66,2.21,0.91,18.06,,,,,,,,,,
1.21,2.08,2.13,1.66,2.2,0.91,18.05,,,,,,,,,,
1.22,2.08,2.14,1.65,2.2,0.9,18.04,,,,,,,,,,
1.23,2.07,2.14,1.64,2.19,0.89,18.02,,,,,,,,,,
1.24,2.07,2.14,1.63,2.19,0.88,18.01,,,,,,,,,,
1.24,2.07,2.15,1.62,2.18,0.87,17.99,,,,,,,,,,
1.25,2.07,2.15,1.61,2.17,0.87,17.98,,,,,,,,,,
1.26,2.06,2.15,1.6,2.17,0.86,17.96,1.76,3.46,,,,,,,,
1.27,2.06,2.16,1.59,2.16,0.85,17.94,,,,,,,,,,
1.28,2.06,2.16,1.58,2.15,0.84,17.92,,,,,,,,,,
1.29,2.06,2.16,1.57,2.15,0.84,17.9,,,,,,,,,,
1.3,2.05,2.17,1.56,2.14,0.83,17.88,,,,,,,,,,
1.31,2.05,2.17,1.55,2.13,0.82,17.85,,,,,,,,,,
1.32,2.05,2.17,1.54,2.13,0.81,17.83,,,,,,,,,,
1.33,2.04,2.17,1.53,2.12,0.81,17.8,,,,,,,,,,
1.34,2.04,2.18,1.52,2.11,0.8,17.77,,,,,,,,,,
1.35,2.04,2.18,1.51,2.11,0.79,17.74,,,,,,,,,,
1.36,2.03,2.18,1.5,2.1,0.79,17.71,1.86,3.43,,,,,,,,
1.37,2.03,2.18,1.49,2.09,0.78,17.68,,,,,,,,,,
1.38,2.03,2.18,1.48,2.08,0.77,17.65,,,,,,,,,,
1.39,2.02,2.18,1.47,2.08,0.76,17.62,,,,,,,,,,
1.4,2.02,2.19,1.46,2.07,0.76,17.58,,,,,,,,,,
1.41,2.01,2.19,1.45,2.06,0.75,17.54,,,,,,,,,,
1.41,2.01,2.19,1.44,2.06,0.74,17.51,,,,,,,,,,
1.42,2.01,2.19,1.43,2.05,0.74,17.47,,,,,,,,,,
1.43,2.0,2.19,1.42,2.04,0.73,17.43,,,,,,,,,,
1.44,2.0,2.19,1.41,2.03,0.73,17.38,,,,,,,,,,
1.45,1.99,2.19,1.4,2.02,0.72,17.34,1.95,3.39,,,,,,,,
1.46,1.99,2.2,1.39,2.02,0.71,17.3,,,,,,,,,,
1.47,1.98,2.2,1.38,2.01,0.71,17.25,,,,,,,,,,
1.48,1.98,2.2,1.37,2.0,0.7,17.2,,,,,,,,,,
1.49,1.97,2.2,1.36,1.99,0.69,17.16,,,,,,,,,,
1.49,1.97,2.2,1.35,1.98,0.69,17.11,,,,,,,,,,
1.5,1.96,2.2,1.34,1.98,0.68,17.06,,,,,,,,,,
1.51,1.96,2.2,1.33,1.97,0.68,17.0,,,,,,,,,,
1.52,1.95,2.2,1.32,1.96,0.67,16.95,,,,,,,,,,
1.53,1.95,2.2,1.31,1.95,0.67,16.9,,,,,,,,,,
1.54,1.94,2.2,1.3,1.94,0.66,16.84,2.04,3.34,,,,,,,,
1.55,1.94,2.2,1.29,1.93,0.66,16.79,,,,,,,,,,
1.55,1.93,2.2,1.28,1.93,0.65,16.73,,,,,,,,,,
1.56,1.93,2.2,1.27,1.92,0.64,16.67,,,,,,,,,,
1.57,1.92,2.2,1.26,1.91,0.64,16.61,,,,,,,,,,
1.58,1.92,2.2,1.25,1.9,0.63,16.55,,,,,,,,,,
1.59,1.91,2.2,1.24,1.89,0.63,16.48,,,,,,,,,,
1.59,1.9,2.2,1.23,1.88,0.62,16.42,,,,,,,,,,
1.6,1.9,2.2,1.22,1.87,0.62,16.36,,,,,,,,,,
1.61,1.89,2.2,1.21,1.87,0.62,16.29,,,,,,,,,,
1.62,1.89,2.2,1.2,1.86,0.61,16.22,2.12,3.29,,,,,,,,
1.63,1.88,2.19,1.19,1.85,0.61,16.15,,,,,,,,,,
1.63,1.87,2.19,1.18,1.84,0.6,16.08,,,,,,,,,,
1.64,1.87,2.19,1.17,1.83,0.6,16.01,,,,,,,,,,
1.65,1.86,2.19,1.16,1.82,0.59,15.94,,,,,,,,,,
1.66,1.85,2.19,1.15,1.81,0.59,15.87,,,,,,,,,,
1.66,1.85,2.19,1.14,1.8,0.58,15.79,,,,,,,,,,
1.67,1.84,2.19,1.13,1.79,0.58,15.72,,,,,,,,,,
1.68,1.83,2.18,1.12,1.78,0.58,15.64,,,,,,,,,,
1.69,1.83,2.18,1.11,1.77,0.57,15.56,,,,,,,,,,
1.69,1.82,2.18,1.1,1.77,0.57,15.48,2.19,3.22,,,,,,,,
1.7,1.81,2.18,1.1,1.76,0.57,15.4,,,,,,,,,,
1.71,1.81,2.18,1.09,1.75,0.56,15.32,,,,,,,,,,
1.72,1.8,2.17,1.08,1.74,0.56,15.24,,,,,,,,,,
1.72,1.79,2.17,1.07,1.73,0.56,15.16,,,,,,,,,,
1.73,1.78,2.17,1.06,1.72,0.55,15.07,,,,,,,,,,
1.74,1.78,2.17,1.05,1.71,0.55,14.99,,,,,,,,,,
1.74,1.77,2.16,1.04,1.7,0.55,14.9,,,,,,,,,,
1.75,1.76,2.16,1.03,1.69,0.54,14.82,,,,,,,,,,
1.76,1.75,2.16,1.02,1.68,0.54,14.73,,,,,,,,,,
1.76,1.75,2.16,1.01,1.67,0.54,14.64,2.26,3.15,25.76,26.15,26.96,26.21,1.08,5.38,88.23,93.92
1.77,1.74,2.15,1.0,1.66,0.53,14.55,,,,,,,,,,
1.78,1.73,2.15,0.99,1.65,0.53,14.46,,,,,,,,,,
1.78,1.72,2.15,0.98,1.64,0.53,14.36,,,,,,,,,,
1.79,1.72,2.14,0.97,1.63,0.53,14.27,,,,,,,,,,
1.79,1.71,2.14,0.96,1.62,0.53,14.18,,,,,,,,,,
1.8,1.7,2.14,0.95,1.61,0.52,14.08,,,,,,,,,,
1.81,1.69,2.13,0.94,1.6,0.52,13.98,,,,,,,,,,
1.81,1.68,2.13,0.93,1.59,0.52,13.89,,,,,,,,,,
1.82,1.68,2.13,0.92,1.58,0.52,13.79,,,,,,,,,,
1.82,1.67,2.12,0.91,1.57,0.52,13.69,2.32,3.07,,,,,,,,
1.83,1.66,2.12,0.9,1.56,0.51,13.59,,,,,,,,,,
1.83,1.65,2.11,0.9,1.55,0.51,13.49,,,,,,,,,,
1.84,1.64,2.11,0.89,1.54,0.51,13.39,,,,,,,,,,
1.85,1.63,2.11,0.88,1.53,0.51,13.28,,,,,,,,,,
1.85,1.63,2.1,0.87,1.52,0.51,13.18,,,,,,,,,,
1.86,1.62,2.1,0.86,1.51,0.51,13.08,,,,,,,,,,
1.86,1.61,2.09,0.85,1.5,0.51,12.97,,,,,,,,,,
1.87,1.6,2.09,0.84,1.49,0.5,12.87,,,,,,,,,,
1.87,1.59,2.08,0.83,1.48,0.5,12.76,,,,,,,,,,
1.88,1.58,2.08,0.82,1.47,0.5,12.65,2.38,2.98,,,,,,,,
1.88,1.57,2.07,0.81,1.46,0.5,12.54,,,,,,,,,,
1.89,1.56,2.07,0.81,1.45,0.5,12.43,,,,,,,,,,
1.89,1.56,2.06,0.8,1.44,0.5,12.32,,,,,,,,,,
1.89,1.55,2.06,0.79,1.43,0.5,12.21,,,,,,,,,,
1.9,1.54,2.05,0.78,1.42,0.5,12.1,,,,,,,,,,
1.9,1.53,2.05,0.77,1.41,0.5,11.99,,,,,,,,,,
1.91,1.52,2.04,0.76,1.4,0.5,11.88,,,,,,,,,,
1.91,1.51,2.04,0.75,1.39,0.5,11.76,,,,,,,,,,
1.92,1.5,2.03,0.75,1.38,0.5,11.65,,,,,,,,,,
1.92,1.49,2.03,0.74,1.37,0.5,11.53,2.42,2.89,,,,,,,,
1.92,1.48,2.02,0.73,1.36,0.5,11.42,,,,,,,,,,
1.93,1.47,2.02,0.72,1.35,0.5,11.3,,,,,,,,,,
1.93,1.46,2.01,0.71,1.34,0.5,11.18,,,,,,,,,,
1.93,1.46,2.0,0.71,1.33,0.5,11.07,,,,,,,,,,
1.94,1.45,2.0,0.7,1.32,0.5,10.95,,,,,,,,,,
1.94,1.44,1.99,0.69,1.31,0.5,10.83,,,,,,,,,,
1.94,1.43,1.99,0.68,1.3,0.5,10.71,,,,,,,,,,
1.95,1.42,1.98,0.67,1.29,0.51,10.59,,,,,,,,,,
1.95,1.41,1.97,0.67,1.28,0.51,10.47,,,,,,,,,,
1.95,1.4,1.97,0.66,1.27,0.51,10.35,2.45,2.8,,,,,,,,
1.96,1.39,1.96,0.65,1.26,0.51,10.23,,,,,,,,,,
1.96,1.38,1.95,0.64,1.25,0.51,10.11,,,,,,,,,,
1.96,1.37,1.95,0.64,1.24,0.51,9.98,,,,,,,,,,
1.97,1.36,1.94,0.63,1.24,0.51,9.86,,,,,,,,,,
1.97,1.35,1.93,0.62,1.23,0.52,9.74,,,,,,,,,,
1.97,1.34,1.93,0.61,1.22,0.52,9.61,,,,,,,,,,
1.97,1.33,1.92,0.61,1.21,0.52,9.49,,,,,,,,,,
1.98,1.32,1.91,0.6,1.2,0.52,9.36,,,,,,,,,,
1.98,1.31,1.91,0.59,1.19,0.52,9.24,,,,,,,,,,
1.98,1.3,1.9,0.59,1.18,0.53,9.11,2.48,2.7,,,,,,,,
1.98,1.29,1.89,0.58,1.17,0.53,8.99,,,,,,,,,,
1.98,1.28,1.88,0.57,1.16,0.53,8.86,,,,,,,,,,
1.98,1.27,1.88,0.56,1.15,0.53,8.73,,,,,,,,,,
1.99,1.26,1.87,0.56,1.14,0.54,8.61,,,,,,,,,,
1.99,1.25,1.86,0.55,1.13,0.54,8.48,,,,,,,,,,
1.99,1.24,1.86,0.54,1.12,0.54,8.35,,,,,,,,,,
1.99,1.23,1.85,0.54,1.11,0.54,8.23,,,,,,,,,,
1.99,1.22,1.84,0.53,1.1,0.55,8.1,,,,,,,,,,
1.99,1.21,1.83,0.53,1.09,0.55,7.97,,,,,,,,,,
1.99,1.2,1.82,0.52,1.08,0.55,7.84,2.49,2.6,,,,,,,,
2.0,1.19,1.82,0.51,1.07,0.56,7.71,,,,,,,,,,
2.0,1.18,1.81,0.51,1.06,0.56,7.58,,,,,,,,,,
2.0,1.17,1.8,0.5,1.05,0.56,7.45,,,,,,,,,,
2.0,1.16,1.79,0.49,1.04,0.57,7.32,,,,,,,,,,
2.0,1.15,1.78,0.49,1.03,0.57,7.19,,,,,,,,,,
2.0,1.14,1.78,0.48,1.02,0.57,7.07,,,,,,,,,,
2.0,1.13,1.77,0.48,1.01,0.58,6.94,,,,,,,,,,
2.0,1.12,1.76,0.47,1.01,0.58,6.81,,,,,,,,,,
2.0,1.11,1.75,0.47,1.0,0.59,6.68,,,,,,,,,,
2.0,1.1,1.74,0.46,0.99,0.59,6.55,2.5,2.5,,,,,,,,
2.0,1.09,1.73,0.46,0.98,0.59,6.42,,,,,,,,,,
2.0,1.08,1.73,0.45,0.97,0.6,6.29,,,,,,,,,,
2.0,1.07,1.72,0.44,0.96,0.6,6.16,,,,,,,,,,
2.0,1.06,1.71,0.44,0.95,0.61,6.03,,,,,,,,,,
2.0,1.05,1.7,0.43,0.94,0.61,5.9,,,,,,,,,,
2.0,1.04,1.69,0.43,0.93,0.62,5.77,,,,,,,,,,
2.0,1.03,1.68,0.42,0.92,0.62,5.64,,,,,,,,,,
2.0,1.02,1.67,0.42,0.92,0.63,5.51,,,,,,,,,,
2.0,1.01,1.67,0.42,0.91,0.63,5.38,,,,,,,,,,
2.0,1.0,1.66,0.41,0.9,0.64,5.25,2.5,2.4,,,,,,,,
1.99,0.99,1.65,0.41,0.89,0.64,5.12,,,,,,,,,,
1.99,0.98,1.64,0.4,0.88,0.65,4.99,,,,,,,,,,
1.99,0.97,1.63,0.4,0.87,0.65,4.86,,,,,,,,,,
1.99,0.96,1.62,0.39,0.86,0.66,4.73,,,,,,,,,,
1.99,0.95,1.61,0.39,0.86,0.66,4.6,,,,,,,,,,
1.99,0.94,1.6,0.38,0.85,0.67,4.47,,,,,,,,,,
1.99,0.93,1.59,0.38,0.84,0.67,4.34,,,,,,,,,,
1.98,0.92,1.58,0.38,0.83,0.68,4.21,,,,,,,,,,
1.98,0.91,1.57,0.37,0.82,0.68,4.08,,,,,,,,,,
1.98,0.9,1.57,0.37,0.81,0.69,3.96,2.48,2.3,,,,,,,,
1.98,0.9,1.56,0.37,0.81,0.7,3.83,,,,,,,,,,
1.98,0.89,1.55,0.36,0.8,0.7,3.7,,,,,,,,,,
1.97,0.88,1.54,0.36,0.79,0.71,3.57,,,,,,,,,,
1.97,0.87,1.53,0.36,0.78,0.71,3.45,,,,,,,,,,
1.97,0.86,1.52,0.35,0.77,0.72,3.32,,,,,,,,,,
1.97,0.85,1.51,0.35,0.77,0.73,3.19,,,,,,,,,,
1.96,0.84,1.5,0.35,0.76,0.73,3.07,,,,,,,,,,
1.96,0.83,1.49,0.34,0.75,0.74,2.94,,,,,,,,,,
1.96,0.82,1.48,0.34,0.74,0.75,2.82,,,,,,,,,,
1.96,0.81,1.47,0.34,0.74,0.75,2.69,2.46,2.21,25.96,25.21,26.27,25.54,1.1,5.48,83.54,92.8
1.95,0.8,1.46,0.33,0.73,0.76,2.57,,,,,,,,,,
1.95,0.79,1.45,0.33,0.72,0.77,2.44,,,,,,,,,,
1.95,0.78,1.44,0.33,0.71,0.77,2.32,,,,,,,,,,
1.94,0.77,1.43,0.33,0.71,0.78,2.2,,,,,,,,,,
1.94,0.76,1.42,0.33,0.7,0.79,2.08,,,,,,,,,,
1.94,0.75,1.41,0.32,0.69,0.79,1.95,,,,,,,,,,
1.93,0.74,1.4,0.32,0.69,0.8,1.83,,,,,,,,,,
1.93,0.73,1.39,0.32,0.68,0.81,1.71,,,,,,,,,,
1.93,0.72,1.38,0.32,0.67,0.81,1.59,,,,,,,,,,
1.92,0.71,1.37,0.32,0.67,0.82,1.47,2.42,2.11,,,,,,,,
1.92,0.7,1.36,0.31,0.66,0.83,1.35,,,,,,,,,,
1.91,0.7,1.35,0.31,0.65,0.84,1.23,,,,,,,,,,
1.91,0.69,1.34,0.31,0.64,0.84,1.11,,,,,,,,,,
1.91,0.68,1.33,0.31,0.64,0.85,1.0,,,,,,,,,,
1.9,0.67,1.32,0.31,0.63,0.86,0.88,,,,,,,,,,
1.9,0.66,1.31,0.31,0.63,0.87,0.76,,,,,,,,,,
1.89,0.65,1.3,0.31,0.62,0.88,0.65,,,,,,,,,,
1.89,0.64,1.29,0.3,0.61,0.88,0.53,,,,,,,,,,
1.88,0.63,1.28,0.3,0.61,0.89,0.42,,,,,,,,,,
1.88,0.62,1.27,0.3,0.6,0.9,0.3,2.38,2.02,,,,,,,,
1.87,0.61,1.26,0.3,0.6,0.91,0.19,,,,,,,,,,
1.87,0.61,1.25,0.3,0.59,0.91,0.08,,,,,,,,,,
1.86,0.6,1.24,0.3,0.58,0.92,-0.03,,,,,,,,,,
1.86,0.59,1.23,0.3,0.58,0.93,-0.14,,,,,,,,,,
1.85,0.58,1.22,0.3,0.57,0.94,-0.25,,,,,,,,,,
1.85,0.57,1.21,0.3,0.57,0.95,-0.36,,,,,,,,,,
1.84,0.56,1.2,0.3,0.56,0.96,-0.47,,,,,,,,,,
1.84,0.55,1.19,0.3,0.56,0.96,-0.58,,,,,,,,,,
1.83,0.55,1.18,0.3,0.55,0.97,-0.69,,,,,,,,,,
1.83,0.54,1.17,0.3,0.54,0.98,-0.79,2.33,1.94,,,,,,,,
1.82,0.53,1.16,0.3,0.54,0.99,-0.9,,,,,,,,,,
1.82,0.52,1.15,0.3,0.53,1.0,-1.0,,,,,,,,,,
1.81,0.51,1.14,0.3,0.53,1.01,-1.11,,,,,,,,,,
1.8,0.51,1.13,0.3,0.52,1.02,-1.21,,,,,,,,,,
1.8,0.5,1.12,0.3,0.52,1.02,-1.31,,,,,,,,,,
1.79,0.49,1.11,0.3,0.52,1.03,-1.41,,,,,,,,,,
1.79,0.48,1.1,0.3,0.51,1.04,-1.51,,,,,,,,,,
1.78,0.47,1.09,0.31,0.51,1.05,-1.61,,,,,,,,,,
1.77,0.47,1.08,0.31,0.5,1.06,-1.71,,,,,,,,,,
1.77,0.46,1.07,0.31,0.5,1.07,-1.81,2.27,1.86,,,,,,,,
1.76,0.45,1.06,0.31,0.49,1.08,-1.9,,,,,,,,,,
1.75,0.44,1.05,0.31,0.49,1.09,-2.0,,,,,,,,,,
1.75,0.44,1.04,0.31,0.48,1.1,-2.09,,,,,,,,,,
1.74,0.43,1.04,0.31,0.48,1.11,-2.19,,,,,,,,,,
1.73,0.42,1.03,0.32,0.48,1.12,-2.28,,,,,,,,,,
1.73,0.41,1.02,0.32,0.47,1.12,-2.37,,,,,,,,,,
1.72,0.41,1.01,0.32,0.47,1.13,-2.46,,,,,,,,,,
1.71,0.4,1.0,0.32,0.47,1.14,-2.55,,,,,,,,,,
1.71,0.39,0.99,0.32,0.46,1.15,-2.64,,,,,,,,,,
1.7,0.39,0.98,0.33,0.46,1.16,-2.73,2.2,1.79,,,,,,,,
1.69,0.38,0.97,0.33,0.46,1.17,-2.82,,,,,,,,,,
1.68,0.37,0.96,0.33,0.45,1.18,-2.9,,,,,,,,,,
1.68,0.36,0.95,0.33,0.45,1.19,-2.99,,,,,,,,,,
1.67,0.36,0.94,0.34,0.45,1.2,-3.07,,,,,,,,,,
1.66,0.35,0.93,0.34,0.44,1.21,-3.15,,,,,,,,,,
1.66,0.34,0.92,0.34,0.44,1.22,-3.23,,,,,,,,,,
1.65,0.34,0.91,0.34,0.44,1.23,-3.31,,,,,,,,,,
1.64,0.33,0.9,0.35,0.43,1.24,-3.39,,,,,,,,,,
1.63,0.33,0.89,0.35,0.43,1.25,-3.47,,,,,,,,,,
1.62,0.32,0.88,0.35,0.43,1.26,-3.55,2.12,1.72,,,,,,,,
1.62,0.31,0.87,0.36,0.43,1.27,-3.63,,,,,,,,,,
1.61,0.31,0.86,0.36,0.43,1.28,-3.7,,,,,,,,,,
1.6,0.3,0.85,0.36,0.42,1.29,-3.77,,,,,,,,,,
1.59,0.29,0.84,0.37,0.42,1.3,-3.85,,,,,,,,,,
1.58,0.29,0.83,0.37,0.42,1.31,-3.92,,,,,,,,,,
1.58,0.28,0.82,0.37,0.42,1.32,-3.99,,,,,,,,,,
1.57,0.28,0.81,0.38,0.42,1.33,-4.06,,,,,,,,,,
1.56,0.27,0.81,0.38,0.41,1.34,-4.13,,,,,,,,,,
1.55,0.27,0.8,0.39,0.41,1.35,-4.19,,,,,,,,,,
1.54,0.26,0.79,0.39,0.41,1.36,-4.26,2.04,1.66,,,,,,,,
1.53,0.26,0.78,0.39,0.41,1.37,-4.32,,,,,,,,,,
1.53,0.25,0.77,0.4,0.41,1.38,-4.39,,,,,,,,,,
1.52,0.24,0.76,0.4,0.41,1.39,-4.45,,,,,,,,,,
1.51,0.24,0.75,0.41,0.41,1.4,-4.51,,,,,,,,,,
1.5,0.23,0.74,0.41,0.4,1.41,-4.57,,,,,,,,,,
1.49,0.23,0.73,0.42,0.4,1.41,-4.63,,,,,,,,,,
1.48,0.22,0.72,0.42,0.4,1.42,-4.69,,,,,,,,,,
1.47,0.22,0.72,0.43,0.4,1.43,-4.74,,,,,,,,,,
1.47,0.22,0.71,0.43,0.4,1.44,-4.8,,,,,,,,,,
1.46,0.21,0.7,0.44,0.4,1.45,-4.85,1.96,1.61,,,,,,,,
1.45,0.21,0.69,0.44,0.4,1.46,-4.91,,,,,,,,,,
1.44,0.2,0.68,0.45,0.4,1.47,-4.96,,,,,,,,,,
1.43,0.2,0.67,0.45,0.4,1.48,-5.01,,,,,,,,,,
1.42,0.19,0.66,0.46,0.4,1.49,-5.06,,,,,,,,,,
1.41,0.19,0.66,0.46,0.4,1.5,-5.11,,,,,,,,,,
1.4,0.18,0.65,0.47,0.4,1.51,-5.15,,,,,,,,,,
1.39,0.18,0.64,0.47,0.4,1.52,-5.2,,,,,,,,,,
1.38,0.18,0.63,0.48,0.4,1.53,-5.24,,,,,,,,,,
1.37,0.17,0.62,0.48,0.4,1.54,-5.28,,,,,,,,,,
1.37,0.17,0.61,0.49,0.4,1.55,-5.33,1.87,1.57,,,,,,,,
1.36,0.17,0.61,0.5,0.4,1.56,-5.37,,,,,,,,,,
1.35,0.16,0.6,0.5,0.4,1.57,-5.41,,,,,,,,,,
1.34,0.16,0.59,0.51,0.4,1.58,-5.44,,,,,,,,,,
1.33,0.16,0.58,0.51,0.4,1.59,-5.48,,,,,,,,,,
1.32,0.15,0.57,0.52,0.41,1.6,-5.52,,,,,,,,,,
1.31,0.15,0.57,0.53,0.41,1.61,-5.55,,,,,,,,,,
1.3,0.15,0.56,0.53,0.41,1.62,-5.58,,,,,,,,,,
1.29,0.14,0.55,0.54,0.41,1.63,-5.62,,,,,,,,,,
1.28,0.14,0.54,0.55,0.41,1.64,-5.65,,,,,,,,,,
1.27,0.14,0.54,0.55,0.41,1.65,-5.68,1.77,1.54,25.27,24.54,25.34,25.75,1.03,5.14,80.19,89.1
1.26,0.13,0.53,0.56,0.41,1.66,-5.7,,,,,,,,,,
1.25,0.13,0.52,0.57,0.42,1.67,-5.73,,,,,,,,,,
1.24,0.13,0.51,0.57,0.42,1.68,-5.76,,,,,,,,,,
1.23,0.13,0.51,0.58,0.42,1.69,-5.78,,,,,,,,,,
1.22,0.13,0.5,0.59,0.42,1.7,-5.8,,,,,,,,,,
1.21,0.12,0.49,0.59,0.42,1.71,-5.83,,,,,,,,,,
1.2,0.12,0.49,0.6,0.43,1.72,-5.85,,,,,,,,,,
1.19,0.12,0.48,0.61,0.43,1.73,-5.87,,,,,,,,,,
1.18,0.12,0.47,0.61,0.43,1.74,-5.89,,,,,,,,,,
1.17,0.12,0.47,0.62,0.43,1.75,-5.9,1.67,1.52,,,,,,,,
1.16,0.11,0.46,0.63,0.43,1.76,-5.92,,,,,,,,,,
1.15,0.11,0.45,0.64,0.44,1.77,-5.93,,,,,,,,,,
1.14,0.11,0.44,0.64,0.44,1.78,-5.95,,,,,,,,,,
1.13,0.11,0.44,0.65,0.44,1.79,-5.96,,,,,,,,,,
1.12,0.11,0.43,0.66,0.45,1.8,-5.97,,,,,,,,,,
1.11,0.11,0.43,0.67,0.45,1.81,-5.98,,,,,,,,,,
1.1,0.11,0.42,0.68,0.45,1.82,-5.99,,,,,,,,,,
1.09,0.1,0.41,0.68,0.46,1.83,-5.99,,,,,,,,,,
1.08,0.1,0.41,0.69,0.46,1.84,-6.0,,,,,,,,,,
1.07,0.1,0.4,0.7,0.46,1.85,-6.0,1.57,1.5,,,,,,,,
1.06,0.1,0.4,0.71,0.47,1.86,-6.01,,,,,,,,,,
1.05,0.1,0.39,0.71,0.47,1.87,-6.01,,,,,,,,,,
1.04,0.1,0.38,0.72,0.47,1.88,-6.01,,,,,,,,,,
1.03,0.1,0.38,0.73,0.48,1.88,-6.01,,,,,,,,,,
1.02,0.1,0.37,0.74,0.48,1.89,-6.01,,,,,,,,,,
1.01,0.1,0.37,0.75,0.48,1.9,-6.01,,,,,,,,,,
1.0,0.1,0.36,0.76,0.49,1.91,-6.0,,,,,,,,,,
0.99,0.1,0.36,0.76,0.49,1.92,-6.0,,,,,,,,,,
0.98,0.1,0.35,0.77,0.5,1.93,-5.99,,,,,,,,,,
0.97,0.1,0.34,0.78,0.5,1.94,-5.98,1.47,1.5,,,,,,,,
0.96,0.1,0.34,0.79,0.51,1.95,-5.97,,,,,,,,,,
0.95,0.1,0.33,0.8,0.51,1.96,-5.96,,,,,,,,,,
0.94,0.1,0.33,0.81,0.52,1.97,-5.95,,,,,,,,,,
0.93,0.1,0.32,0.82,0.52,1.97,-5.94,,,,,,,,,,
0.92,0.1,0.32,0.82,0.52,1.98,-5.93,,,,,,,,,,
0.91,0.1,0.32,0.83,0.53,1.99,-5.91,,,,,,,,,,
0.9,0.1,0.31,0.84,0.53,2.0,-5.9,,,,,,,,,,
0.89,0.11,0.31,0.85,0.54,2.01,-5.88,,,,,,,,,,
0.88,0.11,0.3,0.86,0.54,2.02,-5.86,,,,,,,,,,
0.87,0.11,0.3,0.87,0.55,2.03,-5.84,1.37,1.51,,,,,,,,
0.86,0.11,0.29,0.88,0.56,2.04,-5.82,,,,,,,,,,
0.85,0.11,0.29,0.89,0.56,2.04,-5.8,,,,,,,,,,
0.84,0.11,0.28,0.9,0.57,2.05,-5.78,,,,,,,,,,
0.84,0.11,0.28,0.91,0.57,2.06,-5.76,,,,,,,,,,
0.83,0.12,0.28,0.92,0.58,2.07,-5.73,,,,,,,,,,
0.82,0.12,0.27,0.92,0.58,2.08,-5.7,,,,,,,,,,
0.81,0.12,0.27,0.93,0.59,2.08,-5.68,,,,,,,,,,
0.8,0.12,0.27,0.94,0.59,2.09,-5.65,,,,,,,,,,
0.79,0.12,0.26,0.95,0.6,2.1,-5.62,,,,,,,,,,
0.78,0.13,0.26,0.96,0.61,2.11,-5.59,1.28,1.53,,,,,,,,
0.77,0.13,0.26,0.97,0.61,2.12,-5.56,,,,,,,,,,
0.76,0.13,0.25,0.98,0.62,2.12,-5.53,,,,,,,,,,
0.75,0.13,0.25,0.99,0.63,2.13,-5.49,,,,,,,,,,
0.74,0.14,0.25,1.0,0.63,2.14,-5.46,,,,,,,,,,
0.73,0.14,0.24,1.01,0.64,2.15,-5.42,,,,,,,,,,
0.72,0.14,0.24,1.02,0.64,2.16,-5.38,,,,,,,,,,
0.71,0.14,0.24,1.03,0.65,2.16,-5.35,,,,,,,,,,
0.7,0.15,0.23,1.04,0.66,2.17,-5.31,,,,,,,,,,
0.69,0.15,0.23,1.05,0.66,2.18,-5.27,,,,,,,,,,
0.68,0.15,0.23,1.06,0.67,2.19,-5.23,1.18,1.55,,,,,,,,
0.67,0.16,0.23,1.07,0.68,2.19,-5.18,,,,,,,,,,
0.66,0.16,0.23,1.08,0.69,2.2,-5.14,,,,,,,,,,
0.65,0.16,0.22,1.09,0.69,2.21,-5.1,,,,,,,,,,
0.64,0.17,0.22,1.1,0.7,2.21,-5.05,,,,,,,,,,
0.63,0.17,0.22,1.11,0.71,2.22,-5.01,,,,,,,,,,
0.62,0.17,0.22,1.12,0.71,2.23,-4.96,,,,,,,,,,
0.61,0.18,0.22,1.13,0.72,2.23,-4.91,,,,,,,,,,
0.61,0.18,0.21,1.14,0.73,2.24,-4.86,,,,,,,,,,
0.6,0.19,0.21,1.15,0.74,2.25,-4.81,,,,,,,,,,
0.59,0.19,0.21,1.16,0.74,2.25,-4.76,1.09,1.59,,,,,,,,
0.58,0.19,0.21,1.17,0.75,2.26,-4.71,,,,,,,,,,
0.57,0.2,0.21,1.18,0.76,2.27,-4.65,,,,,,,,,,
0.56,0.2,0.21,1.19,0.77,2.27,-4.6,,,,,,,,,,
0.55,0.21,0.21,1.2,0.77,2.28,-4.55,,,,,,,,,,
0.54,0.21,0.2,1.21,0.78,2.29,-4.49,,,,,,,,,,
0.53,0.22,0.2,1.21,0.79,2.29,-4.43,,,,,,,,,,
0.52,0.22,0.2,1.22,0.8,2.3,-4.38,,,,,,,,,,
0.52,0.23,0.2,1.23,0.81,2.3,-4.32,,,,,,,,,,
0.51,0.23,0.2,1.24,0.81,2.31,-4.26,,,,,,,,,,
0.5,0.24,0.2,1.25,0.82,2.32,-4.2,1.0,1.64,,,,,,,,
0.49,0.24,0.2,1.26,0.83,2.32,-4.14,,,,,,,,,,
0.48,0.25,0.2,1.27,0.84,2.33,-4.07,,,,,,,,,,
0.47,0.25,0.2,1.28,0.85,2.33,-4.01,,,,,,,,,,
0.46,0.26,0.2,1.29,0.86,2.34,-3.95,,,,,,,,,,
0.46,0.26,0.2,1.3,0.86,2.34,-3.88,,,,,,,,,,
0.45,0.27,0.2,1.31,0.87,2.35,-3.82,,,,,,,,,,
0.44,0.27,0.2,1.32,0.88,2.35,-3.75,,,,,,,,,,
0.43,0.28,0.2,1.33,0.89,2.36,-3.68,,,,,,,,,,
0.42,0.28,0.2,1.34,0.9,2.36,-3.61,,,,,,,,,,
0.41,0.29,0.2,1.35,0.91,2.37,-3.54,0.91,1.69,,,,,,,,
0.41,0.3,0.2,1.36,0.92,2.37,-3.48,,,,,,,,,,
0.4,0.3,0.2,1.37,0.92,2.38,-3.4,,,,,,,,,,
0.39,0.31,0.2,1.38,0.93,2.38,-3.33,,,,,,,,,,
0.38,0.31,0.2,1.39,0.94,2.39,-3.26,,,,,,,,,,
0.37,0.32,0.21,1.4,0.95,2.39,-3.19,,,,,,,,,,
0.37,0.33,0.21,1.41,0.96,2.4,-3.11,,,,,,,,,,
0.36,0.33,0.21,1.42,0.97,2.4,-3.04,,,,,,,,,,
0.35,0.34,0.21,1.43,0.98,2.41,-2.96,,,,,,,,,,
0.34,0.35,0.21,1.44,0.99,2.41,-2.89,,,,,,,,,,
0.34,0.35,0.21,1.45,1.0,2.41,-2.81,0.84,1.75,24.34,24.75,25.01,26.65,0.93,4.67,81.26,86.24
0.33,0.36,0.21,1.46,1.01,2.42,-2.73,,,,,,,,,,
0.32,0.37,0.22,1.47,1.01,2.42,-2.66,,,,,,,,,,
0.31,0.37,0.22,1.48,1.02,2.43,-2.58,,,,,,,,,,
0.31,0.38,0.22,1.49,1.03,2.43,-2.5,,,,,,,,,,
0.3,0.39,0.22,1.5,1.04,2.43,-2.42,,,,,,,,,,
0.29,0.39,0.22,1.51,1.05,2.44,-2.34,,,,,,,,,,
0.29,0.4,0.23,1.52,1.06,2.44,-2.25,,,,,,,,,,
0.28,0.41,0.23,1.53,1.07,2.44,-2.17,,,,,,,,,,
0.27,0.41,0.23,1.54,1.08,2.45,-2.09,,,,,,,,,,
0.27,0.42,0.23,1.55,1.09,2.45,-2.01,0.77,1.82,,,,,,,,
0.26,0.43,0.23,1.56,1.1,2.45,-1.92,,,,,,,,,,
0.25,0.44,0.24,1.57,1.11,2.46,-1.84,,,,,,,,,,
0.24,0.44,0.24,1.58,1.12,2.46,-1.75,,,,,,,,,,
0.24,0.45,0.24,1.59,1.13,2.46,-1.66,,,,,,,,,,
0.23,0.46,0.25,1.6,1.14,2.46,-1.58,,,,,,,,,,
0.23,0.47,0.25,1.61,1.15,2.47,-1.49,,,,,,,,,,
0.22,0.48,0.25,1.62,1.16,2.47,-1.4,,,,,,,,,,
0.21,0.48,0.26,1.63,1.17,2.47,-1.31,,,,,,,,,,
0.21,0.49,0.26,1.64,1.18,2.47,-1.22,,,,,,,,,,
0.2,0.5,0.26,1.65,1.19,2.48,-1.13,0.7,1.9,,,,,,,,
0.2,0.51,0.27,1.66,1.2,2.48,-1.04,,,,,,,,,,
0.19,0.51,0.27,1.67,1.21,2.48,-0.95,,,,,,,,,,
0.18,0.52,0.27,1.68,1.22,2.48,-0.86,,,,,,,,,,
0.18,0.53,0.28,1.68,1.22,2.48,-0.77,,,,,,,,,,
0.17,0.54,0.28,1.69,1.23,2.49,-0.68,,,,,,,,,,
0.17,0.55,0.28,1.7,1.24,2.49,-0.58,,,,,,,,,,
0.16,0.56,0.29,1.71,1.25,2.49,-0.49,,,,,,,,,,
0.16,0.56,0.29,1.72,1.26,2.49,-0.4,,,,,,,,,,
0.15,0.57,0.3,1.73,1.27,2.49,-0.3,,,,,,,,,,
0.14,0.58,0.3,1.74,1.28,2.49,-0.21,0.64,1.98,,,,,,,,
0.14,0.59,0.31,1.75,1.29,2.49,-0.11,,,,,,,,,,
0.13,0.6,0.31,1.76,1.3,2.5,-0.01,,,,,,,,,,
0.13,0.61,0.32,1.77,1.31,2.5,0.08,,,,,,,,,,
0.12,0.62,0.32,1.77,1.32,2.5,0.18,,,,,,,,,,
0.12,0.62,0.32,1.78,1.33,2.5,0.28,,,,,,,,,,
0.12,0.63,0.33,1.79,1.34,2.5,0.37,,,,,,,,,,
0.11,0.64,0.33,1.8,1.35,2.5,0.47,,,,,,,,,,
0.11,0.65,0.34,1.81,1.36,2.5,0.57,,,,,,,,,,
0.1,0.66,0.34,1.82,1.37,2.5,0.67,,,,,,,,,,
0.1,0.67,0.35,1.83,1.38,2.5,0.77,0.6,2.07,,,,,,,,
0.09,0.68,0.36,1.84,1.39,2.5,0.87,,,,,,,,,,
0.09,0.69,0.36,1.84,1.4,2.5,0.97,,,,,,,,,,
0.08,0.7,0.37,1.85,1.41,2.5,1.07,,,,,,,,,,
0.08,0.71,0.37,1.86,1.42,2.5,1.17,,,,,,,,,,
0.08,0.72,0.38,1.87,1.43,2.5,1.27,,,,,,,,,,
0.07,0.72,0.38,1.88,1.44,2.5,1.38,,,,,,,,,,
0.07,0.73,0.39,1.88,1.45,2.5,1.48,,,,,,,,,,
0.07,0.74,0.39,1.89,1.46,2.5,1.58,,,,,,,,,,
0.06,0.75,0.4,1.9,1.47,2.5,1.68,,,,,,,,,,
0.06,0.76,0.41,1.91,1.48,2.5,1.79,0.56,2.16,,,,,,,,
0.06,0.77,0.41,1.92,1.49,2.5,1.89,,,,,,,,,,
0.05,0.78,0.42,1.92,1.5,2.49,2.0,,,,,,,,,,
0.05,0.79,0.43,1.93,1.51,2.49,2.1,,,,,,,,,,
0.05,0.8,0.43,1.94,1.52,2.49,2.2,,,,,,,,,,
0.04,0.81,0.44,1.95,1.53,2.49,2.31,,,,,,,,,,
0.04,0.82,0.44,1.96,1.54,2.49,2.41,,,,,,,,,,
0.04,0.83,0.45,1.96,1.55,2.49,2.52,,,,,,,,,,
0.03,0.84,0.46,1.97,1.56,2.49,2.63,,,,,,,,,,
0.03,0.85,0.46,1.98,1.57,2.48,2.73,,,,,,,,,,
0.03,0.86,0.47,1.99,1.58,2.48,2.84,0.53,2.26,,,,,,,,
0.03,0.87,0.48,1.99,1.59,2.48,2.94,,,,,,,,,,
0.03,0.88,0.49,2.0,1.6,2.48,3.05,,,,,,,,,,
0.02,0.89,0.49,2.01,1.61,2.48,3.16,,,,,,,,,,
0.02,0.9,0.5,2.01,1.62,2.48,3.27,,,,,,,,,,
0.02,0.91,0.51,2.02,1.63,2.47,3.37,,,,,,,,,,
0.02,0.92,0.51,2.03,1.64,2.47,3.48,,,,,,,,,,
0.02,0.93,0.52,2.03,1.65,2.47,3.59,,,,,,,,,,
0.01,0.94,0.53,2.04,1.66,2.47,3.7,,,,,,,,,,
0.01,0.95,0.54,2.05,1.67,2.46,3.8,,,,,,,,,,
0.01,0.96,0.54,2.05,1.68,2.46,3.91,0.51,2.36,,,,,,,,
0.01,0.97,0.55,2.06,1.69,2.46,4.02,,,,,,,,,,
0.01,0.98,0.56,2.07,1.7,2.45,4.13,,,,,,,,,,
0.01,0.99,0.57,2.07,1.71,2.45,4.24,,,,,,,,,,
0.01,1.0,0.57,2.08,1.72,2.45,4.35,,,,,,,,,,
0.0,1.01,0.58,2.09,1.73,2.44,4.46,,,,,,,,,,
0.0,1.01,0.59,2.09,1.74,2.44,4.57,,,,,,,,,,
0.0,1.02,0.6,2.1,1.75,2.44,4.68,,,,,,,,,,
0.0,1.03,0.61,2.1,1.76,2.43,4.79,,,,,,,,,,
0.0,1.04,0.61,2.11,1.77,2.43,4.89,,,,,,,,,,
0.0,1.05,0.62,2.12,1.77,2.43,5.0,0.5,2.45,,,,,,,,
0.0,1.06,0.63,2.12,1.78,2.42,5.11,,,,,,,,,,
0.0,1.07,0.64,2.13,1.79,2.42,5.22,,,,,,,,,,
0.0,1.08,0.65,2.13,1.8,2.42,5.33,,,,,,,,,,
0.0,1.09,0.66,2.14,1.81,2.41,5.44,,,,,,,,,,
0.0,1.1,0.66,2.14,1.82,2.41,5.55,,,,,,,,,,
0.0,1.11,0.67,2.15,1.83,2.4,5.66,,,,,,,,,,
0.0,1.12,0.68,2.15,1.84,2.4,5.77,,,,,,,,,,
0.0,1.13,0.69,2.16,1.85,2.39,5.88,,,,,,,,,,
0.0,1.14,0.7,2.16,1.86,2.39,5.99,,,,,,,,,,
0.0,1.15,0.71,2.17,1.87,2.39,6.1,0.5,2.55,,,,,,,,
0.0,1.16,0.72,2.17,1.87,2.38,6.21,,,,,,,,,,
0.0,1.17,0.72,2.18,1.88,2.38,6.32,,,,,,,,,,
0.0,1.18,0.73,2.18,1.89,2.37,6.43,,,,,,,,,,
0.0,1.19,0.74,2.19,1.9,2.37,6.54,,,,,,,,,,
0.01,1.2,0.75,2.19,1.91,2.36,6.65,,,,,,,,,,
0.01,1.21,0.76,2.2,1.92,2.36,6.76,,,,,,,,,,
0.01,1.22,0.77,2.2,1.93,2.35,6.87,,,,,,,,,,
0.01,1.23,0.78,2.21,1.93,2.35,6.98,,,,,,,,,,
0.01,1.24,0.79,2.21,1.94,2.34,7.09,,,,,,,,,,
0.01,1.25,0.8,2.21,1.95,2.33,7.2,0.51,2.65,24.01,25.65,25.6,27.41,0.9,4.51,85.77,86.83
0.01,1.26,0.81,2.22,1.96,2.33,7.31,,,,,,,,,,
0.02,1.27,0.81,2.22,1.97,2.32,7.42,,,,,,,,,,
0.02,1.28,0.82,2.23,1.98,2.32,7.53,,,,,,,,,,
0.02,1.29,0.83,2.23,1.98,2.31,7.64,,,,,,,,,,
0.02,1.3,0.84,2.23,1.99,2.31,7.75,,,,,,,,,,
0.02,1.31,0.85,2.24,2.0,2.3,7.86,,,,,,,,,,
0.03,1.32,0.86,2.24,2.01,2.29,7.97,,,,,,,,,,
0.03,1.33,0.87,2.24,2.02,2.29,8.08,,,,,,,,,,
0.03,1.34,0.88,2.25,2.02,2.28,8.19,,,,,,,,,,
0.03,1.35,0.89,2.25,2.03,2.28,8.3,0.53,2.75,,,,,,,,
0.03,1.36,0.9,2.25,2.04,2.27,8.41,,,,,,,,,,
0.04,1.37,0.91,2.26,2.05,2.26,8.51,,,,,,,,,,
0.04,1.38,0.92,2.26,2.05,2.26,8.62,,,,,,,,,,
0.04,1.39,0.93,2.26,2.06,2.25,8.73,,,,,,,,,,
0.05,1.4,0.94,2.26,2.07,2.24,8.84,,,,,,,,,,
0.05,1.41,0.95,2.27,2.08,2.24,8.95,,,,,,,,,,
0.05,1.42,0.96,2.27,2.08,2.23,9.05,,,,,,,,,,
0.06,1.43,0.97,2.27,2.09,2.22,9.16,,,,,,,,,,
0.06,1.44,0.98,2.27,2.1,2.22,9.27,,,,,,,,,,
0.06,1.45,0.99,2.28,2.11,2.21,9.37,0.56,2.85,,,,,,,,
0.07,1.46,1.0,2.28,2.11,2.2,9.48,,,,,,,,,,
0.07,1.47,1.01,2.28,2.12,2.19,9.59,,,,,,,,,,
0.07,1.48,1.02,2.28,2.13,2.19,9.69,,,,,,,,,,
0.08,1.48,1.02,2.28,2.13,2.18,9.8,,,,,,,,,,
0.08,1.49,1.03,2.29,2.14,2.17,9.91,,,,,,,,,,
0.08,1.5,1.04,2.29,2.15,2.16,10.01,,,,,,,,,,
0.09,1.51,1.05,2.29,2.15,2.16,10.12,,,,,,,,,,
0.09,1.52,1.06,2.29,2.16,2.15,10.22,,,,,,,,,,
0.1,1.53,1.07,2.29,2.17,2.14,10.32,,,,,,,,,,
0.1,1.54,1.08,2.29,2.17,2.13,10.43,0.6,2.94,,,,,,,,
0.11,1.55,1.09,2.29,2.18,2.13,10.53,,,,,,,,,,
0.11,1.56,1.1,2.3,2.19,2.12,10.64,,,,,,,,,,
0.12,1.57,1.11,2.3,2.19,2.11,10.74,,,,,,,,,,
0.12,1.57,1.12,2.3,2.2,2.1,10.84,,,,,,,,,,
0.12,1.58,1.13,2.3,2.2,2.09,10.94,,,,,,,,,,
0.13,1.59,1.14,2.3,2.21,2.09,11.05,,,,,,,,,,
0.13,1.6,1.15,2.3,2.22,2.08,11.15,,,,,,,,,,
0.14,1.61,1.16,2.3,2.22,2.07,11.25,,,,,,,,,,
0.14,1.62,1.17,2.3,2.23,2.06,11.35,,,,,,,,,,
0.15,1.63,1.18,2.3,2.23,2.05,11.45,0.65,3.03,,,,,,,,
0.16,1.64,1.19,2.3,2.24,2.05,11.55,,,,,,,,,,
0.16,1.64,1.2,2.3,2.24,2.04,11.65,,,,,,,,,,
0.17,1.65,1.21,2.3,2.25,2.03,11.75,,,,,,,,,,
0.17,1.66,1.22,2.3,2.25,2.02,11.85,,,,,,,,,,
0.18,1.67,1.23,2.3,2.26,2.01,11.94,,,,,,,,,,
0.18,1.68,1.24,2.3,2.26,2.0,12.04,,,,,,,,,,
0.19,1.68,1.25,2.3,2.27,1.99,12.14,,,,,,,,,,
0.19,1.69,1.26,2.3,2.27,1.99,12.24,,,,,,,,,,
0.2,1.7,1.27,2.3,2.28,1.98,12.33,,,,,,,,,,
0.21,1.71,1.28,2.3,2.28,1.97,12.43,0.71,3.11,,,,,,,,
0.21,1.72,1.29,2.3,2.29,1.96,12.52,,,,,,,,,,
0.22,1.72,1.3,2.29,2.29,1.95,12.62,,,,,,,,,,
0.23,1.73,1.31,2.29,2.3,1.94,12.71,,,,,,,,,,
0.23,1.74,1.32,2.29,2.3,1.93,12.81,,,,,,,,,,
0.24,1.75,1.33,2.29,2.31,1.92,12.9,,,,,,,,,,
0.24,1.76,1.34,2.29,2.31,1.91,12.99,,,,,,,,,,
0.25,1.76,1.35,2.29,2.31,1.9,13.09,,,,,,,,,,
0.26,1.77,1.36,2.29,2.32,1.9,13.18,,,,,,,,,,
0.26,1.78,1.37,2.28,2.32,1.89,13.27,,,,,,,,,,
0.27,1.79,1.38,2.28,2.33,1.88,13.36,0.77,3.19,,,,,,,,
0.28,1.79,1.39,2.28,2.33,1.87,13.45,,,,,,,,,,
0.29,1.8,1.4,2.28,2.33,1.86,13.54,,,,,,,,,,
0.29,1.81,1.41,2.28,2.34,1.85,13.63,,,,,,,,,,
0.3,1.81,1.42,2.28,2.34,1.84,13.72,,,,,,,,,,
0.31,1.82,1.43,2.27,2.34,1.83,13.8,,,,,,,,,,
0.31,1.83,1.44,2.27,2.35,1.82,13.89,,,,,,,,,,
0.32,1.83,1.45,2.27,2.35,1.81,13.98,,,,,,,,,,
0.33,1.84,1.46,2.27,2.35,1.8,14.06,,,,,,,,,,
0.34,1.85,1.47,2.26,2.36,1.79,14.15,,,,,,,,,,
0.34,1.85,1.48,2.26,2.36,1.78,14.23,0.84,3.25,,,,,,,,
0.35,1.86,1.49,2.26,2.36,1.77,14.31,,,,,,,,,,
0.36,1.87,1.5,2.25,2.36,1.76,14.4,,,,,,,,,,
0.37,1.87,1.51,2.25,2.37,1.75,14.48,,,,,,,,,,
0.37,1.88,1.52,2.25,2.37,1.74,14.56,,,,,,,,,,
0.38,1.89,1.53,2.24,2.37,1.73,14.64,,,,,,,,,,
0.39,1.89,1.54,2.24,2.37,1.72,14.72,,,,,,,,,,
0.4,1.9,1.55,2.24,2.38,1.72,14.8,,,,,,,,,,
0.41,1.9,1.56,2.23,2.38,1.71,14.88,,,,,,,,,,
0.41,1.91,1.57,2.23,2.38,1.7,14.96,,,,,,,,,,
0.42,1.92,1.57,2.23,2.38,1.69,15.03,0.92,3.32,,,,,,,,
0.43,1.92,1.58,2.22,2.38,1.68,15.11,,,,,,,,,,
0.44,1.93,1.59,2.22,2.39,1.67,15.19,,,,,,,,,,
0.45,1.93,1.6,2.22,2.39,1.66,15.26,,,,,,,,,,
0.46,1.94,1.61,2.21,2.39,1.65,15.34,,,,,,,,,,
0.46,1.94,1.62,2.21,2.39,1.64,15.41,,,,,,,,,,
0.47,1.95,1.63,2.2,2.39,1.63,15.48,,,,,,,,,,
0.48,1.95,1.64,2.2,2.39,1.62,15.55,,,,,,,,,,
0.49,1.96,1.65,2.19,2.39,1.61,15.62,,,,,,,,,,
0.5,1.96,1.66,2.19,2.4,1.6,15.69,,,,,,,,,,
0.51,1.97,1.67,2.19,2.4,1.59,15.76,1.01,3.37,,,,,,,,
0.52,1.97,1.67,2.18,2.4,1.58,15.83,,,,,,,,,,
0.52,1.98,1.68,2.18,2.4,1.57,15.9,,,,,,,,,,
0.53,1.98,1.69,2.17,2.4,1.56,15.96,,,,,,,,,,
0.54,1.99,1.7,2.17,2.4,1.55,16.03,,,,,,,,,,
0.55,1.99,1.71,2.16,2.4,1.54,16.09,,,,,,,,,,
0.56,2.0,1.72,2.16,2.4,1.53,16.16,,,,,,,,,,
0.57,2.0,1.73,2.15,2.4,1.52,16.22,,,,,,,,,,
0.58,2.01,1.73,2.15,2.4,1.51,16.28,,,,,,,,,,
0.59,2.01,1.74,2.14,2.4,1.5,16.35,,,,,,,,,,
0.6,2.01,1.75,2.13,2.4,1.49,16.41,1.1,3.41,24.6,26.41,26.55,27.33,0.96,4.8,89.57,90.34
0.61,2.02,1.76,2.13,2.4,1.48,16.46,,,,,,,,,,
0.61,2.02,1.77,2.12,2.4,1.47,16.52,,,,,,,,,,
0.62,2.03,1.78,2.12,2.4,1.46,16.58,,,,,,,,,,
0.63,2.03,1.78,2.11,2.4,1.45,16.64,,,,,,,,,,
0.64,2.03,1.79,2.11,2.4,1.44,16.69,,,,,,,,,,
0.65,2.04,1.8,2.1,2.4,1.43,16.75,,,,,,,,,,
0.66,2.04,1.81,2.09,2.4,1.42,16.8,,,,,,,,,,
0.67,2.04,1.82,2.09,2.4,1.41,16.85,,,,,,,,,,
0.68,2.05,1.82,2.08,2.39,1.4,16.9,,,,,,,,,,
0.69,2.05,1.83,2.08,2.39,1.39,16.96,1.19,3.45,,,,,,,,
0.7,2.05,1.84,2.07,2.39,1.38,17.01,,,,,,,,,,
0.71,2.06,1.85,2.06,2.39,1.37,17.05,,,,,,,,,,
0.72,2.06,1.85,2.06,2.39,1.36,17.1,,,,,,,,,,
0.73,2.06,1.86,2.05,2.39,1.35,17.15,,,,,,,,,,
0.74,2.06,1.87,2.04,2.39,1.34,17.19,,,,,,,,,,
0.75,2.07,1.88,2.04,2.39,1.33,17.24,,,,,,,,,,
0.76,2.07,1.88,2.03,2.38,1.32,17.28,,,,,,,,,,
0.77,2.07,1.89,2.02,2.38,1.31,17.32,,,,,,,,,,
0.78,2.07,1.9,2.02,2.38,1.3,17.36,,,,,,,,,,
0.79,2.08,1.91,2.01,2.38,1.29,17.4,1.29,3.48,,,,,,,,
0.8,2.08,1.91,2.0,2.38,1.28,17.44,,,,,,,,,,
0.81,2.08,1.92,1.99,2.37,1.27,17.48,,,,,,,,,,
0.82,2.08,1.93,1.99,2.37,1.26,17.52,,,,,,,,,,
0.82,2.08,1.93,1.98,2.37,1.25,17.55,,,,,,,,,,
0.83,2.09,1.94,1.97,2.37,1.24,17.59,,,,,,,,,,
0.84,2.09,1.95,1.96,2.36,1.23,17.62,,,,,,,,,,
0.85,2.09,1.95,1.96,2.36,1.22,17.66,,,,,,,,,,
0.86,2.09,1.96,1.95,2.36,1.21,17.69,,,,,,,,,,
0.87,2.09,1.97,1.94,2.35,1.2,17.72,,,,,,,,,,
0.88,2.09,1.97,1.93,2.35,1.19,17.75,1.38,3.49,,,,,,,,
0.89,2.09,1.98,1.93,2.35,1.18,17.77,,,,,,,,,,
0.9,2.1,1.99,1.92,2.34,1.17,17.8,,,,,,,,,,
0.91,2.1,1.99,1.91,2.34,1.16,17.83,,,,,,,,,,
0.92,2.1,2.0,1.9,2.34,1.15,17.85,,,,,,,,,,
0.93,2.1,2.0,1.89,2.33,1.14,17.88,,,,,,,,,,
0.94,2.1,2.01,1.89,2.33,1.14,17.9,,,,,,,,,,
0.95,2.1,2.02,1.88,2.33,1.13,17.92,,,,,,,,,,
0.96,2.1,2.02,1.87,2.32,1.12,17.94,,,,,,,,,,
0.97,2.1,2.03,1.86,2.32,1.11,17.96,,,,,,,,,,
0.98,2.1,2.03,1.85,2.32,1.1,17.97,1.48,3.5,,,,,,,,
0.99,2.1,2.04,1.85,2.31,1.09,17.99,,,,,,,,,,
1.0,2.1,2.04,1.84,2.31,1.08,18.01,,,,,,,,,,
1.01,2.1,2.05,1.83,2.3,1.07,18.02,,,,,,,,,,
1.02,2.1,2.05,1.82,2.3,1.06,18.03,,,,,,,,,,
1.03,2.1,2.06,1.81,2.29,1.05,18.04,,,,,,,,,,
1.04,2.1,2.06,1.8,2.29,1.04,18.05,,,,,,,,,,
1.05,2.1,2.07,1.79,2.29,1.04,18.06,,,,,,,,,,
1.06,2.1,2.07,1.79,2.28,1.03,18.07,,,,,,,,,,
1.07,2.1,2.08,1.78,2.28,1.02,18.08,,,,,,,,,,
1.08,2.1,2.08,1.77,2.27,1.01,18.08,1.58,3.5,,,,,,,,
1.09,2.1,2.09,1.76,2.27,1.0,18.09,,,,,,,,,,
1.1,2.09,2.09,1.75,2.26,0.99,18.09,,,,,,,,,,
1.11,2.09,2.1,1.74,2.26,0.98,18.09,,,,,,,,,,
1.12,2.09,2.1,1.73,2.25,0.97,18.09,,,,,,,,,,
1.13,2.09,2.11,1.72,2.25,0.97,18.09,,,,,,,,,,
1.14,2.09,2.11,1.71,2.24,0.96,18.09,,,,,,,,,,
1.15,2.09,2.11,1.7,2.23,0.95,18.09,,,,,,,,,,
1.16,2.09,2.12,1.7,2.23,0.94,18.08,,,,,,,,,,
1.17,2.08,2.12,1.69,2.22,0.93,18.08,,,,,,,,,,
1.18,2.08,2.13,1.68,2.22,0.92,18.07,1.68,3.48,,,,,,,,
1.19,2.08,2.13,1.67,2.21,0.92,18.06,,,,,,,,,,
1.2,2.08,2.13,1.66,2.21,0.91,18.05,,,,,,,,,,
1.21,2.08,2.14,1.65,2.2,0.9,18.04,,,,,,,,,,
1.22,2.08,2.14,1.64,2.19,0.89,18.03,,,,,,,,,,
1.23,2.07,2.14,1.63,2.19,0.88,18.01,,,,,,,,,,
1.24,2.07,2.15,1.62,2.18,0.88,18.0,,,,,,,,,,
1.25,2.07,2.15,1.61,2.18,0.87,17.98,,,,,,,,,,
1.26,2.07,2.15,1.6,2.17,0.86,17.97,,,,,,,,,,
1.27,2.06,2.16,1.59,2.16,0.85,17.95,,,,,,,,,,
1.28,2.06,2.16,1.58,2.16,0.85,17.93,1.78,3.46,,,,,,,,
1.29,2.06,2.16,1.57,2.15,0.84,17.91,,,,,,,,,,
1.3,2.05,2.16,1.56,2.14,0.83,17.88,,,,,,,,,,
1.31,2.05,2.17,1.55,2.14,0.82,17.86,,,,,,,,,,
1.32,2.05,2.17,1.54,2.13,0.82,17.84,,,,,,,,,,
1.33,2.04,2.17,1.53,2.12,0.81,17.81,,,,,,,,,,
1.34,2.04,2.17,1.52,2.12,0.8,17.78,,,,,,,,,,
1.35,2.04,2.18,1.52,2.11,0.79,17.75,,,,,,,,,,
1.36,2.03,2.18,1.51,2.1,0.79,17.72,,,,,,,,,,
1.37,2.03,2.18,1.5,2.09,0.78,17.69,,,,,,,,,,
1.37,2.03,2.18,1.49,2.09,0.77,17.66,1.87,3.43,,,,,,,,
1.38,2.02,2.18,1.48,2.08,0.77,17.63,,,,,,,,,,
1.39,2.02,2.19,1.47,2.07,0.76,17.59,,,,,,,,,,
1.4,2.02,2.19,1.46,2.07,0.75,17.56,,,,,,,,,,
1.41,2.01,2.19,1.45,2.06,0.75,17.52,,,,,,,,,,
1.42,2.01,2.19,1.44,2.05,0.74,17.48,,,,,,,,,,
1.43,2.0,2.19,1.43,2.04,0.73,17.44,,,,,,,,,,
1.44,2.0,2.19,1.42,2.03,0.73,17.4,,,,,,,,,,
1.45,1.99,2.19,1.41,2.03,0.72,17.35,,,,,,,,,,
1.46,1.99,2.2,1.4,2.02,0.71,17.31,,,,,,,,,,
1.47,1.99,2.2,1.39,2.01,0.71,17.27,1.97,3.39,,,,,,,,
1.47,1.98,2.2,1.38,2.0,0.7,17.22,,,,,,,,,,
1.48,1.98,2.2,1.37,2.0,0.7,17.17,,,,,,,,,,
1.49,1.97,2.2,1.36,1.99,0.69,17.12,,,,,,,,,,
1.5,1.97,2.2,1.35,1.98,0.68,17.07,,,,,,,,,,
1.51,1.96,2.2,1.34,1.97,0.68,17.02,,,,,,,,,,
1.52,1.96,2.2,1.33,1.96,0.67,16.97,,,,,,,,,,
1.53,1.95,2.2,1.32,1.95,0.67,16.92,,,,,,,,,,
1.53,1.95,2.2,1.31,1.95,0.66,16.86,,,,,,,,,,
1.54,1.94,2.2,1.3,1.94,0.66,16.8,,,,,,,,,,
1.55,1.93,2.2,1.29,1.93,0.65,16.75,2.05,3.33,25.55,26.33,27.0,26.49,1.06,5.28,89.17,93.54
1.56,1.93,2.2,1.28,1.92,0.65,16.69,,,,,,,,,,
1.57,1.92,2.2,1.27,1.91,0.64,16.63,,,,,,,,,,
1.58,1.92,2.2,1.26,1.9,0.64,16.57,,,,,,,,,,
1.58,1.91,2.2,1.25,1.89,0.63,16.5,,,,,,,,,,
1.59,1.91,2.2,1.24,1.89,0.63,16.44,,,,,,,,,,
1.6,1.9,2.2,1.23,1.88,0.62,16.38,,,,,,,,,,
1.61,1.89,2.2,1.22,1.87,0.62,16.31,,,,,,,,,,
1.62,1.89,2.2,1.21,1.86,0.61,16.24,,,,,,,,,,
1.62,1.88,2.19,1.2,1.85,0.61,16.18,,,,,,,,,,
1.63,1.88,2.19,1.19,1.84,0.6,16.11,2.13,3.28,,,,,,,,
1.64,1.87,2.19,1.18,1.83,0.6,16.04,,,,,,,,,,
1.65,1.86,2.19,1.17,1.82,0.59,15.96,,,,,,,,,,
1.65,1.86,2.19,1.16,1.81,0.59,15.89,,,,,,,,,,
1.66,1.85,2.19,1.15,1.81,0.59,15.82,,,,,,,,,,
1.67,1.84,2.19,1.14,1.8,0.58,15.74,,,,,,,,,,
1.68,1.84,2.19,1.13,1.79,0.58,15.67,,,,,,,,,,
1.68,1.83,2.18,1.12,1.78,0.57,15.59,,,,,,,,,,
1.69,1.82,2.18,1.11,1.77,0.57,15.51,,,,,,,,,,
1.7,1.82,2.18,1.1,1.76,0.57,15.43,,,,,,,,,,
1.71,1.81,2.18,1.09,1.75,0.56,15.35,2.21,3.21,,,,,,,,
1.71,1.8,2.18,1.08,1.74,0.56,15.27,,,,,,,,,,
1.72,1.79,2.17,1.07,1.73,0.56,15.19,,,,,,,,,,
1.73,1.79,2.17,1.06,1.72,0.55,15.1,,,,,,,,,,
1.73,1.78,2.17,1.05,1.71,0.55,15.02,,,,,,,,,,
1.74,1.77,2.17,1.04,1.7,0.55,14.93,,,,,,,,,,
1.75,1.76,2.16,1.03,1.69,0.54,14.84,,,,,,,,,,
1.75,1.76,2.16,1.02,1.68,0.54,14.76,,,,,,,,,,
1.76,1.75,2.16,1.01,1.67,0.54,14.67,,,,,,,,,,
1.77,1.74,2.15,1.0,1.66,0.54,14.58,,,,,,,,,,
1.77,1.73,2.15,0.99,1.65,0.53,14.49,2.27,3.13,,,,,,,,
1.78,1.73,2.15,0.98,1.64,0.53,14.39,,,,,,,,,,
1.79,1.72,2.14,0.97,1.64,0.53,14.3,,,,,,,,,,
1.79,1.71,2.14,0.96,1.63,0.53,14.21,,,,,,,,,,
1.8,1.7,2.14,0.95,1.62,0.52,14.11,,,,,,,,,,
1.8,1.69,2.13,0.94,1.61,0.52,14.01,,,,,,,,,,
1.81,1.69,2.13,0.94,1.6,0.52,13.92,,,,,,,,,,
1.82,1.68,2.13,0.93,1.59,0.52,13.82,,,,,,,,,,
1.82,1.67,2.12,0.92,1.58,0.52,13.72,,,,,,,,,,
1.83,1.66,2.12,0.91,1.57,0.51,13.62,,,,,,,,,,
1.83,1.65,2.12,0.9,1.56,0.51,13.52,2.33,3.05,,,,,,,,
1.84,1.65,2.11,0.89,1.55,0.51,13.42,,,,,,,,,,
1.84,1.64,2.11,0.88,1.54,0.51,13.32,,,,,,,,,,
1.85,1.63,2.1,0.87,1.53,0.51,13.21,,,,,,,,,,
1.85,1.62,2.1,0.86,1.52,0.51,13.11,,,,,,,,,,
1.86,1.61,2.09,0.85,1.51,0.51,13.0,,,,,,,,,,
1.86,1.6,2.09,0.84,1.5,0.5,12.9,,,,,,,,,,
1.87,1.59,2.09,0.84,1.49,0.5,12.79,,,,,,,,,,
1.87,1.59,2.08,0.83,1.48,0.5,12.69,,,,,,,,,,
1.88,1.58,2.08,0.82,1.47,0.5,12.58,,,,,,,,,,
1.88,1.57,2.07,0.81,1.46,0.5,12.47,2.38,2.97,,,,,,,,
1.89,1.56,2.07,0.8,1.45,0.5,12.36,,,,,,,,,,
1.89,1.55,2.06,0.79,1.44,0.5,12.25,,,,,,,,,,
1.9,1.54,2.06,0.78,1.43,0.5,12.14,,,,,,,,,,
1.9,1.53,2.05,0.77,1.42,0.5,12.02,,,,,,,,,,
1.91,1.52,2.05,0.77,1.41,0.5,11.91,,,,,,,,,,
1.91,1.51,2.04,0.76,1.4,0.5,11.8,,,,,,,,,,
1.91,1.5,2.03,0.75,1.39,0.5,11.68,,,,,,,,,,
1.92,1.5,2.03,0.74,1.38,0.5,11.57,,,,,,,,,,
1.92,1.49,2.02,0.73,1.37,0.5,11.45,,,,,,,,,,
1.93,1.48,2.02,0.72,1.36,0.5,11.34,2.43,2.88,,,,,,,,
1.93,1.47,2.01,0.72,1.35,0.5,11.22,,,,,,,,,,
1.93,1.46,2.01,0.71,1.34,0.5,11.1,,,,,,,,,,
1.94,1.45,2.0,0.7,1.33,0.5,10.99,,,,,,,,,,
1.94,1.44,1.99,0.69,1.32,0.5,10.87,,,,,,,,,,
1.94,1.43,1.99,0.68,1.31,0.5,10.75,,,,,,,,,,
1.95,1.42,1.98,0.68,1.3,0.51,10.63,,,,,,,,,,
1.95,1.41,1.98,0.67,1.29,0.51,10.51,,,,,,,,,,
1.95,1.4,1.97,0.66,1.28,0.51,10.39,,,,,,,,,,
1.96,1.39,1.96,0.65,1.27,0.51,10.27,,,,,,,,,,
1.96,1.38,1.96,0.65,1.26,0.51,10.14,2.46,2.78,,,,,,,,
1.96,1.37,1.95,0.64,1.25,0.51,10.02,,,,,,,,,,
1.96,1.36,1.94,0.63,1.24,0.51,9.9,,,,,,,,,,
1.97,1.35,1.94,0.62,1.23,0.51,9.78,,,,,,,,,,
1.97,1.34,1.93,0.62,1.22,0.52,9.65,,,,,,,,,,
1.97,1.33,1.92,0.61,1.21,0.52,9.53,,,,,,,,,,
1.97,1.32,1.92,0.6,1.2,0.52,9.4,,,,,,,,,,
1.98,1.32,1.91,0.59,1.19,0.52,9.28,,,,,,,,,,
1.98,1.31,1.9,0.59,1.18,0.52,9.15,,,,,,,,,,
1.98,1.3,1.89,0.58,1.17,0.53,9.03,,,,,,,,,,
1.98,1.29,1.89,0.57,1.16,0.53,8.9,2.48,2.69,,,,,,,,
1.98,1.28,1.88,0.57,1.15,0.53,8.77,,,,,,,,,,
1.99,1.27,1.87,0.56,1.14,0.53,8.65,,,,,,,,,,
1.99,1.26,1.87,0.55,1.13,0.54,8.52,,,,,,,,,,
1.99,1.25,1.86,0.55,1.12,0.54,8.39,,,,,,,,,,
1.99,1.24,1.85,0.54,1.11,0.54,8.27,,,,,,,,,,
1.99,1.23,1.84,0.53,1.1,0.55,8.14,,,,,,,,,,
1.99,1.22,1.83,0.53,1.09,0.55,8.01,,,,,,,,,,
1.99,1.21,1.83,0.52,1.08,0.55,7.88,,,,,,,,,,
2.0,1.2,1.82,0.51,1.07,0.55,7.75,,,,,,,,,,
2.0,1.19,1.81,0.51,1.06,0.56,7.62,2.5,2.59,,,,,,,,
2.0,1.18,1.8,0.5,1.05,0.56,7.49,,,,,,,,,,
2.0,1.17,1.8,0.5,1.05,0.56,7.37,,,,,,,,,,
2.0,1.16,1.79,0.49,1.04,0.57,7.24,,,,,,,,,,
2.0,1.15,1.78,0.48,1.03,0.57,7.11,,,,,,,,,,
2.0,1.14,1.77,0.48,1.02,0.58,6.98,,,,,,,,,,
2.0,1.13,1.76,0.47,1.01,0.58,6.85,,,,,,,,,,
2.0,1.12,1.75,0.47,1.0,0.58,6.72,,,,,,,,,,
2.0,1.11,1.75,0.46,0.99,0.59,6.59,,,,,,,,,,
2.0,1.1,1.74,0.46,0.98,0.59,6.46,,,,,,,,,,
2.0,1.09,1.73,0.45,0.97,0.6,6.33,2.5,2.49,26.0,25.49,26.53,25.65,1.1,5.5,84.93,93.48
2.0,1.08,1.72,0.45,0.96,0.6,6.2,,,,,,,,,,
2.0,1.07,1.71,0.44,0.95,0.61,6.07,,,,,,,,,,
2.0,1.06,1.7,0.44,0.94,0.61,5.94,,,,,,,,,,
2.0,1.05,1.69,0.43,0.94,0.61,5.81,,,,,,,,,,
2.0,1.04,1.69,0.43,0.93,0.62,5.68,,,,,,,,,,
2.0,1.03,1.68,0.42,0.92,0.62,5.55,,,,,,,,,,
2.0,1.02,1.67,0.42,0.91,0.63,5.42,,,,,,,,,,
2.0,1.01,1.66,0.41,0.9,0.63,5.29,,,,,,,,,,
1.99,1.0,1.65,0.41,0.89,0.64,5.16,,,,,,,,,,
1.99,0.99,1.64,0.4,0.88,0.64,5.03,2.49,2.39,,,,,,,,
1.99,0.98,1.63,0.4,0.88,0.65,4.9,,,,,,,,,,
1.99,0.97,1.62,0.39,0.87,0.65,4.77,,,,,,,,,,
1.99,0.96,1.61,0.39,0.86,0.66,4.64,,,,,,,,,,
1.99,0.95,1.61,0.39,0.85,0.66,4.51,,,,,,,,,,
1.99,0.94,1.6,0.38,0.84,0.67,4.38,,,,,,,,,,
1.99,0.93,1.59,0.38,0.83,0.68,4.25,,,,,,,,,,
1.98,0.92,1.58,0.37,0.83,0.68,4.13,,,,,,,,,,
1.98,0.91,1.57,0.37,0.82,0.69,4.0,,,,,,,,,,
1.98,0.9,1.56,0.37,0.81,0.69,3.87,,,,,,,,,,
1.98,0.89,1.55,0.36,0.8,0.7,3.74,2.48,2.29,,,,,,,,
1.98,0.88,1.54,0.36,0.79,0.71,3.61,,,,,,,,,,
1.97,0.87,1.53,0.36,0.78,0.71,3.49,,,,,,,,,,
1.97,0.86,1.52,0.35,0.78,0.72,3.36,,,,,,,,,,
1.97,0.85,1.51,0.35,0.77,0.72,3.23,,,,,,,,,,
1.97,0.84,1.5,0.35,0.76,0.73,3.11,,,,,,,,,,
1.96,0.83,1.49,0.34,0.75,0.74,2.98,,,,,,,,,,
1.96,0.82,1.48,0.34,0.75,0.74,2.86,,,,,,,,,,
1.96,0.81,1.47,0.34,0.74,0.75,2.73,,,,,,,,,,
1.95,0.8,1.46,0.34,0.73,0.76,2.61,,,,,,,,,,
1.95,0.79,1.45,0.33,0.72,0.76,2.48,2.45,2.19,,,,,,,,
1.95,0.78,1.44,0.33,0.72,0.77,2.36,,,,,,,,,,
1.94,0.77,1.44,0.33,0.71,0.78,2.24,,,,,,,,,,
1.94,0.76,1.43,0.33,0.7,0.78,2.11,,,,,,,,,,
1.94,0.75,1.42,0.32,0.69,0.79,1.99,,,,,,,,,,
1.93,0.74,1.41,0.32,0.69,0.8,1.87,,,,,,,,,,
1.93,0.74,1.4,0.32,0.68,0.81,1.75,,,,,,,,,,
1.93,0.73,1.39,0.32,0.67,0.81,1.63,,,,,,,,,,
1.92,0.72,1.38,0.32,0.67,0.82,1.51,,,,,,,,,,
1.92,0.71,1.37,0.31,0.66,0.83,1.39,,,,,,,,,,
1.92,0.7,1.36,0.31,0.65,0.83,1.27,2.42,2.1,,,,,,,,
1.91,0.69,1.35,0.31,0.65,0.84,1.15,,,,,,,,,,
1.91,0.68,1.34,0.31,0.64,0.85,1.03,,,,,,,,,,
1.9,0.67,1.33,0.31,0.63,0.86,0.92,,,,,,,,,,
1.9,0.66,1.32,0.31,0.63,0.86,0.8,,,,,,,,,,
1.89,0.65,1.31,0.31,0.62,0.87,0.68,,,,,,,,,,
1.89,0.64,1.3,0.3,0.62,0.88,0.57,,,,,,,,,,
1.89,0.64,1.29,0.3,0.61,0.89,0.46,,,,,,,,,,
1.88,0.63,1.28,0.3,0.6,0.9,0.34,,,,,,,,,,
1.88,0.62,1.27,0.3,0.6,0.9,0.23,,,,,,,,,,
1.87,0.61,1.26,0.3,0.59,0.91,0.12,2.37,2.01,,,,,,,,
1.87,0.6,1.25,0.3,0.59,0.92,0.0,,,,,,,,,,
1.86,0.59,1.24,0.3,0.58,0.93,-0.11,,,,,,,,,,
1.86,0.58,1.23,0.3,0.57,0.94,-0.22,,,,,,,,,,
1.85,0.57,1.22,0.3,0.57,0.95,-0.33,,,,,,,,,,
1.85,0.57,1.21,0.3,0.56,0.95,-0.44,,,,,,,,,,
1.84,0.56,1.2,0.3,0.56,0.96,-0.54,,,,,,,,,,
1.83,0.55,1.19,0.3,0.55,0.97,-0.65,,,,,,,,,,
1.83,0.54,1.18,0.3,0.55,0.98,-0.76,,,,,,,,,,
1.82,0.53,1.17,0.3,0.54,0.99,-0.86,,,,,,,,,,
1.82,0.52,1.16,0.3,0.54,1.0,-0.97,2.32,1.92,,,,,,,,
1.81,0.52,1.15,0.3,0.53,1.0,-1.07,,,,,,,,,,
1.81,0.51,1.14,0.3,0.53,1.01,-1.18,,,,,,,,,,
1.8,0.5,1.13,0.3,0.52,1.02,-1.28,,,,,,,,,,
1.79,0.49,1.12,0.3,0.52,1.03,-1.38,,,,,,,,,,
1.79,0.48,1.11,0.3,0.51,1.04,-1.48,,,,,,,,,,
1.78,0.48,1.1,0.31,0.51,1.05,-1.58,,,,,,,,,,
1.78,0.47,1.09,0.31,0.5,1.06,-1.68,,,,,,,,,,
1.77,0.46,1.08,0.31,0.5,1.07,-1.78,,,,,,,,,,
1.76,0.45,1.07,0.31,0.49,1.08,-1.87,,,,,,,,,,
1.76,0.45,1.06,0.31,0.49,1.08,-1.97,2.26,1.85,,,,,,,,
1.75,0.44,1.05,0.31,0.49,1.09,-2.06,,,,,,,,,,
1.74,0.43,1.04,0.31,0.48,1.1,-2.16,,,,,,,,,,
1.74,0.42,1.03,0.31,0.48,1.11,-2.25,,,,,,,,,,
1.73,0.42,1.02,0.32,0.47,1.12,-2.34,,,,,,,,,,
1.72,0.41,1.01,0.32,0.47,1.13,-2.43,,,,,,,,,,
1.72,0.4,1.0,0.32,0.47,1.14,-2.52,,,,,,,,,,
1.71,0.39,0.99,0.32,0.46,1.15,-2.61,,,,,,,,,,
1.7,0.39,0.98,0.32,0.46,1.16,-2.7,,,,,,,,,,
1.69,0.38,0.97,0.33,0.46,1.17,-2.79,,,,,,,,,,
1.69,0.37,0.96,0.33,0.45,1.18,-2.87,2.19,1.77,,,,,,,,
1.68,0.37,0.95,0.33,0.45,1.19,-2.96,,,,,,,,,,
1.67,0.36,0.94,0.33,0.45,1.2,-3.04,,,,,,,,,,
1.67,0.35,0.93,0.34,0.44,1.21,-3.13,,,,,,,,,,
1.66,0.35,0.92,0.34,0.44,1.22,-3.21,,,,,,,,,,
1.65,0.34,0.91,0.34,0.44,1.23,-3.29,,,,,,,,,,
1.64,0.33,0.9,0.35,0.44,1.23,-3.37,,,,,,,,,,
1.63,0.33,0.89,0.35,0.43,1.24,-3.45,,,,,,,,,,
1.63,0.32,0.88,0.35,0.43,1.25,-3.52,,,,,,,,,,
1.62,0.31,0.87,0.35,0.43,1.26,-3.6,,,,,,,,,,
1.61,0.31,0.86,0.36,0.43,1.27,-3.68,2.11,1.71,,,,,,,,
1.6,0.3,0.85,0.36,0.42,1.28,-3.75,,,,,,,,,,
1.6,0.3,0.85,0.36,0.42,1.29,-3.82,,,,,,,,,,
1.59,0.29,0.84,0.37,0.42,1.3,-3.9,,,,,,,,,,
1.58,0.28,0.83,0.37,0.42,1.31,-3.97,,,,,,,,,,
1.57,0.28,0.82,0.38,0.42,1.32,-4.04,,,,,,,,,,
1.56,0.27,0.81,0.38,0.41,1.33,-4.1,,,,,,,,,,
1.55,0.27,0.8,0.38,0.41,1.34,-4.17,,,,,,,,,,
1.55,0.26,0.79,0.39,0.41,1.35,-4.24,,,,,,,,,,
1.54,0.26,0.78,0.39,0.41,1.36,-4.3,,,,,,,,,,
1.53,0.25,0.77,0.4,0.41,1.37,-4.37,2.03,1.65,25.53,24.65,25.57,25.6,1.05,5.26,80.76,90.23
1.52,0.25,0.76,0.4,0.41,1.38,-4.43,,,,,,,,,,
1.51,0.24,0.75,0.41,0.41,1.39,-4.49,,,,,,,,,,
1.5,0.24,0.74,0.41,0.4,1.4,-4.55,,,,,,,,,,
1.49,0.23,0.74,0.41,0.4,1.41,-4.61,,,,,,,,,,
1.49,0.23,0.73,0.42,0.4,1.42,-4.67,,,,,,,,,,
1.48,0.22,0.72,0.42,0.4,1.43,-4.73,,,,,,,,,,
1.47,0.22,0.71,0.43,0.4,1.44,-4.78,,,,,,,,,,
1.46,0.21,0.7,0.43,0.4,1.45,-4.84,,,,,,,,,,
1.45,0.21,0.69,0.44,0.4,1.46,-4.89,,,,,,,,,,
1.44,0.2,0.68,0.44,0.4,1.47,-4.94,1.94,1.6,,,,,,,,
1.43,0.2,0.68,0.45,0.4,1.48,-4.99,,,,,,,,,,
1.42,0.19,0.67,0.45,0.4,1.49,-5.04,,,,,,,,,,
1.41,0.19,0.66,0.46,0.4,1.5,-5.09,,,,,,,,,,
1.41,0.19,0.65,0.46,0.4,1.51,-5.14,,,,,,,,,,
1.4,0.18,0.64,0.47,0.4,1.52,-5.18,,,,,,,,,,
1.39,0.18,0.63,0.48,0.4,1.53,-5.23,,,,,,,,,,
1.38,0.17,0.63,0.48,0.4,1.54,-5.27,,,,,,,,,,
1.37,0.17,0.62,0.49,0.4,1.55,-5.31,,,,,,,,,,
1.36,0.17,0.61,0.49,0.4,1.56,-5.35,,,,,,,,,,
1.35,0.16,0.6,0.5,0.4,1.57,-5.39,1.85,1.56,,,,,,,,
1.34,0.16,0.59,0.51,0.4,1.58,-5.43,,,,,,,,,,
1.33,0.16,0.58,0.51,0.4,1.59,-5.47,,,,,,,,,,
1.32,0.15,0.58,0.52,0.41,1.6,-5.51,,,,,,,,,,
1.31,0.15,0.57,0.52,0.41,1.61,-5.54,,,,,,,,,,
1.3,0.15,0.56,0.53,0.41,1.62,-5.57,,,,,,,,,,
1.29,0.14,0.55,0.54,0.41,1.63,-5.61,,,,,,,,,,
1.28,0.14,0.55,0.54,0.41,1.64,-5.64,,,,,,,,,,
1.27,0.14,0.54,0.55,0.41,1.65,-5.67,,,,,,,,,,
1.26,0.14,0.53,0.56,0.41,1.66,-5.7,,,,,,,,,,
1.25,0.13,0.52,0.56,0.41,1.67,-5.72,1.75,1.53,,,,,,,,
1.24,0.13,0.52,0.57,0.42,1.68,-5.75,,,,,,,,,,
1.24,0.13,0.51,0.58,0.42,1.69,-5.77,,,,,,,,,,
1.23,0.13,0.5,0.58,0.42,1.7,-5.8,,,,,,,,,,
1.22,0.12,0.49,0.59,0.42,1.71,-5.82,,,,,,,,,,
1.21,0.12,0.49,0.6,0.42,1.72,-5.84,,,,,,,,,,
1.2,0.12,0.48,0.61,0.43,1.73,-5.86,,,,,,,,,,
1.19,0.12,0.47,0.61,0.43,1.74,-5.88,,,,,,,,,,
1.18,0.12,0.47,0.62,0.43,1.75,-5.9,,,,,,,,,,
1.17,0.11,0.46,0.63,0.43,1.76,-5.91,,,,,,,,,,
1.16,0.11,0.45,0.63,0.44,1.77,-5.93,1.66,1.51,,,,,,,,
1.15,0.11,0.45,0.64,0.44,1.78,-5.94,,,,,,,,,,
1.14,0.11,0.44,0.65,0.44,1.79,-5.95,,,,,,,,,,
1.13,0.11,0.43,0.66,0.45,1.8,-5.97,,,,,,,,,,
1.12,0.11,0.43,0.66,0.45,1.81,-5.98,,,,,,,,,,
1.11,0.11,0.42,0.67,0.45,1.82,-5.98,,,,,,,,,,
1.1,0.1,0.42,0.68,0.45,1.83,-5.99,,,,,,,,,,
1.09,0.1,0.41,0.69,0.46,1.84,-6.0,,,,,,,,,,
1.08,0.1,0.4,0.7,0.46,1.84,-6.0,,,,,,,,,,
1.07,0.1,0.4,0.7,0.46,1.85,-6.01,,,,,,,,,,
1.06,0.1,0.39,0.71,0.47,1.86,-6.01,1.56,1.5,,,,,,,,
1.05,0.1,0.39,0.72,0.47,1.87,-6.01,,,,,,,,,,
1.04,0.1,0.38,0.73,0.48,1.88,-6.01,,,,,,,,,,
1.03,0.1,0.37,0.74,0.48,1.89,-6.01,,,,,,,,,,
1.02,0.1,0.37,0.75,0.48,1.9,-6.01,,,,,,,,,,
1.01,0.1,0.36,0.75,0.49,1.91,-6.0,,,,,,,,,,
1.0,0.1,0.36,0.76,0.49,1.92,-6.0,,,,,,,,,,
0.99,0.1,0.35,0.77,0.5,1.93,-5.99,,,,,,,,,,
0.98,0.1,0.35,0.78,0.5,1.94,-5.99,,,,,,,,,,
0.97,0.1,0.34,0.79,0.5,1.95,-5.98,,,,,,,,,,
0.96,0.1,0.34,0.8,0.51,1.95,-5.97,1.46,1.5,,,,,,,,
0.95,0.1,0.33,0.8,0.51,1.96,-5.96,,,,,,,,,,
0.94,0.1,0.33,0.81,0.52,1.97,-5.95,,,,,,,,,,
0.93,0.1,0.32,0.82,0.52,1.98,-5.93,,,,,,,,,,
0.92,0.1,0.32,0.83,0.53,1.99,-5.92,,,,,,,,,,
0.91,0.1,0.31,0.84,0.53,2.0,-5.9,,,,,,,,,,
0.9,0.11,0.31,0.85,0.54,2.01,-5.89,,,,,,,,,,
0.89,0.11,0.3,0.86,0.54,2.02,-5.87,,,,,,,,,,
0.88,0.11,0.3,0.87,0.55,2.02,-5.85,,,,,,,,,,
0.87,0.11,0.29,0.88,0.55,2.03,-5.83,,,,,,,,,,
0.86,0.11,0.29,0.88,0.56,2.04,-5.81,1.36,1.51,,,,,,,,
0.85,0.11,0.29,0.89,0.56,2.05,-5.79,,,,,,,,,,
0.84,0.11,0.28,0.9,0.57,2.06,-5.76,,,,,,,,,,
0.83,0.11,0.28,0.91,0.58,2.07,-5.74,,,,,,,,,,
0.82,0.12,0.27,0.92,0.58,2.07,-5.71,,,,,,,,,,
0.81,0.12,0.27,0.93,0.59,2.08,-5.69,,,,,,,,,,
0.8,0.12,0.27,0.94,0.59,2.09,-5.66,,,,,,,,,,
0.79,0.12,0.26,0.95,0.6,2.1,-5.63,,,,,,,,,,
0.78,0.12,0.26,0.96,0.6,2.11,-5.6,,,,,,,,,,
0.77,0.13,0.26,0.97,0.61,2.11,-5.57,,,,,,,,,,
0.76,0.13,0.25,0.98,0.62,2.12,-5.54,1.26,1.53,,,,,,,,
0.75,0.13,0.25,0.99,0.62,2.13,-5.5,,,,,,,,,,
0.74,0.13,0.25,1.0,0.63,2.14,-5.47,,,,,,,,,,
0.73,0.14,0.24,1.01,0.64,2.15,-5.43,,,,,,,,,,
0.72,0.14,0.24,1.02,0.64,2.15,-5.4,,,,,,,,,,
0.71,0.14,0.24,1.03,0.65,2.16,-5.36,,,,,,,,,,
0.7,0.15,0.24,1.03,0.66,2.17,-5.32,,,,,,,,,,
0.69,0.15,0.23,1.04,0.66,2.18,-5.28,,,,,,,,,,
0.68,0.15,0.23,1.05,0.67,2.18,-5.24,,,,,,,,,,
0.67,0.15,0.23,1.06,0.68,2.19,-5.2,,,,,,,,,,
0.66,0.16,0.23,1.07,0.68,2.2,-5.15,1.16,1.56,,,,,,,,
0.65,0.16,0.22,1.08,0.69,2.2,-5.11,,,,,,,,,,
0.65,0.16,0.22,1.09,0.7,2.21,-5.07,,,,,,,,,,
0.64,0.17,0.22,1.1,0.7,2.22,-5.02,,,,,,,,,,
0.63,0.17,0.22,1.11,0.71,2.23,-4.97,,,,,,,,,,
0.62,0.18,0.22,1.12,0.72,2.23,-4.93,,,,,,,,,,
0.61,0.18,0.21,1.13,0.73,2.24,-4.88,,,,,,,,,,
0.6,0.18,0.21,1.14,0.73,2.25,-4.83,,,,,,,,,,
0.59,0.19,0.21,1.15,0.74,2.25,-4.78,,,,,,,,,,
0.58,0.19,0.21,1.16,0.75,2.26,-4.72,,,,,,,,,,
0.57,0.2,0.21,1.17,0.76,2.27,-4.67,1.07,1.6,24.57,24.6,25.01,26.37,0.96,4.79,80.48,86.76
0.56,0.2,0.21,1.18,0.76,2.27,-4.62,,,,,,,,,,
0.55,0.21,0.21,1.19,0.77,2.28,-4.56,,,,,,,,,,
0.54,0.21,0.2,1.2,0.78,2.28,-4.51,,,,,,,,,,
0.54,0.21,0.2,1.21,0.79,2.29,-4.45,,,,,,,,,,
0.53,0.22,0.2,1.22,0.8,2.3,-4.39,,,,,,,,,,
0.52,0.22,0.2,1.23,0.8,2.3,-4.34,,,,,,,,,,
0.51,0.23,0.2,1.24,0.81,2.31,-4.28,,,,,,,,,,
0.5,0.23,0.2,1.25,0.82,2.31,-4.22,,,,,,,,,,
0.49,0.24,0.2,1.26,0.83,2.32,-4.16,,,,,,,,,,
0.48,0.24,0.2,1.27,0.84,2.33,-4.09,0.98,1.64,,,,,,,,
0.48,0.25,0.2,1.28,0.84,2.33,-4.03,,,,,,,,,,
0.47,0.25,0.2,1.29,0.85,2.34,-3.97,,,,,,,,,,
0.46,0.26,0.2,1.3,0.86,2.34,-3.9,,,,,,,,,,
0.45,0.26,0.2,1.31,0.87,2.35,-3.84,,,,,,,,,,
0.44,0.27,0.2,1.32,0.88,2.35,-3.77,,,,,,,,,,
0.43,0.28,0.2,1.33,0.89,2.36,-3.7,,,,,,,,,,
0.43,0.28,0.2,1.34,0.9,2.36,-3.64,,,,,,,,,,
0.42,0.29,0.2,1.35,0.9,2.37,-3.57,,,,,,,,,,
0.41,0.29,0.2,1.36,0.91,2.37,-3.5,,,,,,,,,,
0.4,0.3,0.2,1.37,0.92,2.38,-3.43,0.9,1.7,,,,,,,,
0.39,0.31,0.2,1.38,0.93,2.38,-3.36,,,,,,,,,,
0.38,0.31,0.2,1.39,0.94,2.39,-3.28,,,,,,,,,,
0.38,0.32,0.21,1.4,0.95,2.39,-3.21,,,,,,,,,,
0.37,0.32,0.21,1.41,0.96,2.4,-3.14,,,,,,,,,,
0.36,0.33,0.21,1.42,0.97,2.4,-3.06,,,,,,,,,,
0.35,0.34,0.21,1.43,0.97,2.41,-2.99,,,,,,,,,,
0.35,0.34,0.21,1.44,0.98,2.41,-2.91,,,,,,,,,,
0.34,0.35,0.21,1.45,0.99,2.41,-2.84,,,,,,,,,,
0.33,0.36,0.21,1.46,1.0,2.42,-2.76,,,,,,,,,,
0.32,0.36,0.21,1.47,1.01,2.42,-2.68,0.82,1.76,,,,,,,,
0.32,0.37,0.22,1.48,1.02,2.43,-2.6,,,,,,,,,,
0.31,0.38,0.22,1.49,1.03,2.43,-2.52,,,,,,,,,,
0.3,0.38,0.22,1.5,1.04,2.43,-2.44,,,,,,,,,,
0.29,0.39,0.22,1.51,1.05,2.44,-2.36,,,,,,,,,,
0.29,0.4,0.22,1.52,1.06,2.44,-2.28,,,,,,,,,,
0.28,0.41,0.23,1.53,1.07,2.44,-2.2,,,,,,,,,,
0.27,0.41,0.23,1.54,1.08,2.45,-2.12,,,,,,,,,,
0.27,0.42,0.23,1.55,1.09,2.45,-2.03,,,,,,,,,,
0.26,0.43,0.23,1.56,1.1,2.45,-1.95,,,,,,,,,,
0.25,0.43,0.24,1.57,1.11,2.46,-1.86,0.75,1.83,,,,,,,,
0.25,0.44,0.24,1.58,1.11,2.46,-1.78,,,,,,,,,,
0.24,0.45,0.24,1.59,1.12,2.46,-1.69,,,,,,,,,,
0.23,0.46,0.25,1.6,1.13,2.46,-1.61,,,,,,,,,,
0.23,0.46,0.25,1.61,1.14,2.47,-1.52,,,,,,,,,,
0.22,0.47,0.25,1.62,1.15,2.47,-1.43,,,,,,,,,,
0.22,0.48,0.25,1.63,1.16,2.47,-1.34,,,,,,,,,,
0.21,0.49,0.26,1.64,1.17,2.47,-1.25,,,,,,,,,,
0.2,0.5,0.26,1.64,1.18,2.48,-1.16,,,,,,,,,,
0.2,0.5,0.26,1.65,1.19,2.48,-1.07,,,,,,,,,,
0.19,0.51,0.27,1.66,1.2,2.48,-0.98,0.69,1.91,,,,,,,,
0.19,0.52,0.27,1.67,1.21,2.48,-0.89,,,,,,,,,,
0.18,0.53,0.28,1.68,1.22,2.48,-0.8,,,,,,,,,,
0.17,0.54,0.28,1.69,1.23,2.49,-0.71,,,,,,,,,,
0.17,0.55,0.28,1.7,1.24,2.49,-0.61,,,,,,,,,,
0.16,0.55,0.29,1.71,1.25,2.49,-0.52,,,,,,,,,,
0.16,0.56,0.29,1.72,1.26,2.49,-0.43,,,,,,,,,,
0.15,0.57,0.3,1.73,1.27,2.49,-0.33,,,,,,,,,,
0.15,0.58,0.3,1.74,1.28,2.49,-0.24,,,,,,,,,,
0.14,0.59,0.3,1.75,1.29,2.49,-0.14,,,,,,,,,,
0.14,0.6,0.31,1.75,1.3,2.5,-0.05,0.64,2.0,,,,,,,,
0.13,0.6,0.31,1.76,1.31,2.5,0.05,,,,,,,,,,
0.13,0.61,0.32,1.77,1.32,2.5,0.15,,,,,,,,,,
0.12,0.62,0.32,1.78,1.33,2.5,0.25,,,,,,,,,,
0.12,0.63,0.33,1.79,1.34,2.5,0.34,,,,,,,,,,
0.11,0.64,0.33,1.8,1.35,2.5,0.44,,,,,,,,,,
0.11,0.65,0.34,1.81,1.36,2.5,0.54,,,,,,,,,,
0.1,0.66,0.34,1.82,1.37,2.5,0.64,,,,,,,,,,
0.1,0.67,0.35,1.82,1.38,2.5,0.74,,,,,,,,,,
0.09,0.68,0.35,1.83,1.39,2.5,0.84,,,,,,,,,,
0.09,0.68,0.36,1.84,1.4,2.5,0.94,0.59,2.08,,,,,,,,
0.09,0.69,0.36,1.85,1.41,2.5,1.04,,,,,,,,,,
0.08,0.7,0.37,1.86,1.42,2.5,1.14,,,,,,,,,,
0.08,0.71,0.38,1.87,1.43,2.5,1.24,,,,,,,,,,
0.07,0.72,0.38,1.87,1.44,2.5,1.34,,,,,,,,,,
0.07,0.73,0.39,1.88,1.45,2.5,1.45,,,,,,,,,,
0.07,0.74,0.39,1.89,1.46,2.5,1.55,,,,,,,,,,
0.06,0.75,0.4,1.9,1.47,2.5,1.65,,,,,,,,,,
0.06,0.76,0.4,1.91,1.48,2.5,1.76,,,,,,,,,,
0.06,0.77,0.41,1.91,1.49,2.5,1.86,,,,,,,,,,
0.05,0.78,0.42,1.92,1.5,2.49,1.96,0.55,2.18,,,,,,,,
0.05,0.79,0.42,1.93,1.51,2.49,2.07,,,,,,,,,,
0.05,0.8,0.43,1.94,1.52,2.49,2.17,,,,,,,,,,
0.04,0.81,0.44,1.95,1.53,2.49,2.28,,,,,,,,,,
0.04,0.82,0.44,1.95,1.54,2.49,2.38,,,,,,,,,,
0.04,0.83,0.45,1.96,1.55,2.49,2.49,,,,,,,,,,
0.04,0.83,0.46,1.97,1.56,2.49,2.59,,,,,,,,,,
0.03,0.84,0.46,1.98,1.57,2.49,2.7,,,,,,,,,,
0.03,0.85,0.47,1.98,1.58,2.48,2.8,,,,,,,,,,
0.03,0.86,0.48,1.99,1.59,2.48,2.91,,,,,,,,,,
0.03,0.87,0.48,2.0,1.6,2.48,3.02,0.53,2.27,,,,,,,,
0.02,0.88,0.49,2.0,1.61,2.48,3.12,,,,,,,,,,
0.02,0.89,0.5,2.01,1.62,2.48,3.23,,,,,,,,,,
0.02,0.9,0.5,2.02,1.63,2.47,3.34,,,,,,,,,,
0.02,0.91,0.51,2.03,1.64,2.47,3.45,,,,,,,,,,
0.02,0.92,0.52,2.03,1.65,2.47,3.55,,,,,,,,,,
0.01,0.93,0.53,2.04,1.66,2.47,3.66,,,,,,,,,,
0.01,0.94,0.53,2.05,1.67,2.46,3.77,,,,,,,,,,
0.01,0.95,0.54,2.05,1.68,2.46,3.88,,,,,,,,,,
0.01,0.96,0.55,2.06,1.69,2.46,3.99,,,,,,,,,,
0.01,0.97,0.56,2.07,1.7,2.46,4.1,0.51,2.37,24.01,25.37,25.36,27.27,0.9,4.5,84.36,86.27
0.01,0.98,0.56,2.07,1.71,2.45,4.2,,,,,,,,,,
0.01,0.99,0.57,2.08,1.72,2.45,4.31,,,,,,,,,,
0.0,1.0,0.58,2.08,1.72,2.45,4.42,,,,,,,,,,
0.0,1.01,0.59,2.09,1.73,2.44,4.53,,,,,,,,,,
0.0,1.02,0.6,2.1,1.74,2.44,4.64,,,,,,,,,,
0.0,1.03,0.6,2.1,1.75,2.44,4.75,,,,,,,,,,
0.0,1.04,0.61,2.11,1.76,2.43,4.86,,,,,,,,,,
0.0,1.05,0.62,2.11,1.77,2.43,4.97,,,,,,,,,,
0.0,1.06,0.63,2.12,1.78,2.42,5.08,,,,,,,,,,
0.0,1.07,0.64,2.13,1.79,2.42,5.19,0.5,2.47,,,,,,,,
0.0,1.08,0.64,2.13,1.8,2.42,5.3,,,,,,,,,,
0.0,1.09,0.65,2.14,1.81,2.41,5.41,,,,,,,,,,
0.0,1.1,0.66,2.14,1.82,2.41,5.52,,,,,,,,,,
0.0,1.11,0.67,2.15,1.83,2.4,5.63,,,,,,,,,,
0.0,1.12,0.68,2.15,1.84,2.4,5.74,,,,,,,,,,
0.0,1.13,0.69,2.16,1.84,2.4,5.85,,,,,,,,,,
0.0,1.14,0.7,2.16,1.85,2.39,5.96,,,,,,,,,,
0.0,1.15,0.7,2.17,1.86,2.39,6.07,,,,,,,,,,
0.0,1.16,0.71,2.17,1.87,2.38,6.18,,,,,,,,,,
0.0,1.17,0.72,2.18,1.88,2.38,6.29,0.5,2.57,,,,,,,,
0.0,1.18,0.73,2.18,1.89,2.37,6.4,,,,,,,,,,
0.0,1.19,0.74,2.19,1.9,2.37,6.51,,,,,,,,,,
0.01,1.2,0.75,2.19,1.91,2.36,6.62,,,,,,,,,,
0.01,1.21,0.76,2.2,1.91,2.36,6.73,,,,,,,,,,
0.01,1.22,0.77,2.2,1.92,2.35,6.84,,,,,,,,,,
0.01,1.23,0.77,2.21,1.93,2.35,6.95,,,,,,,,,,
0.01,1.24,0.78,2.21,1.94,2.34,7.06,,,,,,,,,,
0.01,1.25,0.79,2.21,1.95,2.34,7.17,,,,,,,,,,
0.01,1.26,0.8,2.22,1.96,2.33,7.28,,,,,,,,,,
0.01,1.27,0.81,2.22,1.97,2.32,7.39,0.51,2.67,,,,,,,,
0.02,1.28,0.82,2.23,1.97,2.32,7.5,,,,,,,,,,
0.02,1.29,0.83,2.23,1.98,2.31,7.61,,,,,,,,,,
0.02,1.3,0.84,2.23,1.99,2.31,7.72,,,,,,,,,,
0.02,1.31,0.85,2.24,2.0,2.3,7.83,,,,,,,,,,
0.02,1.32,0.86,2.24,2.01,2.3,7.94,,,,,,,,,,
0.03,1.33,0.87,2.24,2.01,2.29,8.05,,,,,,,,,,
0.03,1.34,0.88,2.25,2.02,2.28,8.15,,,,,,,,,,
0.03,1.35,0.89,2.25,2.03,2.28,8.26,,,,,,,,,,
0.03,1.36,0.9,2.25,2.04,2.27,8.37,,,,,,,,,,
0.04,1.37,0.91,2.26,2.04,2.26,8.48,0.54,2.77,,,,,,,,
0.04,1.38,0.91,2.26,2.05,2.26,8.59,,,,,,,,,,
0.04,1.39,0.92,2.26,2.06,2.25,8.7,,,,,,,,,,
0.05,1.4,0.93,2.26,2.07,2.24,8.8,,,,,,,,,,
0.05,1.41,0.94,2.27,2.07,2.24,8.91,,,,,,,,,,
0.05,1.42,0.95,2.27,2.08,2.23,9.02,,,,,,,,,,
0.05,1.43,0.96,2.27,2.09,2.22,9.13,,,,,,,,,,
0.06,1.44,0.97,2.27,2.1,2.22,9.23,,,,,,,,,,
0.06,1.44,0.98,2.28,2.1,2.21,9.34,,,,,,,,,,
0.06,1.45,0.99,2.28,2.11,2.2,9.45,,,,,,,,,,
0.07,1.46,1.0,2.28,2.12,2.2,9.55,0.57,2.86,,,,,,,,
0.07,1.47,1.01,2.28,2.12,2.19,9.66,,,,,,,,,,
0.08,1.48,1.02,2.28,2.13,2.18,9.77,,,,,,,,,,
0.08,1.49,1.03,2.29,2.14,2.17,9.87,,,,,,,,,,
0.08,1.5,1.04,2.29,2.15,2.17,9.98,,,,,,,,,,
0.09,1.51,1.05,2.29,2.15,2.16,10.08,,,,,,,,,,
0.09,1.52,1.06,2.29,2.16,2.15,10.19,,,,,,,,,,
0.1,1.53,1.07,2.29,2.16,2.14,10.29,,,,,,,,,,
0.1,1.54,1.08,2.29,2.17,2.14,10.4,,,,,,,,,,
0.1,1.55,1.09,2.29,2.18,2.13,10.5,,,,,,,,,,
0.11,1.55,1.1,2.3,2.18,2.12,10.6,0.61,2.95,,,,,,,,
0.11,1.56,1.11,2.3,2.19,2.11,10.71,,,,,,,,,,
0.12,1.57,1.12,2.3,2.2,2.11,10.81,,,,,,,,,,
0.12,1.58,1.13,2.3,2.2,2.1,10.91,,,,,,,,,,
0.13,1.59,1.14,2.3,2.21,2.09,11.01,,,,,,,,,,
0.13,1.6,1.15,2.3,2.21,2.08,11.11,,,,,,,,,,
0.14,1.61,1.16,2.3,2.22,2.07,11.22,,,,,,,,,,
0.14,1.62,1.17,2.3,2.23,2.06,11.32,,,,,,,,,,
0.15,1.62,1.18,2.3,2.23,2.06,11.42,,,,,,,,,,
0.15,1.63,1.19,2.3,2.24,2.05,11.52,,,,,,,,,,
0.16,1.64,1.2,2.3,2.24,2.04,11.62,0.66,3.04,,,,,,,,
0.16,1.65,1.21,2.3,2.25,2.03,11.72,,,,,,,,,,
0.17,1.66,1.22,2.3,2.25,2.02,11.82,,,,,,,,,,
0.18,1.67,1.23,2.3,2.26,2.01,11.91,,,,,,,,,,
0.18,1.67,1.24,2.3,2.26,2.01,12.01,,,,,,,,,,
0.19,1.68,1.25,2.3,2.27,2.0,12.11,,,,,,,,,,
0.19,1.69,1.26,2.3,2.27,1.99,12.21,,,,,,,,,,
0.2,1.7,1.27,2.3,2.28,1.98,12.3,,,,,,,,,,
0.2,1.71,1.28,2.3,2.28,1.97,12.4,,,,,,,,,,
0.21,1.71,1.29,2.3,2.29,1.96,12.49,,,,,,,,,,
0.22,1.72,1.3,2.29,2.29,1.95,12.59,0.72,3.12,,,,,,,,
0.22,1.73,1.31,2.29,2.3,1.94,12.68,,,,,,,,,,
0.23,1.74,1.32,2.29,2.3,1.93,12.78,,,,,,,,,,
0.24,1.75,1.33,2.29,2.3,1.93,12.87,,,,,,,,,,
0.24,1.75,1.34,2.29,2.31,1.92,12.96,,,,,,,,,,
0.25,1.76,1.35,2.29,2.31,1.91,13.06,,,,,,,,,,
0.26,1.77,1.36,2.29,2.32,1.9,13.15,,,,,,,,,,
0.26,1.78,1.37,2.29,2.32,1.89,13.24,,,,,,,,,,
0.27,1.78,1.38,2.28,2.32,1.88,13.33,,,,,,,,,,
0.28,1.79,1.39,2.28,2.33,1.87,13.42,,,,,,,,,,
0.28,1.8,1.4,2.28,2.33,1.86,13.51,0.78,3.2,,,,,,,,
0.29,1.8,1.41,2.28,2.34,1.85,13.6,,,,,,,,,,
0.3,1.81,1.42,2.28,2.34,1.84,13.69,,,,,,,,,,
0.3,1.82,1.43,2.27,2.34,1.83,13.77,,,,,,,,,,
0.31,1.83,1.44,2.27,2.35,1.82,13.86,,,,,,,,,,
0.32,1.83,1.45,2.27,2.35,1.81,13.95,,,,,,,,,,
0.33,1.84,1.46,2.27,2.35,1.8,14.03,,,,,,,,,,
0.33,1.85,1.47,2.26,2.36,1.8,14.12,,,,,,,,,,
0.34,1.85,1.48,2.26,2.36,1.79,14.2,,,,,,,,,,
0.35,1.86,1.49,2.26,2.36,1.78,14.29,,,,,,,,,,
0.36,1.87,1.5,2.26,2.36,1.77,14.37,0.86,3.27,24.36,26.27,26.3,27.46,0.94,4.68,88.83,89.21
0.36,1.87,1.51,2.25,2.37,1.76,14.45,,,,,,,,,,
0.37,1.88,1.52,2.25,2.37,1.75,14.53,,,,,,,,,,
0.38,1.88,1.52,2.25,2.37,1.74,14.62,,,,,,,,,,
0.39,1.89,1.53,2.24,2.37,1.73,14.7,,,,,,,,,,
0.4,1.9,1.54,2.24,2.38,1.72,14.78,,,,,,,,,,
0.4,1.9,1.55,2.24,2.38,1.71,14.85,,,,,,,,,,
0.41,1.91,1.56,2.23,2.38,1.7,14.93,,,,,,,,,,
0.42,1.91,1.57,2.23,2.38,1.69,15.01,,,,,,,,,,
0.43,1.92,1.58,2.22,2.38,1.68,15.09,,,,,,,,,,
0.44,1.93,1.59,2.22,2.39,1.67,15.16,0.94,3.33,,,,,,,,
0.44,1.93,1.6,2.22,2.39,1.66,15.24,,,,,,,,,,
0.45,1.94,1.61,2.21,2.39,1.65,15.31,,,,,,,,,,
0.46,1.94,1.62,2.21,2.39,1.64,15.39,,,,,,,,,,
0.47,1.95,1.63,2.2,2.39,1.63,15.46,,,,,,,,,,
0.48,1.95,1.64,2.2,2.39,1.62,15.53,,,,,,,,,,
0.49,1.96,1.64,2.2,2.39,1.61,15.6,,,,,,,,,,
0.5,1.96,1.65,2.19,2.4,1.6,15.67,,,,,,,,,,
0.5,1.97,1.66,2.19,2.4,1.59,15.74,,,,,,,,,,
0.51,1.97,1.67,2.18,2.4,1.58,15.81,,,,,,,,,,
0.52,1.98,1.68,2.18,2.4,1.57,15.88,1.02,3.38,,,,,,,,
0.53,1.98,1.69,2.17,2.4,1.56,15.94,,,,,,,,,,
0.54,1.99,1.7,2.17,2.4,1.55,16.01,,,,,,,,,,
0.55,1.99,1.71,2.16,2.4,1.54,16.07,,,,,,,,,,
0.56,2.0,1.71,2.16,2.4,1.53,16.14,,,,,,,,,,
0.57,2.0,1.72,2.15,2.4,1.52,16.2,,,,,,,,,,
0.57,2.01,1.73,2.15,2.4,1.51,16.26,,,,,,,,,,
0.58,2.01,1.74,2.14,2.4,1.5,16.33,,,,,,,,,,
0.59,2.01,1.75,2.14,2.4,1.49,16.39,,,,,,,,,,
0.6,2.02,1.76,2.13,2.4,1.48,16.45,,,,,,,,,,
0.61,2.02,1.77,2.12,2.4,1.47,16.5,1.11,3.42,,,,,,,,
0.62,2.03,1.77,2.12,2.4,1.46,16.56,,,,,,,,,,
0.63,2.03,1.78,2.11,2.4,1.45,16.62,,,,,,,,,,
0.64,2.03,1.79,2.11,2.4,1.44,16.67,,,,,,,,,,
0.65,2.04,1.8,2.1,2.4,1.43,16.73,,,,,,,,,,
0.66,2.04,1.81,2.1,2.4,1.42,16.78,,,,,,,,,,
0.67,2.04,1.81,2.09,2.4,1.41,16.84,,,,,,,,,,
0.68,2.05,1.82,2.08,2.39,1.4,16.89,,,,,,,,,,
0.69,2.05,1.83,2.08,2.39,1.39,16.94,,,,,,,,,,
0.7,2.05,1.84,2.07,2.39,1.38,16.99,,,,,,,,,,
0.71,2.06,1.84,2.06,2.39,1.37,17.04,1.21,3.46,,,,,,,,
0.71,2.06,1.85,2.06,2.39,1.36,17.09,,,,,,,,,,
0.72,2.06,1.86,2.05,2.39,1.35,17.13,,,,,,,,,,
0.73,2.06,1.87,2.04,2.39,1.34,17.18,,,,,,,,,,
0.74,2.07,1.87,2.04,2.39,1.33,17.22,,,,,,,,,,
0.75,2.07,1.88,2.03,2.38,1.32,17.27,,,,,,,,,,
0.76,2.07,1.89,2.02,2.38,1.31,17.31,,,,,,,,,,
0.77,2.07,1.9,2.02,2.38,1.3,17.35,,,,,,,,,,
0.78,2.08,1.9,2.01,2.38,1.29,17.39,,,,,,,,,,
0.79,2.08,1.91,2.0,2.38,1.28,17.43,,,,,,,,,,
0.8,2.08,1.92,2.0,2.37,1.27,17.47,1.3,3.48,,,,,,,,
0.81,2.08,1.92,1.99,2.37,1.26,17.51,,,,,,,,,,
0.82,2.08,1.93,1.98,2.37,1.25,17.54,,,,,,,,,,
0.83,2.09,1.94,1.97,2.37,1.24,17.58,,,,,,,,,,
0.84,2.09,1.95,1.97,2.36,1.23,17.61,,,,,,,,,,
0.85,2.09,1.95,1.96,2.36,1.22,17.65,,,,,,,,,,
0.86,2.09,1.96,1.95,2.36,1.21,17.68,,,,,,,,,,
0.87,2.09,1.96,1.94,2.36,1.2,17.71,,,,,,,,,,
0.88,2.09,1.97,1.94,2.35,1.19,17.74,,,,,,,,,,
0.89,2.09,1.98,1.93,2.35,1.19,17.77,,,,,,,,,,
0.9,2.1,1.98,1.92,2.35,1.18,17.79,1.4,3.5,,,,,,,,
0.91,2.1,1.99,1.91,2.34,1.17,17.82,,,,,,,,,,
0.92,2.1,2.0,1.91,2.34,1.16,17.84,,,,,,,,,,
0.93,2.1,2.0,1.9,2.34,1.15,17.87,,,,,,,,,,
0.94,2.1,2.01,1.89,2.33,1.14,17.89,,,,,,,,,,
0.95,2.1,2.01,1.88,2.33,1.13,17.91,,,,,,,,,,
0.96,2.1,2.02,1.87,2.32,1.12,17.93,,,,,,,,,,
0.97,2.1,2.03,1.86,2.32,1.11,17.95,,,,,,,,,,
0.98,2.1,2.03,1.86,2.32,1.1,17.97,,,,,,,,,,
0.99,2.1,2.04,1.85,2.31,1.09,17.99,,,,,,,,,,
1.0,2.1,2.04,1.84,2.31,1.08,18.0,1.5,3.5,,,,,,,,
1.01,2.1,2.05,1.83,2.3,1.07,18.02,,,,,,,,,,
1.02,2.1,2.05,1.82,2.3,1.06,18.03,,,,,,,,,,
1.03,2.1,2.06,1.81,2.3,1.06,18.04,,,,,,,,,,
1.04,2.1,2.06,1.81,2.29,1.05,18.05,,,,,,,,,,
1.05,2.1,2.07,1.8,2.29,1.04,18.06,,,,,,,,,,
1.06,2.1,2.07,1.79,2.28,1.03,18.07,,,,,,,,,,
1.07,2.1,2.08,1.78,2.28,1.02,18.08,,,,,,,,,,
1.08,2.1,2.08,1.77,2.27,1.01,18.08,,,,,,,,,,
1.09,2.1,2.09,1.76,2.27,1.0,18.09,,,,,,,,,,
1.1,2.09,2.09,1.75,2.26,0.99,18.09,1.6,3.49,,,,,,,,
1.11,2.09,2.1,1.74,2.26,0.99,18.09,,,,,,,,,,
1.12,2.09,2.1,1.73,2.25,0.98,18.09,,,,,,,,,,
1.13,2.09,2.1,1.73,2.25,0.97,18.09,,,,,,,,,,
1.14,2.09,2.11,1.72,2.24,0.96,18.09,,,,,,,,,,
1.15,2.09,2.11,1.71,2.24,0.95,18.09,,,,,,,,,,
1.16,2.09,2.12,1.7,2.23,0.94,18.08,,,,,,,,,,
1.17,2.09,2.12,1.69,2.23,0.94,18.08,,,,,,,,,,
1.18,2.08,2.12,1.68,2.22,0.93,18.07,,,,,,,,,,
1.19,2.08,2.13,1.67,2.21,0.92,18.06,,,,,,,,,,
1.2,2.08,2.13,1.66,2.21,0.91,18.05,1.7,3.48,,,,,,,,
1.21,2.08,2.14,1.65,2.2,0.9,18.04,,,,,,,,,,
1.22,2.08,2.14,1.64,2.2,0.89,18.03,,,,,,,,,,
1.23,2.07,2.14,1.63,2.19,0.89,18.02,,,,,,,,,,
1.24,2.07,2.15,1.62,2.18,0.88,18.0,,,,,,,,,,
1.25,2.07,2.15,1.61,2.18,0.87,17.99,,,,,,,,,,
1.26,2.07,2.15,1.6,2.17,0.86,17.97,,,,,,,,,,
1.27,2.06,2.16,1.6,2.16,0.86,17.95,,,,,,,,,,
1.28,2.06,2.16,1.59,2.16,0.85,17.93,,,,,,,,,,
1.29,2.06,2.16,1.58,2.15,0.84,17.91,,,,,,,,,,
1.3,2.06,2.16,1.57,2.15,0.83,17.89,1.8,3.46,25.3,26.46,26.96,26.77,1.03,5.15,89.78,92.87
1.31,2.05,2.17,1.56,2.14,0.83,17.87,,,,,,,,,,
1.32,2.05,2.17,1.55,2.13,0.82,17.84,,,,,,,,,,
1.32,2.05,2.17,1.54,2.12,0.81,17.82,,,,,,,,,,
1.33,2.04,2.17,1.53,2.12,0.8,17.79,,,,,,,,,,
1.34,2.04,2.18,1.52,2.11,0.8,17.76,,,,,,,,,,
1.35,2.04,2.18,1.51,2.1,0.79,17.73,,,,,,,,,,
1.36,2.03,2.18,1.5,2.1,0.78,17.7,,,,,,,,,,
1.37,2.03,2.18,1.49,2.09,0.78,17.67,,,,,,,,,,
1.38,2.02,2.18,1.48,2.08,0.77,17.64,,,,,,,,,,
1.39,2.02,2.19,1.47,2.07,0.76,17.6,1.89,3.42,,,,,,,,
1.4,2.02,2.19,1.46,2.07,0.76,17.57,,,,,,,,,,
1.41,2.01,2.19,1.45,2.06,0.75,17.53,,,,,,,,,,
1.42,2.01,2.19,1.44,2.05,0.74,17.49,,,,,,,,,,
1.43,2.0,2.19,1.43,2.04,0.74,17.45,,,,,,,,,,
1.44,2.0,2.19,1.42,2.04,0.73,17.41,,,,,,,,,,
1.44,2.0,2.19,1.41,2.03,0.72,17.37,,,,,,,,,,
1.45,1.99,2.2,1.4,2.02,0.72,17.33,,,,,,,,,,
1.46,1.99,2.2,1.39,2.01,0.71,17.28,,,,,,,,,,
1.47,1.98,2.2,1.38,2.01,0.7,17.23,,,,,,,,,,
1.48,1.98,2.2,1.37,2.0,0.7,17.19,1.98,3.38,,,,,,,,
1.49,1.97,2.2,1.36,1.99,0.69,17.14,,,,,,,,,,
1.5,1.97,2.2,1.35,1.98,0.69,17.09,,,,,,,,,,
1.51,1.96,2.2,1.34,1.97,0.68,17.04,,,,,,,,,,
1.51,1.96,2.2,1.33,1.97,0.68,16.99,,,,,,,,,,
1.52,1.95,2.2,1.32,1.96,0.67,16.93,,,,,,,,,,
1.53,1.95,2.2,1.31,1.95,0.66,16.88,,,,,,,,,,
1.54,1.94,2.2,1.3,1.94,0.66,16.82,,,,,,,,,,
1.55,1.94,2.2,1.29,1.93,0.65,16.76,,,,,,,,,,
1.56,1.93,2.2,1.28,1.92,0.65,16.71,,,,,,,,,,
1.57,1.92,2.2,1.27,1.91,0.64,16.65,2.07,3.32,,,,,,,,
1.57,1.92,2.2,1.26,1.91,0.64,16.59,,,,,,,,,,
1.58,1.91,2.2,1.25,1.9,0.63,16.52,,,,,,,,,,
1.59,1.91,2.2,1.24,1.89,0.63,16.46,,,,,,,,,,
1.6,1.9,2.2,1.23,1.88,0.62,16.4,,,,,,,,,,
1.61,1.9,2.2,1.22,1.87,0.62,16.33,,,,,,,,,,
1.61,1.89,2.2,1.21,1.86,0.61,16.26,,,,,,,,,,
1.62,1.88,2.19,1.2,1.85,0.61,16.2,,,,,,,,,,
1.63,1.88,2.19,1.19,1.84,0.6,16.13,,,,,,,,,,
1.64,1.87,2.19,1.18,1.84,0.6,16.06,,,,,,,,,,
1.64,1.86,2.19,1.17,1.83,0.6,15.99,2.14,3.26,,,,,,,,
1.65,1.86,2.19,1.16,1.82,0.59,15.91,,,,,,,,,,
1.66,1.85,2.19,1.15,1.81,0.59,15.84,,,,,,,,,,
1.67,1.84,2.19,1.14,1.8,0.58,15.77,,,,,,,,,,
1.67,1.84,2.19,1.13,1.79,0.58,15.69,,,,,,,,,,
1.68,1.83,2.18,1.12,1.78,0.58,15.61,,,,,,,,,,
1.69,1.82,2.18,1.11,1.77,0.57,15.53,,,,,,,,,,
1.7,1.82,2.18,1.1,1.76,0.57,15.46,,,,,,,,,,
1.7,1.81,2.18,1.09,1.75,0.56,15.38,,,,,,,,,,
1.71,1.8,2.18,1.08,1.74,0.56,15.29,,,,,,,,,,
1.72,1.8,2.17,1.07,1.73,0.56,15.21,2.22,3.2,,,,,,,,
1.72,1.79,2.17,1.06,1.72,0.55,15.13,,,,,,,,,,
1.73,1.78,2.17,1.05,1.72,0.55,15.04,,,,,,,,,,
1.74,1.77,2.17,1.04,1.71,0.55,14.96,,,,,,,,,,
1.75,1.77,2.16,1.03,1.7,0.54,14.87,,,,,,,,,,
1.75,1.76,2.16,1.02,1.69,0.54,14.78,,,,,,,,,,
1.76,1.75,2.16,1.01,1.68,0.54,14.69,,,,,,,,,,
1.76,1.74,2.16,1.0,1.67,0.54,14.6,,,,,,,,,,
1.77,1.74,2.15,0.99,1.66,0.53,14.51,,,,,,,,,,
1.78,1.73,2.15,0.99,1.65,0.53,14.42,,,,,,,,,,
1.78,1.72,2.15,0.98,1.64,0.53,14.33,2.28,3.12,,,,,,,,
1.79,1.71,2.14,0.97,1.63,0.53,14.24,,,,,,,,,,
1.8,1.71,2.14,0.96,1.62,0.52,14.14,,,,,,,,,,
1.8,1.7,2.14,0.95,1.61,0.52,14.05,,,,,,,,,,
1.81,1.69,2.13,0.94,1.6,0.52,13.95,,,,,,,,,,
1.81,1.68,2.13,0.93,1.59,0.52,13.85,,,,,,,,,,
1.82,1.67,2.12,0.92,1.58,0.52,13.75,,,,,,,,,,
1.83,1.66,2.12,0.91,1.57,0.51,13.65,,,,,,,,,,
1.83,1.66,2.12,0.9,1.56,0.51,13.55,,,,,,,,,,
1.84,1.65,2.11,0.89,1.55,0.51,13.45,,,,,,,,,,
1.84,1.64,2.11,0.88,1.54,0.51,13.35,2.34,3.04,,,,,,,,
1.85,1.63,2.1,0.87,1.53,0.51,13.25,,,,,,,,,,
1.85,1.62,2.1,0.86,1.52,0.51,13.14,,,,,,,,,,
1.86,1.61,2.1,0.86,1.51,0.51,13.04,,,,,,,,,,
1.86,1.61,2.09,0.85,1.5,0.51,12.93,,,,,,,,,,
1.87,1.6,2.09,0.84,1.49,0.5,12.83,,,,,,,,,,
1.87,1.59,2.08,0.83,1.48,0.5,12.72,,,,,,,,,,
1.88,1.58,2.08,0.82,1.47,0.5,12.61,,,,,,,,,,
1.88,1.57,2.07,0.81,1.46,0.5,12.5,,,,,,,,,,
1.89,1.56,2.07,0.8,1.45,0.5,12.39,,,,,,,,,,
1.89,1.55,2.06,0.79,1.44,0.5,12.28,2.39,2.95,,,,,,,,
1.9,1.54,2.06,0.79,1.43,0.5,12.17,,,,,,,,,,
1.9,1.53,2.05,0.78,1.42,0.5,12.06,,,,,,,,,,
1.9,1.53,2.05,0.77,1.41,0.5,11.95,,,,,,,,,,
1.91,1.52,2.04,0.76,1.4,0.5,11.83,,,,,,,,,,
1.91,1.51,2.04,0.75,1.39,0.5,11.72,,,,,,,,,,
1.92,1.5,2.03,0.74,1.38,0.5,11.61,,,,,,,,,,
1.92,1.49,2.03,0.74,1.37,0.5,11.49,,,,,,,,,,
1.92,1.48,2.02,0.73,1.36,0.5,11.38,,,,,,,,,,
1.93,1.47,2.01,0.72,1.35,0.5,11.26,,,,,,,,,,
1.93,1.46,2.01,0.71,1.34,0.5,11.14,2.43,2.86,,,,,,,,
1.94,1.45,2.0,0.7,1.33,0.5,11.02,,,,,,,,,,
1.94,1.44,2.0,0.69,1.32,0.5,10.91,,,,,,,,,,
1.94,1.43,1.99,0.69,1.31,0.5,10.79,,,,,,,,,,
1.95,1.42,1.98,0.68,1.3,0.5,10.67,,,,,,,,,,
1.95,1.41,1.98,0.67,1.29,0.51,10.55,,,,,,,,,,
1.95,1.4,1.97,0.66,1.28,0.51,10.43,,,,,,,,,,
1.96,1.4,1.96,0.66,1.27,0.51,10.31,,,,,,,,,,
1.96,1.39,1.96,0.65,1.26,0.51,10.18,,,,,,,,,,
1.96,1.38,1.95,0.64,1.25,0.51,10.06,,,,,,,,,,
1.96,1.37,1.95,0.63,1.24,0.51,9.94,2.46,2.77,25.96,25.77,26.75,25.83,1.1,5.48,86.33,93.89
1.97,1.36,1.94,0.63,1.23,0.51,9.82,,,,,,,,,,
1.97,1.35,1.93,0.62,1.22,0.52,9.69,,,,,,,,,,
1.97,1.34,1.92,0.61,1.21,0.52,9.57,,,,,,,,,,
1.97,1.33,1.92,0.6,1.2,0.52,9.44,,,,,,,,,,
1.98,1.32,1.91,0.6,1.19,0.52,9.32,,,,,,,,,,
1.98,1.31,1.9,0.59,1.18,0.52,9.19,,,,,,,,,,
1.98,1.3,1.9,0.58,1.17,0.53,9.07,,,,,,,,,,
1.98,1.29,1.89,0.58,1.16,0.53,8.94,,,,,,,,,,
1.98,1.28,1.88,0.57,1.15,0.53,8.82,,,,,,,,,,
1.99,1.27,1.87,0.56,1.14,0.53,8.69,2.49,2.67,,,,,,,,
1.99,1.26,1.87,0.56,1.13,0.54,8.56,,,,,,,,,,
1.99,1.25,1.86,0.55,1.12,0.54,8.43,,,,,,,,,,
1.99,1.24,1.85,0.54,1.11,0.54,8.31,,,,,,,,,,
1.99,1.23,1.84,0.54,1.11,0.54,8.18,,,,,,,,,,
1.99,1.22,1.84,0.53,1.1,0.55,8.05,,,,,,,,,,
1.99,1.21,1.83,0.52,1.09,0.55,7.92,,,,,,,,,,
2.0,1.2,1.82,0.52,1.08,0.55,7.79,,,,,,,,,,
2.0,1.19,1.81,0.51,1.07,0.56,7.66,,,,,,,,,,
2.0,1.18,1.81,0.5,1.06,0.56,7.54,,,,,,,,,,
2.0,1.17,1.8,0.5,1.05,0.56,7.41,2.5,2.57,,,,,,,,
2.0,1.16,1.79,0.49,1.04,0.57,7.28,,,,,,,,,,
2.0,1.15,1.78,0.49,1.03,0.57,7.15,,,,,,,,,,
2.0,1.14,1.77,0.48,1.02,0.57,7.02,,,,,,,,,,
2.0,1.13,1.77,0.48,1.01,0.58,6.89,,,,,,,,,,
2.0,1.12,1.76,0.47,1.0,0.58,6.76,,,,,,,,,,
2.0,1.11,1.75,0.46,0.99,0.59,6.63,,,,,,,,,,
2.0,1.1,1.74,0.46,0.98,0.59,6.5,,,,,,,,,,
2.0,1.09,1.73,0.45,0.97,0.59,6.37,,,,,,,,,,
2.0,1.08,1.72,0.45,0.97,0.6,6.24,,,,,,,,,,
2.0,1.07,1.71,0.44,0.96,0.6,6.11,2.5,2.47,,,,,,,,
2.0,1.06,1.71,0.44,0.95,0.61,5.98,,,,,,,,,,
2.0,1.05,1.7,0.43,0.94,0.61,5.85,,,,,,,,,,
2.0,1.04,1.69,0.43,0.93,0.62,5.72,,,,,,,,,,
2.0,1.03,1.68,0.42,0.92,0.62,5.59,,,,,,,,,,
2.0,1.02,1.67,0.42,0.91,0.63,5.46,,,,,,,,,,
2.0,1.01,1.66,0.41,0.9,0.63,5.33,,,,,,,,,,
1.99,1.0,1.65,0.41,0.9,0.64,5.2,,,,,,,,,,
1.99,0.99,1.64,0.4,0.89,0.64,5.07,,,,,,,,,,
1.99,0.98,1.64,0.4,0.88,0.65,4.94,,,,,,,,,,
1.99,0.97,1.63,0.4,0.87,0.65,4.81,2.49,2.37,,,,,,,,
1.99,0.96,1.62,0.39,0.86,0.66,4.68,,,,,,,,,,
1.99,0.95,1.61,0.39,0.85,0.66,4.55,,,,,,,,,,
1.99,0.94,1.6,0.38,0.84,0.67,4.42,,,,,,,,,,
1.99,0.93,1.59,0.38,0.84,0.67,4.29,,,,,,,,,,
1.98,0.92,1.58,0.38,0.83,0.68,4.17,,,,,,,,,,
1.98,0.91,1.57,0.37,0.82,0.69,4.04,,,,,,,,,,
1.98,0.9,1.56,0.37,0.81,0.69,3.91,,,,,,,,,,
1.98,0.89,1.55,0.36,0.8,0.7,3.78,,,,,,,,,,
1.98,0.88,1.54,0.36,0.8,0.7,3.66,,,,,,,,,,
1.97,0.87,1.53,0.36,0.79,0.71,3.53,2.47,2.27,,,,,,,,
1.97,0.86,1.52,0.35,0.78,0.72,3.4,,,,,,,,,,
1.97,0.85,1.52,0.35,0.77,0.72,3.27,,,,,,,,,,
1.97,0.84,1.51,0.35,0.76,0.73,3.15,,,,,,,,,,
1.96,0.83,1.5,0.34,0.76,0.73,3.02,,,,,,,,,,
1.96,0.82,1.49,0.34,0.75,0.74,2.9,,,,,,,,,,
1.96,0.81,1.48,0.34,0.74,0.75,2.77,,,,,,,,,,
1.96,0.8,1.47,0.34,0.73,0.75,2.65,,,,,,,,,,
1.95,0.79,1.46,0.33,0.73,0.76,2.52,,,,,,,,,,
1.95,0.79,1.45,0.33,0.72,0.77,2.4,,,,,,,,,,
1.95,0.78,1.44,0.33,0.71,0.77,2.28,2.45,2.18,,,,,,,,
1.94,0.77,1.43,0.33,0.7,0.78,2.15,,,,,,,,,,
1.94,0.76,1.42,0.32,0.7,0.79,2.03,,,,,,,,,,
1.94,0.75,1.41,0.32,0.69,0.8,1.91,,,,,,,,,,
1.93,0.74,1.4,0.32,0.68,0.8,1.79,,,,,,,,,,
1.93,0.73,1.39,0.32,0.68,0.81,1.67,,,,,,,,,,
1.92,0.72,1.38,0.32,0.67,0.82,1.55,,,,,,,,,,
1.92,0.71,1.37,0.31,0.66,0.82,1.43,,,,,,,,,,
1.92,0.7,1.36,0.31,0.66,0.83,1.31,,,,,,,,,,
1.91,0.69,1.35,0.31,0.65,0.84,1.19,,,,,,,,,,
1.91,0.68,1.34,0.31,0.64,0.85,1.07,2.41,2.08,,,,,,,,
1.9,0.67,1.33,0.31,0.64,0.85,0.95,,,,,,,,,,
1.9,0.66,1.32,0.31,0.63,0.86,0.84,,,,,,,,,,
1.9,0.66,1.31,0.31,0.62,0.87,0.72,,,,,,,,,,
1.89,0.65,1.3,0.31,0.62,0.88,0.61,,,,,,,,,,
1.89,0.64,1.29,0.3,0.61,0.89,0.49,,,,,,,,,,
1.88,0.63,1.28,0.3,0.6,0.89,0.38,,,,,,,,,,
1.88,0.62,1.27,0.3,0.6,0.9,0.26,,,,,,,,,,
1.87,0.61,1.26,0.3,0.59,0.91,0.15,,,,,,,,,,
1.87,0.6,1.25,0.3,0.59,0.92,0.04,,,,,,,,,,
1.86,0.59,1.24,0.3,0.58,0.93,-0.07,2.36,1.99,,,,,,,,
1.86,0.59,1.23,0.3,0.58,0.93,-0.18,,,,,,,,,,
1.85,0.58,1.22,0.3,0.57,0.94,-0.29,,,,,,,,,,
1.85,0.57,1.21,0.3,0.56,0.95,-0.4,,,,,,,,,,
1.84,0.56,1.2,0.3,0.56,0.96,-0.51,,,,,,,,,,
1.84,0.55,1.19,0.3,0.55,0.97,-0.62,,,,,,,,,,
1.83,0.54,1.18,0.3,0.55,0.98,-0.72,,,,,,,,,,
1.83,0.54,1.17,0.3,0.54,0.98,-0.83,,,,,,,,,,
1.82,0.53,1.16,0.3,0.54,0.99,-0.94,,,,,,,,,,
1.81,0.52,1.15,0.3,0.53,1.0,-1.04,,,,,,,,,,
1.81,0.51,1.14,0.3,0.53,1.01,-1.14,2.31,1.91,,,,,,,,
1.8,0.5,1.13,0.3,0.52,1.02,-1.25,,,,,,,,,,
1.8,0.49,1.12,0.3,0.52,1.03,-1.35,,,,,,,,,,
1.79,0.49,1.11,0.3,0.51,1.04,-1.45,,,,,,,,,,
1.78,0.48,1.1,0.3,0.51,1.05,-1.55,,,,,,,,,,
1.78,0.47,1.09,0.31,0.5,1.05,-1.65,,,,,,,,,,
1.77,0.46,1.08,0.31,0.5,1.06,-1.74,,,,,,,,,,
1.76,0.46,1.07,0.31,0.5,1.07,-1.84,,,,,,,,,,
1.76,0.45,1.06,0.31,0.49,1.08,-1.94,,,,,,,,,,
1.75,0.44,1.05,0.31,0.49,1.09,-2.03,,,,,,,,,,
1.75,0.43,1.04,0.31,0.48,1.1,-2.13,2.25,1.83,25.75,24.83,25.84,25.51,1.07,5.37,81.67,91.34
1.74,0.43,1.03,0.31,0.48,1.11,-2.22,,,,,,,,,,
1.73,0.42,1.02,0.32,0.48,1.12,-2.31,,,,,,,,,,
1.72,0.41,1.01,0.32,0.47,1.13,-2.4,,,,,,,,,,
1.72,0.4,1.0,0.32,0.47,1.14,-2.5,,,,,,,,,,
1.71,0.4,0.99,0.32,0.46,1.15,-2.58,,,,,,,,,,
1.7,0.39,0.98,0.32,0.46,1.16,-2.67,,,,,,,,,,
1.7,0.38,0.97,0.33,0.46,1.17,-2.76,,,,,,,,,,
1.69,0.38,0.96,0.33,0.45,1.17,-2.85,,,,,,,,,,
1.68,0.37,0.95,0.33,0.45,1.18,-2.93,,,,,,,,,,
1.67,0.36,0.94,0.33,0.45,1.19,-3.02,2.17,1.76,,,,,,,,
1.67,0.36,0.93,0.34,0.45,1.2,-3.1,,,,,,,,,,
1.66,0.35,0.92,0.34,0.44,1.21,-3.18,,,,,,,,,,
1.65,0.34,0.91,0.34,0.44,1.22,-3.26,,,,,,,,,,
1.64,0.34,0.91,0.34,0.44,1.23,-3.34,,,,,,,,,,
1.64,0.33,0.9,0.35,0.43,1.24,-3.42,,,,,,,,,,
1.63,0.32,0.89,0.35,0.43,1.25,-3.5,,,,,,,,,,
1.62,0.32,0.88,0.35,0.43,1.26,-3.58,,,,,,,,,,
1.61,0.31,0.87,0.36,0.43,1.27,-3.65,,,,,,,,,,
1.61,0.3,0.86,0.36,0.42,1.28,-3.73,,,,,,,,,,
1.6,0.3,0.85,0.36,0.42,1.29,-3.8,2.1,1.7,,,,,,,,
1.59,0.29,0.84,0.37,0.42,1.3,-3.87,,,,,,,,,,
1.58,0.29,0.83,0.37,0.42,1.31,-3.94,,,,,,,,,,
1.57,0.28,0.82,0.37,0.42,1.32,-4.01,,,,,,,,,,
1.57,0.28,0.81,0.38,0.41,1.33,-4.08,,,,,,,,,,
1.56,0.27,0.8,0.38,0.41,1.34,-4.15,,,,,,,,,,
1.55,0.26,0.79,0.39,0.41,1.35,-4.22,,,,,,,,,,
1.54,0.26,0.78,0.39,0.41,1.36,-4.28,,,,,,,,,,
1.53,0.25,0.77,0.39,0.41,1.37,-4.35,,,,,,,,,,
1.52,0.25,0.77,0.4,0.41,1.38,-4.41,,,,,,,,,,
1.51,0.24,0.76,0.4,0.41,1.39,-4.47,2.01,1.64,,,,,,,,
1.51,0.24,0.75,0.41,0.41,1.4,-4.53,,,,,,,,,,
1.5,0.23,0.74,0.41,0.4,1.41,-4.59,,,,,,,,,,
1.49,0.23,0.73,0.42,0.4,1.42,-4.65,,,,,,,,,,
1.48,0.22,0.72,0.42,0.4,1.43,-4.71,,,,,,,,,,
1.47,0.22,0.71,0.43,0.4,1.44,-4.76,,,,,,,,,,
1.46,0.21,0.7,0.43,0.4,1.45,-4.82,,,,,,,,,,
1.45,0.21,0.7,0.44,0.4,1.46,-4.87,,,,,,,,,,
1.44,0.2,0.69,0.44,0.4,1.47,-4.92,,,,,,,,,,
1.44,0.2,0.68,0.45,0.4,1.48,-4.98,,,,,,,,,,
1.43,0.2,0.67,0.45,0.4,1.49,-5.03,1.93,1.6,,,,,,,,
1.42,0.19,0.66,0.46,0.4,1.5,-5.07,,,,,,,,,,
1.41,0.19,0.65,0.46,0.4,1.51,-5.12,,,,,,,,,,
1.4,0.18,0.64,0.47,0.4,1.52,-5.17,,,,,,,,,,
1.39,0.18,0.64,0.47,0.4,1.53,-5.21,,,,,,,,,,
1.38,0.18,0.63,0.48,0.4,1.54,-5.26,,,,,,,,,,
1.37,0.17,0.62,0.49,0.4,1.55,-5.3,,,,,,,,,,
1.36,0.17,0.61,0.49,0.4,1.56,-5.34,,,,,,,,,,
1.35,0.16,0.6,0.5,0.4,1.57,-5.38,,,,,,,,,,
1.34,0.16,0.6,0.5,0.4,1.58,-5.42,,,,,,,,,,
1.33,0.16,0.59,0.51,0.4,1.59,-5.46,1.83,1.56,,,,,,,,
1.32,0.15,0.58,0.52,0.4,1.6,-5.49,,,,,,,,,,
1.32,0.15,0.57,0.52,0.41,1.61,-5.53,,,,,,,,,,
1.31,0.15,0.56,0.53,0.41,1.62,-5.56,,,,,,,,,,
1.3,0.14,0.56,0.53,0.41,1.63,-5.6,,,,,,,,,,
1.29,0.14,0.55,0.54,0.41,1.64,-5.63,,,,,,,,,,
1.28,0.14,0.54,0.55,0.41,1.65,-5.66,,,,,,,,,,
1.27,0.14,0.53,0.55,0.41,1.66,-5.69,,,,,,,,,,
1.26,0.13,0.53,0.56,0.41,1.67,-5.71,,,,,,,,,,
1.25,0.13,0.52,0.57,0.42,1.68,-5.74,,,,,,,,,,
1.24,0.13,0.51,0.57,0.42,1.69,-5.77,1.74,1.53,,,,,,,,
1.23,0.13,0.5,0.58,0.42,1.7,-5.79,,,,,,,,,,
1.22,0.12,0.5,0.59,0.42,1.71,-5.81,,,,,,,,,,
1.21,0.12,0.49,0.6,0.42,1.72,-5.83,,,,,,,,,,
1.2,0.12,0.48,0.6,0.43,1.73,-5.85,,,,,,,,,,
1.19,0.12,0.48,0.61,0.43,1.74,-5.87,,,,,,,,,,
1.18,0.12,0.47,0.62,0.43,1.75,-5.89,,,,,,,,,,
1.17,0.11,0.46,0.62,0.43,1.76,-5.91,,,,,,,,,,
1.16,0.11,0.46,0.63,0.44,1.77,-5.92,,,,,,,,,,
1.15,0.11,0.45,0.64,0.44,1.77,-5.94,,,,,,,,,,
1.14,0.11,0.44,0.65,0.44,1.78,-5.95,1.64,1.51,,,,,,,,
1.13,0.11,0.44,0.65,0.44,1.79,-5.96,,,,,,,,,,
1.12,0.11,0.43,0.66,0.45,1.8,-5.97,,,,,,,,,,
1.11,0.11,0.42,0.67,0.45,1.81,-5.98,,,,,,,,,,
1.1,0.11,0.42,0.68,0.45,1.82,-5.99,,,,,,,,,,
1.09,0.1,0.41,0.69,0.46,1.83,-6.0,,,,,,,,,,
1.08,0.1,0.4,0.69,0.46,1.84,-6.0,,,,,,,,,,
1.07,0.1,0.4,0.7,0.46,1.85,-6.01,,,,,,,,,,
1.06,0.1,0.39,0.71,0.47,1.86,-6.01,,,,,,,,,,
1.05,0.1,0.39,0.72,0.47,1.87,-6.01,,,,,,,,,,
1.04,0.1,0.38,0.73,0.47,1.88,-6.01,1.54,1.5,,,,,,,,
1.03,0.1,0.38,0.73,0.48,1.89,-6.01,,,,,,,,,,
1.02,0.1,0.37,0.74,0.48,1.9,-6.01,,,,,,,,,,
1.01,0.1,0.36,0.75,0.49,1.91,-6.0,,,,,,,,,,
1.0,0.1,0.36,0.76,0.49,1.92,-6.0,,,,,,,,,,
0.99,0.1,0.35,0.77,0.49,1.92,-5.99,,,,,,,,,,
0.98,0.1,0.35,0.78,0.5,1.93,-5.99,,,,,,,,,,
0.97,0.1,0.34,0.78,0.5,1.94,-5.98,,,,,,,,,,
0.96,0.1,0.34,0.79,0.51,1.95,-5.97,,,,,,,,,,
0.95,0.1,0.33,0.8,0.51,1.96,-5.96,,,,,,,,,,
0.94,0.1,0.33,0.81,0.52,1.97,-5.95,1.44,1.5,,,,,,,,
0.93,0.1,0.32,0.82,0.52,1.98,-5.94,,,,,,,,,,
0.92,0.1,0.32,0.83,0.53,1.99,-5.92,,,,,,,,,,
0.91,0.1,0.31,0.84,0.53,2.0,-5.91,,,,,,,,,,
0.9,0.1,0.31,0.85,0.54,2.0,-5.89,,,,,,,,,,
0.89,0.11,0.3,0.85,0.54,2.01,-5.87,,,,,,,,,,
0.88,0.11,0.3,0.86,0.55,2.02,-5.86,,,,,,,,,,
0.87,0.11,0.3,0.87,0.55,2.03,-5.84,,,,,,,,,,
0.86,0.11,0.29,0.88,0.56,2.04,-5.82,,,,,,,,,,
0.85,0.11,0.29,0.89,0.56,2.05,-5.79,,,,,,,,,,
0.84,0.11,0.28,0.9,0.57,2.06,-5.77,1.34,1.51,24.84,24.51,25.08,26.1,0.98,4.92,80.06,87.55
0.83,0.11,0.28,0.91,0.57,2.06,-5.75,,,,,,,,,,
0.82,0.12,0.28,0.92,0.58,2.07,-5.72,,,,,,,,,,
0.81,0.12,0.27,0.93,0.59,2.08,-5.69,,,,,,,,,,
0.8,0.12,0.27,0.94,0.59,2.09,-5.67,,,,,,,,,,
0.79,0.12,0.26,0.95,0.6,2.1,-5.64,,,,,,,,,,
0.78,0.12,0.26,0.96,0.6,2.1,-5.61,,,,,,,,,,
0.77,0.13,0.26,0.97,0.61,2.11,-5.58,,,,,,,,,,
0.76,0.13,0.25,0.97,0.62,2.12,-5.55,,,,,,,,,,
0.75,0.13,0.25,0.98,0.62,2.13,-5.51,,,,,,,,,,
0.74,0.13,0.25,0.99,0.63,2.14,-5.48,1.24,1.53,,,,,,,,
0.73,0.14,0.25,1.0,0.63,2.14,-5.44,,,,,,,,,,
0.72,0.14,0.24,1.01,0.64,2.15,-5.41,,,,,,,,,,
0.71,0.14,0.24,1.02,0.65,2.16,-5.37,,,,,,,,,,
0.71,0.14,0.24,1.03,0.65,2.17,-5.33,,,,,,,,,,
0.7,0.15,0.23,1.04,0.66,2.17,-5.29,,,,,,,,,,
0.69,0.15,0.23,1.05,0.67,2.18,-5.25,,,,,,,,,,
0.68,0.15,0.23,1.06,0.67,2.19,-5.21,,,,,,,,,,
0.67,0.16,0.23,1.07,0.68,2.2,-5.17,,,,,,,,,,
0.66,0.16,0.22,1.08,0.69,2.2,-5.12,,,,,,,,,,
0.65,0.16,0.22,1.09,0.7,2.21,-5.08,1.15,1.56,,,,,,,,
0.64,0.17,0.22,1.1,0.7,2.22,-5.03,,,,,,,,,,
0.63,0.17,0.22,1.11,0.71,2.22,-4.99,,,,,,,,,,
0.62,0.17,0.22,1.12,0.72,2.23,-4.94,,,,,,,,,,
0.61,0.18,0.21,1.13,0.72,2.24,-4.89,,,,,,,,,,
0.6,0.18,0.21,1.14,0.73,2.24,-4.84,,,,,,,,,,
0.59,0.19,0.21,1.15,0.74,2.25,-4.79,,,,,,,,,,
0.58,0.19,0.21,1.16,0.75,2.26,-4.74,,,,,,,,,,
0.57,0.19,0.21,1.17,0.75,2.26,-4.69,,,,,,,,,,
0.57,0.2,0.21,1.18,0.76,2.27,-4.63,,,,,,,,,,
0.56,0.2,0.21,1.19,0.77,2.28,-4.58,1.06,1.6,,,,,,,,
0.55,0.21,0.21,1.2,0.78,2.28,-4.53,,,,,,,,,,
0.54,0.21,0.2,1.21,0.79,2.29,-4.47,,,,,,,,,,
0.53,0.22,0.2,1.22,0.79,2.29,-4.41,,,,,,,,,,
0.52,0.22,0.2,1.23,0.8,2.3,-4.35,,,,,,,,,,
0.51,0.23,0.2,1.24,0.81,2.31,-4.3,,,,,,,,,,
0.5,0.23,0.2,1.25,0.82,2.31,-4.24,,,,,,,,,,
0.5,0.24,0.2,1.26,0.83,2.32,-4.17,,,,,,,,,,
0.49,0.24,0.2,1.27,0.83,2.32,-4.11,,,,,,,,,,
0.48,0.25,0.2,1.28,0.84,2.33,-4.05,,,,,,,,,,
0.47,0.25,0.2,1.29,0.85,2.34,-3.99,0.97,1.65,,,,,,,,
0.46,0.26,0.2,1.3,0.86,2.34,-3.92,,,,,,,,,,
0.45,0.26,0.2,1.31,0.87,2.35,-3.86,,,,,,,,,,
0.44,0.27,0.2,1.32,0.88,2.35,-3.79,,,,,,,,,,
0.44,0.27,0.2,1.33,0.88,2.36,-3.73,,,,,,,,,,
0.43,0.28,0.2,1.34,0.89,2.36,-3.66,,,,,,,,,,
0.42,0.29,0.2,1.35,0.9,2.37,-3.59,,,,,,,,,,
0.41,0.29,0.2,1.36,0.91,2.37,-3.52,,,,,,,,,,
0.4,0.3,0.2,1.37,0.92,2.38,-3.45,,,,,,,,,,
0.4,0.3,0.2,1.38,0.93,2.38,-3.38,,,,,,,,,,
0.39,0.31,0.2,1.39,0.94,2.39,-3.31,0.89,1.71,,,,,,,,
0.38,0.32,0.2,1.4,0.95,2.39,-3.23,,,,,,,,,,
0.37,0.32,0.21,1.41,0.95,2.4,-3.16,,,,,,,,,,
0.36,0.33,0.21,1.42,0.96,2.4,-3.09,,,,,,,,,,
0.36,0.33,0.21,1.43,0.97,2.4,-3.01,,,,,,,,,,
0.35,0.34,0.21,1.44,0.98,2.41,-2.94,,,,,,,,,,
0.34,0.35,0.21,1.45,0.99,2.41,-2.86,,,,,,,,,,
0.33,0.35,0.21,1.46,1.0,2.42,-2.78,,,,,,,,,,
0.33,0.36,0.21,1.47,1.01,2.42,-2.71,,,,,,,,,,
0.32,0.37,0.22,1.48,1.02,2.42,-2.63,,,,,,,,,,
0.31,0.37,0.22,1.49,1.03,2.43,-2.55,0.81,1.77,,,,,,,,
0.3,0.38,0.22,1.5,1.04,2.43,-2.47,,,,,,,,,,
0.3,0.39,0.22,1.51,1.05,2.44,-2.39,,,,,,,,,,
0.29,0.4,0.22,1.52,1.05,2.44,-2.31,,,,,,,,,,
0.28,0.4,0.23,1.53,1.06,2.44,-2.23,,,,,,,,,,
0.28,0.41,0.23,1.54,1.07,2.45,-2.14,,,,,,,,,,
0.27,0.42,0.23,1.55,1.08,2.45,-2.06,,,,,,,,,,
0.26,0.42,0.23,1.56,1.09,2.45,-1.98,,,,,,,,,,
0.26,0.43,0.24,1.57,1.1,2.45,-1.89,,,,,,,,,,
0.25,0.44,0.24,1.57,1.11,2.46,-1.81,,,,,,,,,,
0.24,0.45,0.24,1.58,1.12,2.46,-1.72,0.74,1.85,,,,,,,,
0.24,0.45,0.24,1.59,1.13,2.46,-1.63,,,,,,,,,,
0.23,0.46,0.25,1.6,1.14,2.47,-1.55,,,,,,,,,,
0.22,0.47,0.25,1.61,1.15,2.47,-1.46,,,,,,,,,,
0.22,0.48,0.25,1.62,1.16,2.47,-1.37,,,,,,,,,,
0.21,0.49,0.26,1.63,1.17,2.47,-1.28,,,,,,,,,,
0.2,0.49,0.26,1.64,1.18,2.48,-1.19,,,,,,,,,,
0.2,0.5,0.26,1.65,1.19,2.48,-1.1,,,,,,,,,,
0.19,0.51,0.27,1.66,1.2,2.48,-1.01,,,,,,,,,,
0.19,0.52,0.27,1.67,1.21,2.48,-0.92,,,,,,,,,,
0.18,0.53,0.27,1.68,1.22,2.48,-0.83,0.68,1.93,,,,,,,,
0.18,0.53,0.28,1.69,1.23,2.49,-0.74,,,,,,,,,,
0.17,0.54,0.28,1.7,1.24,2.49,-0.64,,,,,,,,,,
0.16,0.55,0.29,1.71,1.25,2.49,-0.55,,,,,,,,,,
0.16,0.56,0.29,1.72,1.26,2.49,-0.46,,,,,,,,,,
0.15,0.57,0.29,1.72,1.27,2.49,-0.36,,,,,,,,,,
0.15,0.58,0.3,1.73,1.28,2.49,-0.27,,,,,,,,,,
0.14,0.58,0.3,1.74,1.29,2.49,-0.17,,,,,,,,,,
0.14,0.59,0.31,1.75,1.3,2.49,-0.08,,,,,,,,,,
0.13,0.6,0.31,1.76,1.31,2.5,0.02,,,,,,,,,,
0.13,0.61,0.32,1.77,1.32,2.5,0.12,0.63,2.01,,,,,,,,
0.12,0.62,0.32,1.78,1.33,2.5,0.21,,,,,,,,,,
0.12,0.63,0.33,1.79,1.34,2.5,0.31,,,,,,,,,,
0.11,0.64,0.33,1.8,1.35,2.5,0.41,,,,,,,,,,
0.11,0.65,0.34,1.8,1.36,2.5,0.51,,,,,,,,,,
0.1,0.65,0.34,1.81,1.37,2.5,0.61,,,,,,,,,,
0.1,0.66,0.35,1.82,1.38,2.5,0.71,,,,,,,,,,
0.1,0.67,0.35,1.83,1.39,2.5,0.81,,,,,,,,,,
0.09,0.68,0.36,1.84,1.4,2.5,0.91,,,,,,,,,,
0.09,0.69,0.36,1.85,1.41,2.5,1.01,,,,,,,,,,
0.08,0.7,0.37,1.86,1.42,2.5,1.11,0.58,2.1,24.08,25.1,25.17,27.06,0.91,4.54,83.0,86.02
0.08,0.71,0.37,1.86,1.43,2.5,1.21,,,,,,,,,,
0.08,0.72,0.38,1.87,1.44,2.5,1.31,,,,,,,,,,
0.07,0.73,0.39,1.88,1.45,2.5,1.41,,,,,,,,,,
0.07,0.74,0.39,1.89,1.46,2.5,1.52,,,,,,,,,,
0.06,0.75,0.4,1.9,1.47,2.5,1.62,,,,,,,,,,
0.06,0.76,0.4,1.9,1.48,2.5,1.72,,,,,,,,,,
0.06,0.77,0.41,1.91,1.49,2.5,1.83,,,,,,,,,,
0.05,0.77,0.42,1.92,1.5,2.5,1.93,,,,,,,,,,
0.05,0.78,0.42,1.93,1.51,2.49,2.03,,,,,,,,,,
0.05,0.79,0.43,1.94,1.52,2.49,2.14,0.55,2.19,,,,,,,,
0.05,0.8,0.43,1.94,1.53,2.49,2.24,,,,,,,,,,
0.04,0.81,0.44,1.95,1.54,2.49,2.35,,,,,,,,,,
0.04,0.82,0.45,1.96,1.55,2.49,2.45,,,,,,,,,,
0.04,0.83,0.45,1.97,1.56,2.49,2.56,,,,,,,,,,
0.03,0.84,0.46,1.97,1.57,2.49,2.66,,,,,,,,,,
0.03,0.85,0.47,1.98,1.58,2.48,2.77,,,,,,,,,,
0.03,0.86,0.47,1.99,1.59,2.48,2.88,,,,,,,,,,
0.03,0.87,0.48,2.0,1.6,2.48,2.98,,,,,,,,,,
0.02,0.88,0.49,2.0,1.61,2.48,3.09,,,,,,,,,,
0.02,0.89,0.5,2.01,1.62,2.48,3.2,0.52,2.29,,,,,,,,
0.02,0.9,0.5,2.02,1.63,2.47,3.3,,,,,,,,,,
0.02,0.91,0.51,2.02,1.64,2.47,3.41,,,,,,,,,,
0.02,0.92,0.52,2.03,1.65,2.47,3.52,,,,,,,,,,
0.01,0.93,0.52,2.04,1.65,2.47,3.63,,,,,,,,,,
0.01,0.94,0.53,2.04,1.66,2.46,3.74,,,,,,,,,,
0.01,0.95,0.54,2.05,1.67,2.46,3.84,,,,,,,,,,
0.01,0.96,0.55,2.06,1.68,2.46,3.95,,,,,,,,,,
0.01,0.97,0.55,2.06,1.69,2.46,4.06,,,,,,,,,,
0.01,0.98,0.56,2.07,1.7,2.45,4.17,,,,,,,,,,
0.01,0.99,0.57,2.08,1.71,2.45,4.28,0.51,2.39,,,,,,,,
0.01,1.0,0.58,2.08,1.72,2.45,4.39,,,,,,,,,,
0.0,1.01,0.59,2.09,1.73,2.44,4.5,,,,,,,,,,
0.0,1.02,0.59,2.09,1.74,2.44,4.61,,,,,,,,,,
0.0,1.03,0.6,2.1,1.75,2.44,4.72,,,,,,,,,,
0.0,1.04,0.61,2.11,1.76,2.43,4.82,,,,,,,,,,
0.0,1.05,0.62,2.11,1.77,2.43,4.93,,,,,,,,,,
0.0,1.06,0.63,2.12,1.78,2.43,5.04,,,,,,,,,,
0.0,1.07,0.63,2.12,1.79,2.42,5.15,,,,,,,,,,
0.0,1.08,0.64,2.13,1.8,2.42,5.26,,,,,,,,,,
0.0,1.09,0.65,2.14,1.81,2.41,5.37,0.5,2.49,,,,,,,,
0.0,1.1,0.66,2.14,1.81,2.41,5.48,,,,,,,,,,
0.0,1.11,0.67,2.15,1.82,2.41,5.59,,,,,,,,,,
0.0,1.12,0.68,2.15,1.83,2.4,5.7,,,,,,,,,,
0.0,1.13,0.68,2.16,1.84,2.4,5.81,,,,,,,,,,
0.0,1.14,0.69,2.16,1.85,2.39,5.92,,,,,,,,,,
0.0,1.15,0.7,2.17,1.86,2.39,6.03,,,,,,,,,,
0.0,1.16,0.71,2.17,1.87,2.38,6.14,,,,,,,,,,
0.0,1.17,0.72,2.18,1.88,2.38,6.25,,,,,,,,,,
0.0,1.18,0.73,2.18,1.89,2.37,6.36,,,,,,,,,,
0.0,1.19,0.74,2.19,1.89,2.37,6.47,0.5,2.59,,,,,,,,
0.0,1.2,0.75,2.19,1.9,2.36,6.58,,,,,,,,,,
0.01,1.21,0.75,2.2,1.91,2.36,6.69,,,,,,,,,,
0.01,1.22,0.76,2.2,1.92,2.35,6.8,,,,,,,,,,
0.01,1.23,0.77,2.2,1.93,2.35,6.91,,,,,,,,,,
0.01,1.24,0.78,2.21,1.94,2.34,7.02,,,,,,,,,,
0.01,1.25,0.79,2.21,1.95,2.34,7.13,,,,,,,,,,
0.01,1.26,0.8,2.22,1.95,2.33,7.24,,,,,,,,,,
0.01,1.27,0.81,2.22,1.96,2.33,7.35,,,,,,,,,,
0.02,1.28,0.82,2.22,1.97,2.32,7.46,,,,,,,,,,
0.02,1.29,0.83,2.23,1.98,2.32,7.57,0.52,2.69,,,,,,,,
0.02,1.3,0.84,2.23,1.99,2.31,7.68,,,,,,,,,,
0.02,1.31,0.85,2.24,2.0,2.3,7.79,,,,,,,,,,
0.02,1.32,0.85,2.24,2.0,2.3,7.9,,,,,,,,,,
0.03,1.33,0.86,2.24,2.01,2.29,8.01,,,,,,,,,,
0.03,1.34,0.87,2.25,2.02,2.29,8.12,,,,,,,,,,
0.03,1.35,0.88,2.25,2.03,2.28,8.23,,,,,,,,,,
0.03,1.36,0.89,2.25,2.03,2.27,8.34,,,,,,,,,,
0.04,1.37,0.9,2.25,2.04,2.27,8.45,,,,,,,,,,
0.04,1.37,0.91,2.26,2.05,2.26,8.55,,,,,,,,,,
0.04,1.38,0.92,2.26,2.06,2.25,8.66,0.54,2.78,,,,,,,,
0.04,1.39,0.93,2.26,2.07,2.25,8.77,,,,,,,,,,
0.05,1.4,0.94,2.27,2.07,2.24,8.88,,,,,,,,,,
0.05,1.41,0.95,2.27,2.08,2.23,8.99,,,,,,,,,,
0.05,1.42,0.96,2.27,2.09,2.23,9.09,,,,,,,,,,
0.06,1.43,0.97,2.27,2.09,2.22,9.2,,,,,,,,,,
0.06,1.44,0.98,2.28,2.1,2.21,9.31,,,,,,,,,,
0.06,1.45,0.99,2.28,2.11,2.21,9.41,,,,,,,,,,
0.07,1.46,1.0,2.28,2.12,2.2,9.52,,,,,,,,,,
0.07,1.47,1.01,2.28,2.12,2.19,9.63,,,,,,,,,,
0.07,1.48,1.02,2.28,2.13,2.18,9.73,0.57,2.88,,,,,,,,
0.08,1.49,1.03,2.29,2.14,2.18,9.84,,,,,,,,,,
0.08,1.5,1.04,2.29,2.14,2.17,9.94,,,,,,,,,,
0.09,1.51,1.05,2.29,2.15,2.16,10.05,,,,,,,,,,
0.09,1.52,1.06,2.29,2.16,2.15,10.15,,,,,,,,,,
0.09,1.52,1.07,2.29,2.16,2.15,10.26,,,,,,,,,,
0.1,1.53,1.08,2.29,2.17,2.14,10.36,,,,,,,,,,
0.1,1.54,1.09,2.29,2.18,2.13,10.47,,,,,,,,,,
0.11,1.55,1.1,2.29,2.18,2.12,10.57,,,,,,,,,,
0.11,1.56,1.11,2.3,2.19,2.12,10.67,,,,,,,,,,
0.12,1.57,1.12,2.3,2.19,2.11,10.78,0.62,2.97,,,,,,,,
0.12,1.58,1.13,2.3,2.2,2.1,10.88,,,,,,,,,,
0.13,1.59,1.14,2.3,2.21,2.09,10.98,,,,,,,,,,
0.13,1.6,1.15,2.3,2.21,2.08,11.08,,,,,,,,,,
0.14,1.6,1.16,2.3,2.22,2.08,11.18,,,,,,,,,,
0.14,1.61,1.17,2.3,2.22,2.07,11.28,,,,,,,,,,
0.15,1.62,1.18,2.3,2.23,2.06,11.39,,,,,,,,,,
0.15,1.63,1.19,2.3,2.23,2.05,11.49,,,,,,,,,,
0.16,1.64,1.2,2.3,2.24,2.04,11.59,,,,,,,,,,
0.16,1.65,1.21,2.3,2.25,2.03,11.68,,,,,,,,,,
0.17,1.66,1.22,2.3,2.25,2.03,11.78,0.67,3.06,24.17,26.06,26.02,27.5,0.92,4.58,87.78,88.14
0.17,1.66,1.23,2.3,2.26,2.02,11.88,,,,,,,,,,
0.18,1.67,1.24,2.3,2.26,2.01,11.98,,,,,,,,,,
0.19,1.68,1.25,2.3,2.27,2.0,12.08,,,,,,,,,,
0.19,1.69,1.26,2.3,2.27,1.99,12.18,,,,,,,,,,
0.2,1.7,1.27,2.3,2.28,1.98,12.27,,,,,,,,,,
0.2,1.7,1.28,2.3,2.28,1.97,12.37,,,,,,,,,,
0.21,1.71,1.29,2.3,2.29,1.96,12.46,,,,,,,,,,
0.22,1.72,1.3,2.3,2.29,1.96,12.56,,,,,,,,,,
0.22,1.73,1.31,2.29,2.29,1.95,12.65,,,,,,,,,,
0.23,1.74,1.32,2.29,2.3,1.94,12.75,0.73,3.14,,,,,,,,
0.23,1.74,1.33,2.29,2.3,1.93,12.84,,,,,,,,,,
0.24,1.75,1.34,2.29,2.31,1.92,12.93,,,,,,,,,,
0.25,1.76,1.35,2.29,2.31,1.91,13.03,,,,,,,,,,
0.25,1.77,1.36,2.29,2.32,1.9,13.12,,,,,,,,,,
0.26,1.77,1.37,2.29,2.32,1.89,13.21,,,,,,,,,,
0.27,1.78,1.38,2.28,2.32,1.88,13.3,,,,,,,,,,
0.27,1.79,1.39,2.28,2.33,1.87,13.39,,,,,,,,,,
0.28,1.8,1.4,2.28,2.33,1.86,13.48,,,,,,,,,,
0.29,1.8,1.41,2.28,2.33,1.86,13.57,,,,,,,,,,
0.3,1.81,1.42,2.28,2.34,1.85,13.66,0.8,3.21,,,,,,,,
0.3,1.82,1.43,2.27,2.34,1.84,13.75,,,,,,,,,,
0.31,1.82,1.44,2.27,2.35,1.83,13.83,,,,,,,,,,
0.32,1.83,1.45,2.27,2.35,1.82,13.92,,,,,,,,,,
0.32,1.84,1.45,2.27,2.35,1.81,14.01,,,,,,,,,,
0.33,1.84,1.46,2.26,2.35,1.8,14.09,,,,,,,,,,
0.34,1.85,1.47,2.26,2.36,1.79,14.18,,,,,,,,,,
0.35,1.86,1.48,2.26,2.36,1.78,14.26,,,,,,,,,,
0.35,1.86,1.49,2.26,2.36,1.77,14.34,,,,,,,,,,
0.36,1.87,1.5,2.25,2.37,1.76,14.43,,,,,,,,,,
0.37,1.88,1.51,2.25,2.37,1.75,14.51,0.87,3.28,,,,,,,,
0.38,1.88,1.52,2.25,2.37,1.74,14.59,,,,,,,,,,
0.39,1.89,1.53,2.24,2.37,1.73,14.67,,,,,,,,,,
0.39,1.89,1.54,2.24,2.38,1.72,14.75,,,,,,,,,,
0.4,1.9,1.55,2.24,2.38,1.71,14.83,,,,,,,,,,
0.41,1.91,1.56,2.23,2.38,1.7,14.91,,,,,,,,,,
0.42,1.91,1.57,2.23,2.38,1.69,14.99,,,,,,,,,,
0.43,1.92,1.58,2.23,2.38,1.68,15.06,,,,,,,,,,
0.43,1.92,1.59,2.22,2.39,1.67,15.14,,,,,,,,,,
0.44,1.93,1.6,2.22,2.39,1.66,15.21,,,,,,,,,,
0.45,1.94,1.61,2.21,2.39,1.65,15.29,0.95,3.34,,,,,,,,
0.46,1.94,1.61,2.21,2.39,1.64,15.36,,,,,,,,,,
0.47,1.95,1.62,2.21,2.39,1.63,15.43,,,,,,,,,,
0.48,1.95,1.63,2.2,2.39,1.62,15.51,,,,,,,,,,
0.48,1.96,1.64,2.2,2.39,1.61,15.58,,,,,,,,,,
0.49,1.96,1.65,2.19,2.39,1.6,15.65,,,,,,,,,,
0.5,1.97,1.66,2.19,2.4,1.59,15.72,,,,,,,,,,
0.51,1.97,1.67,2.18,2.4,1.58,15.79,,,,,,,,,,
0.52,1.98,1.68,2.18,2.4,1.57,15.86,,,,,,,,,,
0.53,1.98,1.69,2.17,2.4,1.56,15.92,,,,,,,,,,
0.54,1.99,1.69,2.17,2.4,1.55,15.99,1.04,3.39,,,,,,,,
0.55,1.99,1.7,2.16,2.4,1.54,16.05,,,,,,,,,,
0.55,2.0,1.71,2.16,2.4,1.53,16.12,,,,,,,,,,
0.56,2.0,1.72,2.15,2.4,1.52,16.18,,,,,,,,,,
0.57,2.0,1.73,2.15,2.4,1.51,16.24,,,,,,,,,,
0.58,2.01,1.74,2.14,2.4,1.5,16.31,,,,,,,,,,
0.59,2.01,1.75,2.14,2.4,1.49,16.37,,,,,,,,,,
0.6,2.02,1.75,2.13,2.4,1.48,16.43,,,,,,,,,,
0.61,2.02,1.76,2.13,2.4,1.47,16.49,,,,,,,,,,
0.62,2.02,1.77,2.12,2.4,1.46,16.54,,,,,,,,,,
0.63,2.03,1.78,2.12,2.4,1.45,16.6,1.13,3.43,,,,,,,,
0.64,2.03,1.79,2.11,2.4,1.44,16.66,,,,,,,,,,
0.65,2.04,1.8,2.1,2.4,1.43,16.71,,,,,,,,,,
0.65,2.04,1.8,2.1,2.4,1.42,16.77,,,,,,,,,,
0.66,2.04,1.81,2.09,2.4,1.41,16.82,,,,,,,,,,
0.67,2.05,1.82,2.09,2.4,1.4,16.87,,,,,,,,,,
0.68,2.05,1.83,2.08,2.39,1.39,16.92,,,,,,,,,,
0.69,2.05,1.83,2.07,2.39,1.38,16.97,,,,,,,,,,
0.7,2.05,1.84,2.07,2.39,1.37,17.02,,,,,,,,,,
0.71,2.06,1.85,2.06,2.39,1.36,17.07,,,,,,,,,,
0.72,2.06,1.86,2.05,2.39,1.35,17.12,1.22,3.46,,,,,,,,
0.73,2.06,1.87,2.05,2.39,1.34,17.16,,,,,,,,,,
0.74,2.07,1.87,2.04,2.39,1.33,17.21,,,,,,,,,,
0.75,2.07,1.88,2.03,2.38,1.32,17.25,,,,,,,,,,
0.76,2.07,1.89,2.03,2.38,1.31,17.3,,,,,,,,,,
0.77,2.07,1.89,2.02,2.38,1.3,17.34,,,,,,,,,,
0.78,2.08,1.9,2.01,2.38,1.29,17.38,,,,,,,,,,
0.79,2.08,1.91,2.01,2.38,1.28,17.42,,,,,,,,,,
0.8,2.08,1.92,2.0,2.37,1.28,17.46,,,,,,,,,,
0.81,2.08,1.92,1.99,2.37,1.27,17.5,,,,,,,,,,
0.82,2.08,1.93,1.98,2.37,1.26,17.53,1.32,3.48,,,,,,,,
0.83,2.09,1.94,1.98,2.37,1.25,17.57,,,,,,,,,,
0.84,2.09,1.94,1.97,2.36,1.24,17.6,,,,,,,,,,
0.85,2.09,1.95,1.96,2.36,1.23,17.64,,,,,,,,,,
0.86,2.09,1.96,1.95,2.36,1.22,17.67,,,,,,,,,,
0.87,2.09,1.96,1.95,2.36,1.21,17.7,,,,,,,,,,
0.88,2.09,1.97,1.94,2.35,1.2,17.73,,,,,,,,,,
0.89,2.09,1.98,1.93,2.35,1.19,17.76,,,,,,,,,,
0.9,2.09,1.98,1.92,2.35,1.18,17.78,,,,,,,,,,
0.91,2.1,1.99,1.92,2.34,1.17,17.81,,,,,,,,,,
0.92,2.1,1.99,1.91,2.34,1.16,17.84,1.42,3.5,,,,,,,,
0.93,2.1,2.0,1.9,2.34,1.15,17.86,,,,,,,,,,
0.94,2.1,2.01,1.89,2.33,1.14,17.88,,,,,,,,,,
0.95,2.1,2.01,1.88,2.33,1.13,17.91,,,,,,,,,,
0.96,2.1,2.02,1.88,2.33,1.12,17.93,,,,,,,,,,
0.97,2.1,2.02,1.87,2.32,1.11,17.95,,,,,,,,,,
0.98,2.1,2.03,1.86,2.32,1.1,17.96,,,,,,,,,,
0.99,2.1,2.03,1.85,2.31,1.1,17.98,,,,,,,,,,
1.0,2.1,2.04,1.84,2.31,1.09,18.0,,,,,,,,,,
1.01,2.1,2.05,1.83,2.31,1.08,18.01,,,,,,,,,,
1.02,2.1,2.05,1.83,2.3,1.07,18.02,1.52,3.5,25.02,26.5,26.85,27.03,1.0,5.01,90.0,91.98
1.03,2.1,2.06,1.82,2.3,1.06,18.04,,,,,,,,,,
1.04,2.1,2.06,1.81,2.29,1.05,18.05,,,,,,,,,,
1.05,2.1,2.07,1.8,2.29,1.04,18.06,,,,,,,,,,
1.06,2.1,2.07,1.79,2.28,1.03,18.07,,,,,,,,,,
1.07,2.1,2.08,1.78,2.28,1.02,18.07,,,,,,,,,,
1.08,2.1,2.08,1.77,2.27,1.01,18.08,,,,,,,,,,
1.09,2.1,2.09,1.76,2.27,1.01,18.08,,,,,,,,,,
1.1,2.1,2.09,1.76,2.26,1.0,18.09,,,,,,,,,,
1.11,2.09,2.09,1.75,2.26,0.99,18.09,,,,,,,,,,
1.12,2.09,2.1,1.74,2.25,0.98,18.09,1.62,3.49,,,,,,,,
1.13,2.09,2.1,1.73,2.25,0.97,18.09,,,,,,,,,,
1.14,2.09,2.11,1.72,2.24,0.96,18.09,,,,,,,,,,
1.15,2.09,2.11,1.71,2.24,0.95,18.09,,,,,,,,,,
1.16,2.09,2.12,1.7,2.23,0.95,18.08,,,,,,,,,,
1.17,2.09,2.12,1.69,2.23,0.94,18.08,,,,,,,,,,
1.18,2.08,2.12,1.68,2.22,0.93,18.07,,,,,,,,,,
1.19,2.08,2.13,1.67,2.22,0.92,18.07,,,,,,,,,,
1.2,2.08,2.13,1.66,2.21,0.91,18.06,,,,,,,,,,
1.21,2.08,2.13,1.66,2.2,0.91,18.05,,,,,,,,,,
1.22,2.08,2.14,1.65,2.2,0.9,18.04,1.72,3.48,,,,,,,,
1.23,2.07,2.14,1.64,2.19,0.89,18.02,,,,,,,,,,
1.24,2.07,2.15,1.63,2.19,0.88,18.01,,,,,,,,,,
1.25,2.07,2.15,1.62,2.18,0.87,17.99,,,,,,,,,,
1.25,2.07,2.15,1.61,2.17,0.87,17.98,,,,,,,,,,
1.26,2.06,2.15,1.6,2.17,0.86,17.96,,,,,,,,,,
1.27,2.06,2.16,1.59,2.16,0.85,17.94,,,,,,,,,,
1.28,2.06,2.16,1.58,2.15,0.84,17.92,,,,,,,,,,
1.29,2.06,2.16,1.57,2.15,0.84,17.9,,,,,,,,,,
1.3,2.05,2.17,1.56,2.14,0.83,17.88,,,,,,,,,,
1.31,2.05,2.17,1.55,2.13,0.82,17.85,1.81,3.45,,,,,,,,
1.32,2.05,2.17,1.54,2.13,0.81,17.83,,,,,,,,,,
1.33,2.04,2.17,1.53,2.12,0.81,17.8,,,,,,,,,,
1.34,2.04,2.18,1.52,2.11,0.8,17.77,,,,,,,,,,
1.35,2.04,2.18,1.51,2.11,0.79,17.74,,,,,,,,,,
1.36,2.03,2.18,1.5,2.1,0.78,17.71,,,,,,,,,,
1.37,2.03,2.18,1.49,2.09,0.78,17.68,,,,,,,,,,
1.38,2.03,2.18,1.48,2.08,0.77,17.65,,,,,,,,,,
1.39,2.02,2.19,1.47,2.08,0.76,17.61,,,,,,,,,,
1.4,2.02,2.19,1.46,2.07,0.76,17.58,,,,,,,,,,
1.41,2.01,2.19,1.45,2.06,0.75,17.54,1.91,3.41,,,,,,,,
1.41,2.01,2.19,1.44,2.05,0.74,17.5,,,,,,,,,,
1.42,2.01,2.19,1.43,2.05,0.74,17.46,,,,,,,,,,
1.43,2.0,2.19,1.42,2.04,0.73,17.42,,,,,,,,,,
1.44,2.0,2.19,1.41,2.03,0.72,17.38,,,,,,,,,,
1.45,1.99,2.19,1.4,2.02,0.72,17.34,,,,,,,,,,
1.46,1.99,2.2,1.39,2.02,0.71,17.29,,,,,,,,,,
1.47,1.98,2.2,1.38,2.01,0.71,17.25,,,,,,,,,,
1.48,1.98,2.2,1.37,2.0,0.7,17.2,,,,,,,,,,
1.49,1.97,2.2,1.36,1.99,0.69,17.15,,,,,,,,,,
1.49,1.97,2.2,1.35,1.98,0.69,17.1,1.99,3.37,,,,,,,,
1.5,1.96,2.2,1.34,1.98,0.68,17.05,,,,,,,,,,
1.51,1.96,2.2,1.33,1.97,0.68,17.0,,,,,,,,,,
1.52,1.95,2.2,1.32,1.96,0.67,16.95,,,,,,,,,,
1.53,1.95,2.2,1.31,1.95,0.67,16.9,,,,,,,,,,
1.54,1.94,2.2,1.3,1.94,0.66,16.84,,,,,,,,,,
1.55,1.94,2.2,1.29,1.93,0.65,16.78,,,,,,,,,,
1.55,1.93,2.2,1.28,1.93,0.65,16.73,,,,,,,,,,
1.56,1.93,2.2,1.27,1.92,0.64,16.67,,,,,,,,,,
1.57,1.92,2.2,1.26,1.91,0.64,16.61,,,,,,,,,,
1.58,1.92,2.2,1.25,1.9,0.63,16.54,2.08,3.32,,,,,,,,
1.59,1.91,2.2,1.24,1.89,0.63,16.48,,,,,,,,,,
1.6,1.9,2.2,1.23,1.88,0.62,16.42,,,,,,,,,,
1.6,1.9,2.2,1.22,1.87,0.62,16.35,,,,,,,,,,
1.61,1.89,2.2,1.21,1.87,0.61,16.29,,,,,,,,,,
1.62,1.89,2.2,1.2,1.86,0.61,16.22,,,,,,,,,,
1.63,1.88,2.19,1.19,1.85,0.61,16.15,,,,,,,,,,
1.63,1.87,2.19,1.18,1.84,0.6,16.08,,,,,,,,,,
1.64,1.87,2.19,1.17,1.83,0.6,16.01,,,,,,,,,,
1.65,1.86,2.19,1.16,1.82,0.59,15.94,,,,,,,,,,
1.66,1.85,2.19,1.15,1.81,0.59,15.86,2.16,3.25,,,,,,,,
1.67,1.85,2.19,1.14,1.8,0.58,15.79,,,,,,,,,,
1.67,1.84,2.19,1.13,1.79,0.58,15.71,,,,,,,,,,
1.68,1.83,2.18,1.12,1.78,0.58,15.64,,,,,,,,,,
1.69,1.83,2.18,1.11,1.77,0.57,15.56,,,,,,,,,,
1.69,1.82,2.18,1.1,1.77,0.57,15.48,,,,,,,,,,
1.7,1.81,2.18,1.09,1.76,0.57,15.4,,,,,,,,,,
1.71,1.81,2.18,1.08,1.75,0.56,15.32,,,,,,,,,,
1.72,1.8,2.17,1.08,1.74,0.56,15.24,,,,,,,,,,
1.72,1.79,2.17,1.07,1.73,0.56,15.15,,,,,,,,,,
1.73,1.78,2.17,1.06,1.72,0.55,15.07,2.23,3.18,,,,,,,,
1.74,1.78,2.17,1.05,1.71,0.55,14.99,,,,,,,,,,
1.74,1.77,2.16,1.04,1.7,0.55,14.9,,,,,,,,,,
1.75,1.76,2.16,1.03,1.69,0.54,14.81,,,,,,,,,,
1.76,1.75,2.16,1.02,1.68,0.54,14.72,,,,,,,,,,
1.76,1.75,2.16,1.01,1.67,0.54,14.63,,,,,,,,,,
1.77,1.74,2.15,1.0,1.66,0.53,14.54,,,,,,,,,,
1.78,1.73,2.15,0.99,1.65,0.53,14.45,,,,,,,,,,
1.78,1.72,2.15,0.98,1.64,0.53,14.36,,,,,,,,,,
1.79,1.72,2.14,0.97,1.63,0.53,14.27,,,,,,,,,,
1.79,1.71,2.14,0.96,1.62,0.52,14.17,2.29,3.11,,,,,,,,
1.8,1.7,2.14,0.95,1.61,0.52,14.08,,,,,,,,,,
1.81,1.69,2.13,0.94,1.6,0.52,13.98,,,,,,,,,,
1.81,1.68,2.13,0.93,1.59,0.52,13.88,,,,,,,,,,
1.82,1.68,2.13,0.92,1.58,0.52,13.78,,,,,,,,,,
1.82,1.67,2.12,0.91,1.57,0.52,13.69,,,,,,,,,,
1.83,1.66,2.12,0.9,1.56,0.51,13.59,,,,,,,,,,
1.83,1.65,2.11,0.9,1.55,0.51,13.48,,,,,,,,,,
1.84,1.64,2.11,0.89,1.54,0.51,13.38,,,,,,,,,,
1.85,1.63,2.11,0.88,1.53,0.51,13.28,,,,,,,,,,
1.85,1.63,2.1,0.87,1.52,0.51,13.18,2.35,3.03,25.85,26.03,26.9,26.07,1.09,5.43,87.63,93.99
1.86,1.62,2.1,0.86,1.51,0.51,13.07,,,,,,,,,,
1.86,1.61,2.09,0.85,1.5,0.51,12.97,,,,,,,,,,
1.87,1.6,2.09,0.84,1.49,0.5,12.86,,,,,,,,,,
1.87,1.59,2.08,0.83,1.48,0.5,12.75,,,,,,,,,,
1.88,1.58,2.08,0.82,1.47,0.5,12.65,,,,,,,,,,
1.88,1.57,2.07,0.81,1.46,0.5,12.54,,,,,,,,,,
1.89,1.56,2.07,0.81,1.45,0.5,12.43,,,,,,,,,,
1.89,1.56,2.06,0.8,1.44,0.5,12.32,,,,,,,,,,
1.89,1.55,2.06,0.79,1.43,0.5,12.21,,,,,,,,,,
1.9,1.54,2.05,0.78,1.42,0.5,12.1,2.4,2.94,,,,,,,,
1.9,1.53,2.05,0.77,1.41,0.5,11.98,,,,,,,,,,
1.91,1.52,2.04,0.76,1.4,0.5,11.87,,,,,,,,,,
1.91,1.51,2.04,0.75,1.39,0.5,11.76,,,,,,,,,,
1.92,1.5,2.03,0.75,1.38,0.5,11.64,,,,,,,,,,
1.92,1.49,2.03,0.74,1.37,0.5,11.53,,,,,,,,,,
1.92,1.48,2.02,0.73,1.36,0.5,11.41,,,,,,,,,,
1.93,1.47,2.02,0.72,1.35,0.5,11.3,,,,,,,,,,
1.93,1.46,2.01,0.71,1.34,0.5,11.18,,,,,,,,,,
1.93,1.46,2.0,0.71,1.33,0.5,11.06,,,,,,,,,,
1.94,1.45,2.0,0.7,1.32,0.5,10.94,2.44,2.85,,,,,,,,
1.94,1.44,1.99,0.69,1.31,0.5,10.82,,,,,,,,,,
1.95,1.43,1.99,0.68,1.3,0.5,10.71,,,,,,,,,,
1.95,1.42,1.98,0.67,1.29,0.51,10.59,,,,,,,,,,
1.95,1.41,1.97,0.67,1.28,0.51,10.46,,,,,,,,,,
1.95,1.4,1.97,0.66,1.27,0.51,10.34,,,,,,,,,,
1.96,1.39,1.96,0.65,1.26,0.51,10.22,,,,,,,,,,
1.96,1.38,1.95,0.64,1.25,0.51,10.1,,,,,,,,,,
1.96,1.37,1.95,0.64,1.24,0.51,9.98,,,,,,,,,,
1.97,1.36,1.94,0.63,1.23,0.51,9.85,,,,,,,,,,
1.97,1.35,1.93,0.62,1.22,0.52,9.73,2.47,2.75,,,,,,,,
1.97,1.34,1.93,0.61,1.21,0.52,9.61,,,,,,,,,,
1.97,1.33,1.92,0.61,1.21,0.52,9.48,,,,,,,,,,
1.98,1.32,1.91,0.6,1.2,0.52,9.36,,,,,,,,,,
1.98,1.31,1.91,0.59,1.19,0.52,9.23,,,,,,,,,,
1.98,1.3,1.9,0.58,1.18,0.53,9.11,,,,,,,,,,
1.98,1.29,1.89,0.58,1.17,0.53,8.98,,,,,,,,,,
1.98,1.28,1.88,0.57,1.16,0.53,8.86,,,,,,,,,,
1.99,1.27,1.88,0.56,1.15,0.53,8.73,,,,,,,,,,
1.99,1.26,1.87,0.56,1.14,0.54,8.6,,,,,,,,,,
1.99,1.25,1.86,0.55,1.13,0.54,8.47,2.49,2.65,,,,,,,,
1.99,1.24,1.85,0.54,1.12,0.54,8.35,,,,,,,,,,
1.99,1.23,1.85,0.54,1.11,0.54,8.22,,,,,,,,,,
1.99,1.22,1.84,0.53,1.1,0.55,8.09,,,,,,,,,,
1.99,1.21,1.83,0.52,1.09,0.55,7.96,,,,,,,,,,
1.99,1.2,1.82,0.52,1.08,0.55,7.83,,,,,,,,,,
2.0,1.19,1.82,0.51,1.07,0.56,7.71,,,,,,,,,,
2.0,1.18,1.81,0.51,1.06,0.56,7.58,,,,,,,,,,
2.0,1.17,1.8,0.5,1.05,0.56,7.45,,,,,,,,,,
2.0,1.16,1.79,0.49,1.04,0.57,7.32,,,,,,,,,,
2.0,1.15,1.78,0.49,1.03,0.57,7.19,2.5,2.55,,,,,,,,
2.0,1.14,1.78,0.48,1.02,0.57,7.06,,,,,,,,,,
2.0,1.13,1.77,0.48,1.01,0.58,6.93,,,,,,,,,,
2.0,1.12,1.76,0.47,1.0,0.58,6.8,,,,,,,,,,
2.0,1.11,1.75,0.47,1.0,0.59,6.67,,,,,,,,,,
2.0,1.1,1.74,0.46,0.99,0.59,6.54,,,,,,,,,,
2.0,1.09,1.73,0.45,0.98,0.59,6.41,,,,,,,,,,
2.0,1.08,1.73,0.45,0.97,0.6,6.28,,,,,,,,,,
2.0,1.07,1.72,0.44,0.96,0.6,6.15,,,,,,,,,,
2.0,1.06,1.71,0.44,0.95,0.61,6.02,,,,,,,,,,
2.0,1.05,1.7,0.43,0.94,0.61,5.89,2.5,2.45,,,,,,,,
2.0,1.04,1.69,0.43,0.93,0.62,5.76,,,,,,,,,,
2.0,1.03,1.68,0.42,0.92,0.62,5.63,,,,,,,,,,
2.0,1.02,1.67,0.42,0.92,0.63,5.5,,,,,,,,,,
2.0,1.01,1.67,0.41,0.91,0.63,5.37,,,,,,,,,,
2.0,1.0,1.66,0.41,0.9,0.64,5.24,,,,,,,,,,
1.99,0.99,1.65,0.41,0.89,0.64,5.11,,,,,,,,,,
1.99,0.98,1.64,0.4,0.88,0.65,4.98,,,,,,,,,,
1.99,0.97,1.63,0.4,0.87,0.65,4.85,,,,,,,,,,
1.99,0.96,1.62,0.39,0.86,0.66,4.72,,,,,,,,,,
1.99,0.95,1.61,0.39,0.86,0.66,4.59,2.49,2.35,,,,,,,,
1.99,0.94,1.6,0.38,0.85,0.67,4.46,,,,,,,,,,
1.99,0.93,1.59,0.38,0.84,0.67,4.34,,,,,,,,,,
1.98,0.92,1.58,0.38,0.83,0.68,4.21,,,,,,,,,,
1.98,0.91,1.57,0.37,0.82,0.68,4.08,,,,,,,,,,
1.98,0.9,1.57,0.37,0.81,0.69,3.95,,,,,,,,,,
1.98,0.89,1.56,0.37,0.81,0.7,3.82,,,,,,,,,,
1.98,0.88,1.55,0.36,0.8,0.7,3.7,,,,,,,,,,
1.97,0.88,1.54,0.36,0.79,0.71,3.57,,,,,,,,,,
1.97,0.87,1.53,0.36,0.78,0.71,3.44,,,,,,,,,,
1.97,0.86,1.52,0.35,0.77,0.72,3.31,2.47,2.26,,,,,,,,
1.97,0.85,1.51,0.35,0.77,0.73,3.19,,,,,,,,,,
1.96,0.84,1.5,0.35,0.76,0.73,3.06,,,,,,,,,,
1.96,0.83,1.49,0.34,0.75,0.74,2.94,,,,,,,,,,
1.96,0.82,1.48,0.34,0.74,0.75,2.81,,,,,,,,,,
1.96,0.81,1.47,0.34,0.74,0.75,2.69,,,,,,,,,,
1.95,0.8,1.46,0.33,0.73,0.76,2.56,,,,,,,,,,
1.95,0.79,1.45,0.33,0.72,0.77,2.44,,,,,,,,,,
1.95,0.78,1.44,0.33,0.71,0.77,2.32,,,,,,,,,,
1.94,0.77,1.43,0.33,0.71,0.78,2.19,,,,,,,,,,
1.94,0.76,1.42,0.32,0.7,0.79,2.07,2.44,2.16,,,,,,,,
1.94,0.75,1.41,0.32,0.69,0.79,1.95,,,,,,,,,,
1.93,0.74,1.4,0.32,0.69,0.8,1.83,,,,,,,,,,
1.93,0.73,1.39,0.32,0.68,0.81,1.71,,,,,,,,,,
1.93,0.72,1.38,0.32,0.67,0.81,1.59,,,,,,,,,,
1.92,0.71,1.37,0.32,0.66,0.82,1.47,,,,,,,,,,
1.92,0.7,1.36,0.31,0.66,0.83,1.35,,,,,,,,,,
1.91,0.7,1.35,0.31,0.65,0.84,1.23,,,,,,,,,,
1.91,0.69,1.34,0.31,0.64,0.84,1.11,,,,,,,,,,
1.91,0.68,1.33,0.31,0.64,0.85,0.99,,,,,,,,,,
1.9,0.67,1.32,0.31,0.63,0.86,0.88,2.4,2.07,25.9,25.07,26.12,25.51,1.09,5.45,82.84,92.34
1.9,0.66,1.31,0.31,0.63,0.87,0.76,,,,,,,,,,
1.89,0.65,1.3,0.31,0.62,0.88,0.64,,,,,,,,,,
1.89,0.64,1.29,0.3,0.61,0.88,0.53,,,,,,,,,,
1.88,0.63,1.28,0.3,0.61,0.89,0.41,,,,,,,,,,
1.88,0.62,1.27,0.3,0.6,0.9,0.3,,,,,,,,,,
1.87,0.61,1.26,0.3,0.59,0.91,0.19,,,,,,,,,,
1.87,0.61,1.25,0.3,0.59,0.92,0.07,,,,,,,,,,
1.86,0.6,1.24,0.3,0.58,0.92,-0.04,,,,,,,,,,
1.86,0.59,1.23,0.3,0.58,0.93,-0.15,,,,,,,,,,
1.85,0.58,1.22,0.3,0.57,0.94,-0.26,2.35,1.98,,,,,,,,
1.85,0.57,1.21,0.3,0.57,0.95,-0.37,,,,,,,,,,
1.84,0.56,1.2,0.3,0.56,0.96,-0.48,,,,,,,,,,
1.84,0.55,1.19,0.3,0.56,0.96,-0.58,,,,,,,,,,
1.83,0.55,1.18,0.3,0.55,0.97,-0.69,,,,,,,,,,
1.83,0.54,1.17,0.3,0.54,0.98,-0.8,,,,,,,,,,
1.82,0.53,1.16,0.3,0.54,0.99,-0.9,,,,,,,,,,
1.82,0.52,1.15,0.3,0.53,1.0,-1.01,,,,,,,,,,
1.81,0.51,1.14,0.3,0.53,1.01,-1.11,,,,,,,,,,
1.8,0.51,1.13,0.3,0.52,1.02,-1.21,,,,,,,,,,
1.8,0.5,1.12,0.3,0.52,1.03,-1.31,2.3,1.9,,,,,,,,
1.79,0.49,1.11,0.3,0.52,1.03,-1.42,,,,,,,,,,
1.79,0.48,1.1,0.3,0.51,1.04,-1.52,,,,,,,,,,
1.78,0.47,1.09,0.31,0.51,1.05,-1.62,,,,,,,,,,
1.77,0.47,1.08,0.31,0.5,1.06,-1.71,,,,,,,,,,
1.77,0.46,1.07,0.31,0.5,1.07,-1.81,,,,,,,,,,
1.76,0.45,1.06,0.31,0.49,1.08,-1.91,,,,,,,,,,
1.75,0.44,1.05,0.31,0.49,1.09,-2.0,,,,,,,,,,
1.75,0.44,1.04,0.31,0.48,1.1,-2.1,,,,,,,,,,
1.74,0.43,1.03,0.31,0.48,1.11,-2.19,,,,,,,,,,
1.73,0.42,1.02,0.32,0.48,1.12,-2.28,2.23,1.82,,,,,,,,
1.73,0.41,1.01,0.32,0.47,1.12,-2.38,,,,,,,,,,
1.72,0.41,1.01,0.32,0.47,1.13,-2.47,,,,,,,,,,
1.71,0.4,1.0,0.32,0.47,1.14,-2.56,,,,,,,,,,
1.71,0.39,0.99,0.32,0.46,1.15,-2.65,,,,,,,,,,
1.7,0.38,0.98,0.33,0.46,1.16,-2.73,,,,,,,,,,
1.69,0.38,0.97,0.33,0.46,1.17,-2.82,,,,,,,,,,
1.68,0.37,0.96,0.33,0.45,1.18,-2.91,,,,,,,,,,
1.68,0.36,0.95,0.33,0.45,1.19,-2.99,,,,,,,,,,
1.67,0.36,0.94,0.34,0.45,1.2,-3.07,,,,,,,,,,
1.66,0.35,0.93,0.34,0.44,1.21,-3.16,2.16,1.75,,,,,,,,
1.65,0.34,0.92,0.34,0.44,1.22,-3.24,,,,,,,,,,
1.65,0.34,0.91,0.34,0.44,1.23,-3.32,,,,,,,,,,
1.64,0.33,0.9,0.35,0.43,1.24,-3.4,,,,,,,,,,
1.63,0.32,0.89,0.35,0.43,1.25,-3.48,,,,,,,,,,
1.62,0.32,0.88,0.35,0.43,1.26,-3.55,,,,,,,,,,
1.62,0.31,0.87,0.36,0.43,1.27,-3.63,,,,,,,,,,
1.61,0.31,0.86,0.36,0.43,1.28,-3.7,,,,,,,,,,
1.6,0.3,0.85,0.36,0.42,1.29,-3.78,,,,,,,,,,
1.59,0.29,0.84,0.37,0.42,1.3,-3.85,,,,,,,,,,
1.58,0.29,0.83,0.37,0.42,1.31,-3.92,2.08,1.69,,,,,,,,
1.58,0.28,0.82,0.37,0.42,1.32,-3.99,,,,,,,,,,
1.57,0.28,0.81,0.38,0.42,1.33,-4.06,,,,,,,,,,
1.56,0.27,0.8,0.38,0.41,1.34,-4.13,,,,,,,,,,
1.55,0.27,0.8,0.39,0.41,1.35,-4.2,,,,,,,,,,
1.54,0.26,0.79,0.39,0.41,1.36,-4.26,,,,,,,,,,
1.53,0.25,0.78,0.39,0.41,1.37,-4.33,,,,,,,,,,
1.53,0.25,0.77,0.4,0.41,1.38,-4.39,,,,,,,,,,
1.52,0.24,0.76,0.4,0.41,1.39,-4.45,,,,,,,,,,
1.51,0.24,0.75,0.41,0.41,1.4,-4.51,,,,,,,,,,
1.5,0.23,0.74,0.41,0.4,1.41,-4.57,2.0,1.63,,,,,,,,
1.49,0.23,0.73,0.42,0.4,1.42,-4.63,,,,,,,,,,
1.48,0.22,0.72,0.42,0.4,1.43,-4.69,,,,,,,,,,
1.47,0.22,0.72,0.43,0.4,1.44,-4.75,,,,,,,,,,
1.47,0.21,0.71,0.43,0.4,1.45,-4.8,,,,,,,,,,
1.46,0.21,0.7,0.44,0.4,1.46,-4.86,,,,,,,,,,
1.45,0.21,0.69,0.44,0.4,1.47,-4.91,,,,,,,,,,
1.44,0.2,0.68,0.45,0.4,1.48,-4.96,,,,,,,,,,
1.43,0.2,0.67,0.45,0.4,1.49,-5.01,,,,,,,,,,
1.42,0.19,0.66,0.46,0.4,1.5,-5.06,,,,,,,,,,
1.41,0.19,0.66,0.46,0.4,1.51,-5.11,1.91,1.59,,,,,,,,
1.4,0.18,0.65,0.47,0.4,1.52,-5.15,,,,,,,,,,
1.39,0.18,0.64,0.47,0.4,1.53,-5.2,,,,,,,,,,
1.38,0.18,0.63,0.48,0.4,1.54,-5.24,,,,,,,,,,
1.37,0.17,0.62,0.48,0.4,1.55,-5.29,,,,,,,,,,
1.37,0.17,0.61,0.49,0.4,1.56,-5.33,,,,,,,,,,
1.36,0.17,0.61,0.5,0.4,1.57,-5.37,,,,,,,,,,
1.35,0.16,0.6,0.5,0.4,1.58,-5.41,,,,,,,,,,
1.34,0.16,0.59,0.51,0.4,1.59,-5.45,,,,,,,,,,
1.33,0.16,0.58,0.51,0.4,1.6,-5.48,,,,,,,,,,
1.32,0.15,0.57,0.52,0.41,1.61,-5.52,1.82,1.55,,,,,,,,
1.31,0.15,0.57,0.53,0.41,1.62,-5.55,,,,,,,,,,
1.3,0.15,0.56,0.53,0.41,1.62,-5.59,,,,,,,,,,
1.29,0.14,0.55,0.54,0.41,1.63,-5.62,,,,,,,,,,
1.28,0.14,0.54,0.55,0.41,1.64,-5.65,,,,,,,,,,
1.27,0.14,0.54,0.55,0.41,1.65,-5.68,,,,,,,,,,
1.26,0.13,0.53,0.56,0.41,1.66,-5.71,,,,,,,,,,
1.25,0.13,0.52,0.57,0.42,1.67,-5.73,,,,,,,,,,
1.24,0.13,0.51,0.57,0.42,1.68,-5.76,,,,,,,,,,
1.23,0.13,0.51,0.58,0.42,1.69,-5.78,,,,,,,,,,
1.22,0.12,0.5,0.59,0.42,1.7,-5.81,1.72,1.52,,,,,,,,
1.21,0.12,0.49,0.59,0.42,1.71,-5.83,,,,,,,,,,
1.2,0.12,0.49,0.6,0.43,1.72,-5.85,,,,,,,,,,
1.19,0.12,0.48,0.61,0.43,1.73,-5.87,,,,,,,,,,
1.18,0.12,0.47,0.61,0.43,1.74,-5.89,,,,,,,,,,
1.17,0.12,0.46,0.62,0.43,1.75,-5.9,,,,,,,,,,
1.16,0.11,0.46,0.63,0.43,1.76,-5.92,,,,,,,,,,
1.15,0.11,0.45,0.64,0.44,1.77,-5.93,,,,,,,,,,
1.14,0.11,0.44,0.64,0.44,1.78,-5.95,,,,,,,,,,
1.13,0.11,0.44,0.65,0.44,1.79,-5.96,,,,,,,,,,
1.12,0.11,0.43,0.66,0.45,1.8,-5.97,1.62,1.51,25.12,24.51,25.23,25.86,1.01,5.06,80.04,88.53
1.11,0.11,0.43,0.67,0.45,1.81,-5.98,,,,,,,,,,
1.1,0.11,0.42,0.68,0.45,1.82,-5.99,,,,,,,,,,
1.09,0.1,0.41,0.68,0.46,1.83,-5.99,,,,,,,,,,
1.08,0.1,0.41,0.69,0.46,1.84,-6.0,,,,,,,,,,
1.07,0.1,0.4,0.7,0.46,1.85,-6.0,,,,,,,,,,
1.06,0.1,0.39,0.71,0.47,1.86,-6.01,,,,,,,,,,
1.05,0.1,0.39,0.72,0.47,1.87,-6.01,,,,,,,,,,
1.04,0.1,0.38,0.72,0.47,1.88,-6.01,,,,,,,,,,
1.03,0.1,0.38,0.73,0.48,1.89,-6.01,,,,,,,,,,
1.02,0.1,0.37,0.74,0.48,1.89,-6.01,1.52,1.5,,,,,,,,
1.01,0.1,0.37,0.75,0.49,1.9,-6.01,,,,,,,,,,
1.0,0.1,0.36,0.76,0.49,1.91,-6.0,,,,,,,,,,
0.99,0.1,0.36,0.76,0.49,1.92,-6.0,,,,,,,,,,
0.98,0.1,0.35,0.77,0.5,1.93,-5.99,,,,,,,,,,
0.97,0.1,0.34,0.78,0.5,1.94,-5.98,,,,,,,,,,
0.96,0.1,0.34,0.79,0.51,1.95,-5.97,,,,,,,,,,
0.95,0.1,0.33,0.8,0.51,1.96,-5.96,,,,,,,,,,
0.94,0.1,0.33,0.81,0.52,1.97,-5.95,,,,,,,,,,
0.93,0.1,0.32,0.82,0.52,1.98,-5.94,,,,,,,,,,
0.92,0.1,0.32,0.83,0.52,1.98,-5.93,1.42,1.5,,,,,,,,
0.91,0.1,0.32,0.83,0.53,1.99,-5.91,,,,,,,,,,
0.9,0.1,0.31,0.84,0.53,2.0,-5.9,,,,,,,,,,
0.89,0.11,0.31,0.85,0.54,2.01,-5.88,,,,,,,,,,
0.88,0.11,0.3,0.86,0.55,2.02,-5.86,,,,,,,,,,
0.87,0.11,0.3,0.87,0.55,2.03,-5.84,,,,,,,,,,
0.86,0.11,0.29,0.88,0.56,2.04,-5.82,,,,,,,,,,
0.85,0.11,0.29,0.89,0.56,2.04,-5.8,,,,,,,,,,
0.84,0.11,0.28,0.9,0.57,2.05,-5.78,,,,,,,,,,
0.83,0.11,0.28,0.91,0.57,2.06,-5.75,,,,,,,,,,
0.82,0.12,0.28,0.92,0.58,2.07,-5.73,1.32,1.52,,,,,,,,
0.81,0.12,0.27,0.92,0.58,2.08,-5.7,,,,,,,,,,
0.81,0.12,0.27,0.93,0.59,2.09,-5.68,,,,,,,,,,
0.8,0.12,0.27,0.94,0.6,2.09,-5.65,,,,,,,,,,
0.79,0.12,0.26,0.95,0.6,2.1,-5.62,,,,,,,,,,
0.78,0.13,0.26,0.96,0.61,2.11,-5.59,,,,,,,,,,
0.77,0.13,0.26,0.97,0.61,2.12,-5.56,,,,,,,,,,
0.76,0.13,0.25,0.98,0.62,2.13,-5.52,,,,,,,,,,
0.75,0.13,0.25,0.99,0.63,2.13,-5.49,,,,,,,,,,
0.74,0.14,0.25,1.0,0.63,2.14,-5.46,,,,,,,,,,
0.73,0.14,0.24,1.01,0.64,2.15,-5.42,1.23,1.54,,,,,,,,
0.72,0.14,0.24,1.02,0.65,2.16,-5.38,,,,,,,,,,
0.71,0.14,0.24,1.03,0.65,2.16,-5.34,,,,,,,,,,
0.7,0.15,0.23,1.04,0.66,2.17,-5.31,,,,,,,,,,
0.69,0.15,0.23,1.05,0.67,2.18,-5.27,,,,,,,,,,
0.68,0.15,0.23,1.06,0.67,2.19,-5.22,,,,,,,,,,
0.67,0.16,0.23,1.07,0.68,2.19,-5.18,,,,,,,,,,
0.66,0.16,0.23,1.08,0.69,2.2,-5.14,,,,,,,,,,
0.65,0.16,0.22,1.09,0.69,2.21,-5.09,,,,,,,,,,
0.64,0.17,0.22,1.1,0.7,2.21,-5.05,,,,,,,,,,
0.63,0.17,0.22,1.11,0.71,2.22,-5.0,1.13,1.57,,,,,,,,
0.62,0.17,0.22,1.12,0.71,2.23,-4.96,,,,,,,,,,
0.61,0.18,0.22,1.13,0.72,2.23,-4.91,,,,,,,,,,
0.6,0.18,0.21,1.14,0.73,2.24,-4.86,,,,,,,,,,
0.6,0.19,0.21,1.15,0.74,2.25,-4.81,,,,,,,,,,
0.59,0.19,0.21,1.16,0.74,2.25,-4.76,,,,,,,,,,
0.58,0.19,0.21,1.17,0.75,2.26,-4.71,,,,,,,,,,
0.57,0.2,0.21,1.18,0.76,2.27,-4.65,,,,,,,,,,
0.56,0.2,0.21,1.19,0.77,2.27,-4.6,,,,,,,,,,
0.55,0.21,0.21,1.2,0.77,2.28,-4.54,,,,,,,,,,
0.54,0.21,0.2,1.21,0.78,2.29,-4.49,1.04,1.61,,,,,,,,
0.53,0.22,0.2,1.22,0.79,2.29,-4.43,,,,,,,,,,
0.52,0.22,0.2,1.23,0.8,2.3,-4.37,,,,,,,,,,
0.52,0.23,0.2,1.24,0.81,2.3,-4.31,,,,,,,,,,
0.51,0.23,0.2,1.25,0.81,2.31,-4.25,,,,,,,,,,
0.5,0.24,0.2,1.26,0.82,2.32,-4.19,,,,,,,,,,
0.49,0.24,0.2,1.27,0.83,2.32,-4.13,,,,,,,,,,
0.48,0.25,0.2,1.28,0.84,2.33,-4.07,,,,,,,,,,
0.47,0.25,0.2,1.29,0.85,2.33,-4.01,,,,,,,,,,
0.46,0.26,0.2,1.3,0.86,2.34,-3.94,,,,,,,,,,
0.46,0.26,0.2,1.31,0.86,2.34,-3.88,0.96,1.66,,,,,,,,
0.45,0.27,0.2,1.32,0.87,2.35,-3.81,,,,,,,,,,
0.44,0.27,0.2,1.33,0.88,2.35,-3.75,,,,,,,,,,
0.43,0.28,0.2,1.34,0.89,2.36,-3.68,,,,,,,,,,
0.42,0.28,0.2,1.35,0.9,2.37,-3.61,,,,,,,,,,
0.41,0.29,0.2,1.36,0.91,2.37,-3.54,,,,,,,,,,
0.41,0.3,0.2,1.37,0.92,2.37,-3.47,,,,,,,,,,
0.4,0.3,0.2,1.38,0.92,2.38,-3.4,,,,,,,,,,
0.39,0.31,0.2,1.39,0.93,2.38,-3.33,,,,,,,,,,
0.38,0.31,0.2,1.4,0.94,2.39,-3.26,,,,,,,,,,
0.37,0.32,0.21,1.41,0.95,2.39,-3.18,0.87,1.72,,,,,,,,
0.37,0.33,0.21,1.42,0.96,2.4,-3.11,,,,,,,,,,
0.36,0.33,0.21,1.42,0.97,2.4,-3.04,,,,,,,,,,
0.35,0.34,0.21,1.43,0.98,2.41,-2.96,,,,,,,,,,
0.34,0.35,0.21,1.44,0.99,2.41,-2.89,,,,,,,,,,
0.34,0.35,0.21,1.45,1.0,2.41,-2.81,,,,,,,,,,
0.33,0.36,0.21,1.46,1.01,2.42,-2.73,,,,,,,,,,
0.32,0.37,0.22,1.47,1.01,2.42,-2.65,,,,,,,,,,
0.31,0.37,0.22,1.48,1.02,2.43,-2.57,,,,,,,,,,
0.31,0.38,0.22,1.49,1.03,2.43,-2.49,,,,,,,,,,
0.3,0.39,0.22,1.5,1.04,2.43,-2.41,0.8,1.79,,,,,,,,
0.29,0.39,0.22,1.51,1.05,2.44,-2.33,,,,,,,,,,
0.29,0.4,0.23,1.52,1.06,2.44,-2.25,,,,,,,,,,
0.28,0.41,0.23,1.53,1.07,2.44,-2.17,,,,,,,,,,
0.27,0.41,0.23,1.54,1.08,2.45,-2.09,,,,,,,,,,
0.26,0.42,0.23,1.55,1.09,2.45,-2.0,,,,,,,,,,
0.26,0.43,0.23,1.56,1.1,2.45,-1.92,,,,,,,,,,
0.25,0.44,0.24,1.57,1.11,2.46,-1.83,,,,,,,,,,
0.24,0.44,0.24,1.58,1.12,2.46,-1.75,,,,,,,,,,
0.24,0.45,0.24,1.59,1.13,2.46,-1.66,,,,,,,,,,
0.23,0.46,0.25,1.6,1.14,2.46,-1.57,0.73,1.86,24.23,24.86,25.05,26.8,0.92,4.62,81.8,86.08
0.23,0.47,0.25,1.61,1.15,2.47,-1.49,,,,,,,,,,
0.22,0.48,0.25,1.62,1.16,2.47,-1.4,,,,,,,,,,
0.21,0.48,0.26,1.63,1.17,2.47,-1.31,,,,,,,,,,
0.21,0.49,0.26,1.64,1.18,2.47,-1.22,,,,,,,,,,
0.2,0.5,0.26,1.65,1.19,2.48,-1.13,,,,,,,,,,
0.19,0.51,0.27,1.66,1.2,2.48,-1.04,,,,,,,,,,
0.19,0.52,0.27,1.67,1.21,2.48,-0.95,,,,,,,,,,
0.18,0.52,0.27,1.68,1.22,2.48,-0.86,,,,,,,,,,
0.18,0.53,0.28,1.69,1.23,2.48,-0.77,,,,,,,,,,
0.17,0.54,0.28,1.69,1.24,2.49,-0.67,0.67,1.94,,,,,,,,
0.17,0.55,0.29,1.7,1.25,2.49,-0.58,,,,,,,,,,
0.16,0.56,0.29,1.71,1.26,2.49,-0.49,,,,,,,,,,
0.16,0.56,0.29,1.72,1.26,2.49,-0.39,,,,,,,,,,
0.15,0.57,0.3,1.73,1.27,2.49,-0.3,,,,,,,,,,
0.14,0.58,0.3,1.74,1.28,2.49,-0.2,,,,,,,,,,
0.14,0.59,0.31,1.75,1.29,2.49,-0.11,,,,,,,,,,
0.13,0.6,0.31,1.76,1.3,2.5,-0.01,,,,,,,,,,
0.13,0.61,0.32,1.77,1.31,2.5,0.09,,,,,,,,,,
0.12,0.62,0.32,1.78,1.32,2.5,0.18,,,,,,,,,,
0.12,0.63,0.32,1.78,1.33,2.5,0.28,0.62,2.03,,,,,,,,
0.12,0.63,0.33,1.79,1.34,2.5,0.38,,,,,,,,,,
0.11,0.64,0.33,1.8,1.35,2.5,0.48,,,,,,,,,,
0.11,0.65,0.34,1.81,1.36,2.5,0.58,,,,,,,,,,
0.1,0.66,0.35,1.82,1.37,2.5,0.68,,,,,,,,,,
0.1,0.67,0.35,1.83,1.38,2.5,0.77,,,,,,,,,,
0.09,0.68,0.36,1.84,1.39,2.5,0.87,,,,,,,,,,
0.09,0.69,0.36,1.84,1.4,2.5,0.98,,,,,,,,,,
0.08,0.7,0.37,1.85,1.41,2.5,1.08,,,,,,,,,,
0.08,0.71,0.37,1.86,1.42,2.5,1.18,,,,,,,,,,
0.08,0.72,0.38,1.87,1.43,2.5,1.28,0.58,2.12,,,,,,,,
0.07,0.72,0.38,1.88,1.44,2.5,1.38,,,,,,,,,,
0.07,0.73,0.39,1.89,1.45,2.5,1.48,,,,,,,,,,
0.07,0.74,0.4,1.89,1.46,2.5,1.59,,,,,,,,,,
0.06,0.75,0.4,1.9,1.47,2.5,1.69,,,,,,,,,,
0.06,0.76,0.41,1.91,1.48,2.5,1.79,,,,,,,,,,
0.06,0.77,0.41,1.92,1.49,2.5,1.9,,,,,,,,,,
0.05,0.78,0.42,1.93,1.5,2.49,2.0,,,,,,,,,,
0.05,0.79,0.43,1.93,1.51,2.49,2.1,,,,,,,,,,
0.05,0.8,0.43,1.94,1.52,2.49,2.21,,,,,,,,,,
0.04,0.81,0.44,1.95,1.53,2.49,2.31,0.54,2.21,,,,,,,,
0.04,0.82,0.45,1.96,1.54,2.49,2.42,,,,,,,,,,
0.04,0.83,0.45,1.96,1.55,2.49,2.52,,,,,,,,,,
0.03,0.84,0.46,1.97,1.56,2.49,2.63,,,,,,,,,,
0.03,0.85,0.47,1.98,1.57,2.48,2.74,,,,,,,,,,
0.03,0.86,0.47,1.99,1.58,2.48,2.84,,,,,,,,,,
0.03,0.87,0.48,1.99,1.59,2.48,2.95,,,,,,,,,,
0.03,0.88,0.49,2.0,1.6,2.48,3.06,,,,,,,,,,
0.02,0.89,0.49,2.01,1.61,2.48,3.16,,,,,,,,,,
0.02,0.9,0.5,2.01,1.62,2.47,3.27,,,,,,,,,,
0.02,0.91,0.51,2.02,1.63,2.47,3.38,0.52,2.31,,,,,,,,
0.02,0.92,0.51,2.03,1.64,2.47,3.49,,,,,,,,,,
0.02,0.93,0.52,2.03,1.65,2.47,3.59,,,,,,,,,,
0.01,0.94,0.53,2.04,1.66,2.47,3.7,,,,,,,,,,
0.01,0.95,0.54,2.05,1.67,2.46,3.81,,,,,,,,,,
0.01,0.96,0.54,2.05,1.68,2.46,3.92,,,,,,,,,,
0.01,0.97,0.55,2.06,1.69,2.46,4.03,,,,,,,,,,
0.01,0.98,0.56,2.07,1.7,2.45,4.13,,,,,,,,,,
0.01,0.99,0.57,2.07,1.71,2.45,4.24,,,,,,,,,,
0.01,1.0,0.57,2.08,1.72,2.45,4.35,,,,,,,,,,
0.0,1.01,0.58,2.09,1.73,2.44,4.46,0.5,2.41,,,,,,,,
0.0,1.02,0.59,2.09,1.74,2.44,4.57,,,,,,,,,,
0.0,1.03,0.6,2.1,1.75,2.44,4.68,,,,,,,,,,
0.0,1.04,0.61,2.1,1.76,2.43,4.79,,,,,,,,,,
0.0,1.05,0.61,2.11,1.77,2.43,4.9,,,,,,,,,,
0.0,1.06,0.62,2.12,1.78,2.43,5.01,,,,,,,,,,
0.0,1.07,0.63,2.12,1.78,2.42,5.12,,,,,,,,,,
0.0,1.08,0.64,2.13,1.79,2.42,5.23,,,,,,,,,,
0.0,1.09,0.65,2.13,1.8,2.42,5.34,,,,,,,,,,
0.0,1.1,0.66,2.14,1.81,2.41,5.45,,,,,,,,,,
0.0,1.11,0.66,2.14,1.82,2.41,5.56,0.5,2.51,,,,,,,,
0.0,1.12,0.67,2.15,1.83,2.4,5.67,,,,,,,,,,
0.0,1.13,0.68,2.15,1.84,2.4,5.78,,,,,,,,,,
0.0,1.14,0.69,2.16,1.85,2.39,5.89,,,,,,,,,,
0.0,1.15,0.7,2.17,1.86,2.39,6.0,,,,,,,,,,
0.0,1.16,0.71,2.17,1.87,2.38,6.11,,,,,,,,,,
0.0,1.17,0.72,2.17,1.87,2.38,6.22,,,,,,,,,,
0.0,1.18,0.72,2.18,1.88,2.38,6.33,,,,,,,,,,
0.0,1.19,0.73,2.18,1.89,2.37,6.44,,,,,,,,,,
0.0,1.2,0.74,2.19,1.9,2.37,6.55,,,,,,,,,,
0.01,1.21,0.75,2.19,1.91,2.36,6.66,0.51,2.61,,,,,,,,
0.01,1.22,0.76,2.2,1.92,2.36,6.77,,,,,,,,,,
0.01,1.22,0.77,2.2,1.93,2.35,6.88,,,,,,,,,,
0.01,1.23,0.78,2.21,1.94,2.34,6.99,,,,,,,,,,
0.01,1.24,0.79,2.21,1.94,2.34,7.1,,,,,,,,,,
0.01,1.25,0.8,2.21,1.95,2.33,7.21,,,,,,,,,,
0.01,1.26,0.81,2.22,1.96,2.33,7.32,,,,,,,,,,
0.02,1.27,0.81,2.22,1.97,2.32,7.43,,,,,,,,,,
0.02,1.28,0.82,2.23,1.98,2.32,7.54,,,,,,,,,,
0.02,1.29,0.83,2.23,1.98,2.31,7.65,,,,,,,,,,
0.02,1.3,0.84,2.23,1.99,2.31,7.76,0.52,2.7,,,,,,,,
0.02,1.31,0.85,2.24,2.0,2.3,7.87,,,,,,,,,,
0.03,1.32,0.86,2.24,2.01,2.29,7.98,,,,,,,,,,
0.03,1.33,0.87,2.24,2.02,2.29,8.08,,,,,,,,,,
0.03,1.34,0.88,2.25,2.02,2.28,8.19,,,,,,,,,,
0.03,1.35,0.89,2.25,2.03,2.27,8.3,,,,,,,,,,
0.03,1.36,0.9,2.25,2.04,2.27,8.41,,,,,,,,,,
0.04,1.37,0.91,2.26,2.05,2.26,8.52,,,,,,,,,,
0.04,1.38,0.92,2.26,2.06,2.26,8.63,,,,,,,,,,
0.04,1.39,0.93,2.26,2.06,2.25,8.74,,,,,,,,,,
0.05,1.4,0.94,2.26,2.07,2.24,8.84,0.55,2.8,24.05,25.8,25.74,27.46,0.9,4.52,86.5,87.23
0.05,1.41,0.95,2.27,2.08,2.24,8.95,,,,,,,,,,
0.05,1.42,0.96,2.27,2.08,2.23,9.06,,,,,,,,,,
0.06,1.43,0.97,2.27,2.09,2.22,9.17,,,,,,,,,,
0.06,1.44,0.98,2.27,2.1,2.21,9.27,,,,,,,,,,
0.06,1.45,0.99,2.28,2.11,2.21,9.38,,,,,,,,,,
0.07,1.46,1.0,2.28,2.11,2.2,9.49,,,,,,,,,,
0.07,1.47,1.01,2.28,2.12,2.19,9.59,,,,,,,,,,
0.07,1.48,1.02,2.28,2.13,2.19,9.7,,,,,,,,,,
0.08,1.49,1.03,2.28,2.13,2.18,9.8,,,,,,,,,,
0.08,1.49,1.04,2.29,2.14,2.17,9.91,0.58,2.89,,,,,,,,
0.09,1.5,1.05,2.29,2.15,2.16,10.02,,,,,,,,,,
0.09,1.51,1.06,2.29,2.15,2.16,10.12,,,,,,,,,,
0.09,1.52,1.06,2.29,2.16,2.15,10.22,,,,,,,,,,
0.1,1.53,1.07,2.29,2.17,2.14,10.33,,,,,,,,,,
0.1,1.54,1.08,2.29,2.17,2.13,10.43,,,,,,,,,,
0.11,1.55,1.09,2.29,2.18,2.13,10.54,,,,,,,,,,
0.11,1.56,1.1,2.3,2.19,2.12,10.64,,,,,,,,,,
0.12,1.57,1.11,2.3,2.19,2.11,10.74,,,,,,,,,,
0.12,1.58,1.12,2.3,2.2,2.1,10.85,,,,,,,,,,
0.12,1.58,1.13,2.3,2.2,2.09,10.95,0.62,2.98,,,,,,,,
0.13,1.59,1.14,2.3,2.21,2.09,11.05,,,,,,,,,,
0.13,1.6,1.15,2.3,2.22,2.08,11.15,,,,,,,,,,
0.14,1.61,1.16,2.3,2.22,2.07,11.25,,,,,,,,,,
0.15,1.62,1.17,2.3,2.23,2.06,11.35,,,,,,,,,,
0.15,1.63,1.18,2.3,2.23,2.05,11.45,,,,,,,,,,
0.16,1.64,1.19,2.3,2.24,2.04,11.55,,,,,,,,,,
0.16,1.64,1.2,2.3,2.24,2.04,11.65,,,,,,,,,,
0.17,1.65,1.21,2.3,2.25,2.03,11.75,,,,,,,,,,
0.17,1.66,1.22,2.3,2.25,2.02,11.85,,,,,,,,,,
0.18,1.67,1.23,2.3,2.26,2.01,11.95,0.68,3.07,,,,,,,,
0.18,1.68,1.24,2.3,2.26,2.0,12.05,,,,,,,,,,
0.19,1.69,1.25,2.3,2.27,1.99,12.14,,,,,,,,,,
0.2,1.69,1.26,2.3,2.27,1.98,12.24,,,,,,,,,,
0.2,1.7,1.27,2.3,2.28,1.98,12.34,,,,,,,,,,
0.21,1.71,1.28,2.3,2.28,1.97,12.43,,,,,,,,,,
0.21,1.72,1.29,2.3,2.29,1.96,12.53,,,,,,,,,,
0.22,1.73,1.3,2.29,2.29,1.95,12.62,,,,,,,,,,
0.23,1.73,1.31,2.29,2.3,1.94,12.72,,,,,,,,,,
0.23,1.74,1.32,2.29,2.3,1.93,12.81,,,,,,,,,,
0.24,1.75,1.33,2.29,2.31,1.92,12.9,0.74,3.15,,,,,,,,
0.25,1.76,1.34,2.29,2.31,1.91,13.0,,,,,,,,,,
0.25,1.76,1.35,2.29,2.31,1.9,13.09,,,,,,,,,,
0.26,1.77,1.36,2.29,2.32,1.9,13.18,,,,,,,,,,
0.27,1.78,1.37,2.28,2.32,1.89,13.27,,,,,,,,,,
0.27,1.79,1.38,2.28,2.33,1.88,13.36,,,,,,,,,,
0.28,1.79,1.39,2.28,2.33,1.87,13.45,,,,,,,,,,
0.29,1.8,1.4,2.28,2.33,1.86,13.54,,,,,,,,,,
0.29,1.81,1.41,2.28,2.34,1.85,13.63,,,,,,,,,,
0.3,1.81,1.42,2.27,2.34,1.84,13.72,,,,,,,,,,
0.31,1.82,1.43,2.27,2.34,1.83,13.81,0.81,3.22,,,,,,,,
0.31,1.83,1.44,2.27,2.35,1.82,13.89,,,,,,,,,,
0.32,1.83,1.45,2.27,2.35,1.81,13.98,,,,,,,,,,
0.33,1.84,1.46,2.27,2.35,1.8,14.07,,,,,,,,,,
0.34,1.85,1.47,2.26,2.36,1.79,14.15,,,,,,,,,,
0.34,1.85,1.48,2.26,2.36,1.78,14.23,,,,,,,,,,
0.35,1.86,1.49,2.26,2.36,1.77,14.32,,,,,,,,,,
0.36,1.87,1.5,2.25,2.36,1.76,14.4,,,,,,,,,,
0.37,1.87,1.51,2.25,2.37,1.75,14.48,,,,,,,,,,
0.37,1.88,1.52,2.25,2.37,1.74,14.56,,,,,,,,,,
0.38,1.89,1.53,2.24,2.37,1.73,14.65,0.88,3.29,,,,,,,,
0.39,1.89,1.54,2.24,2.37,1.72,14.73,,,,,,,,,,
0.4,1.9,1.55,2.24,2.38,1.71,14.8,,,,,,,,,,
0.41,1.9,1.56,2.23,2.38,1.7,14.88,,,,,,,,,,
0.41,1.91,1.57,2.23,2.38,1.7,14.96,,,,,,,,,,
0.42,1.92,1.58,2.23,2.38,1.69,15.04,,,,,,,,,,
0.43,1.92,1.58,2.22,2.38,1.68,15.11,,,,,,,,,,
0.44,1.93,1.59,2.22,2.39,1.67,15.19,,,,,,,,,,
0.45,1.93,1.6,2.22,2.39,1.66,15.26,,,,,,,,,,
0.46,1.94,1.61,2.21,2.39,1.65,15.34,,,,,,,,,,
0.46,1.94,1.62,2.21,2.39,1.64,15.41,0.96,3.34,,,,,,,,
0.47,1.95,1.63,2.2,2.39,1.63,15.48,,,,,,,,,,
0.48,1.95,1.64,2.2,2.39,1.62,15.56,,,,,,,,,,
0.49,1.96,1.65,2.19,2.39,1.61,15.63,,,,,,,,,,
0.5,1.97,1.66,2.19,2.4,1.6,15.7,,,,,,,,,,
0.51,1.97,1.67,2.18,2.4,1.59,15.77,,,,,,,,,,
0.52,1.97,1.67,2.18,2.4,1.58,15.83,,,,,,,,,,
0.52,1.98,1.68,2.18,2.4,1.57,15.9,,,,,,,,,,
0.53,1.98,1.69,2.17,2.4,1.56,15.97,,,,,,,,,,
0.54,1.99,1.7,2.17,2.4,1.55,16.03,,,,,,,,,,
0.55,1.99,1.71,2.16,2.4,1.54,16.1,1.05,3.39,,,,,,,,
0.56,2.0,1.72,2.16,2.4,1.53,16.16,,,,,,,,,,
0.57,2.0,1.73,2.15,2.4,1.52,16.22,,,,,,,,,,
0.58,2.01,1.74,2.14,2.4,1.51,16.29,,,,,,,,,,
0.59,2.01,1.74,2.14,2.4,1.5,16.35,,,,,,,,,,
0.6,2.01,1.75,2.13,2.4,1.49,16.41,,,,,,,,,,
0.61,2.02,1.76,2.13,2.4,1.48,16.47,,,,,,,,,,
0.61,2.02,1.77,2.12,2.4,1.47,16.53,,,,,,,,,,
0.62,2.03,1.78,2.12,2.4,1.46,16.58,,,,,,,,,,
0.63,2.03,1.78,2.11,2.4,1.45,16.64,,,,,,,,,,
0.64,2.03,1.79,2.11,2.4,1.44,16.69,1.14,3.43,,,,,,,,
0.65,2.04,1.8,2.1,2.4,1.43,16.75,,,,,,,,,,
0.66,2.04,1.81,2.09,2.4,1.42,16.8,,,,,,,,,,
0.67,2.04,1.82,2.09,2.4,1.41,16.86,,,,,,,,,,
0.68,2.05,1.82,2.08,2.39,1.4,16.91,,,,,,,,,,
0.69,2.05,1.83,2.07,2.39,1.39,16.96,,,,,,,,,,
0.7,2.05,1.84,2.07,2.39,1.38,17.01,,,,,,,,,,
0.71,2.06,1.85,2.06,2.39,1.37,17.06,,,,,,,,,,
0.72,2.06,1.86,2.06,2.39,1.36,17.1,,,,,,,,,,
0.73,2.06,1.86,2.05,2.39,1.35,17.15,,,,,,,,,,
0.74,2.06,1.87,2.04,2.39,1.34,17.2,1.24,3.46,24.74,26.46,26.67,27.24,0.97,4.87,89.82,90.93
0.75,2.07,1.88,2.04,2.38,1.33,17.24,,,,,,,,,,
0.76,2.07,1.88,2.03,2.38,1.32,17.28,,,,,,,,,,
0.77,2.07,1.89,2.02,2.38,1.31,17.33,,,,,,,,,,
0.78,2.07,1.9,2.01,2.38,1.3,17.37,,,,,,,,,,
0.79,2.08,1.91,2.01,2.38,1.29,17.41,,,,,,,,,,
0.8,2.08,1.91,2.0,2.38,1.28,17.45,,,,,,,,,,
0.81,2.08,1.92,1.99,2.37,1.27,17.48,,,,,,,,,,
0.82,2.08,1.93,1.99,2.37,1.26,17.52,,,,,,,,,,
0.83,2.08,1.93,1.98,2.37,1.25,17.56,,,,,,,,,,
0.84,2.09,1.94,1.97,2.37,1.24,17.59,1.34,3.49,,,,,,,,
0.85,2.09,1.95,1.96,2.36,1.23,17.62,,,,,,,,,,
0.86,2.09,1.95,1.96,2.36,1.22,17.66,,,,,,,,,,
0.86,2.09,1.96,1.95,2.36,1.21,17.69,,,,,,,,,,
0.87,2.09,1.97,1.94,2.35,1.2,17.72,,,,,,,,,,
0.88,2.09,1.97,1.93,2.35,1.19,17.75,,,,,,,,,,
0.89,2.09,1.98,1.93,2.35,1.18,17.78,,,,,,,,,,
0.9,2.1,1.99,1.92,2.34,1.17,17.8,,,,,,,,,,
0.91,2.1,1.99,1.91,2.34,1.16,17.83,,,,,,,,,,
0.92,2.1,2.0,1.9,2.34,1.15,17.85,,,,,,,,,,
0.93,2.1,2.0,1.89,2.33,1.14,17.88,1.43,3.5,,,,,,,,
0.94,2.1,2.01,1.89,2.33,1.13,17.9,,,,,,,,,,
0.95,2.1,2.02,1.88,2.33,1.13,17.92,,,,,,,,,,
0.96,2.1,2.02,1.87,2.32,1.12,17.94,,,,,,,,,,
0.97,2.1,2.03,1.86,2.32,1.11,17.96,,,,,,,,,,
0.98,2.1,2.03,1.85,2.32,1.1,17.98,,,,,,,,,,
0.99,2.1,2.04,1.84,2.31,1.09,17.99,,,,,,,,,,
1.0,2.1,2.04,1.84,2.31,1.08,18.01,,,,,,,,,,
1.01,2.1,2.05,1.83,2.3,1.07,18.02,,,,,,,,,,
1.02,2.1,2.05,1.82,2.3,1.06,18.03,,,,,,,,,,
1.03,2.1,2.06,1.81,2.29,1.05,18.04,1.53,3.5,,,,,,,,
1.04,2.1,2.06,1.8,2.29,1.04,18.05,,,,,,,,,,
1.05,2.1,2.07,1.79,2.29,1.03,18.06,,,,,,,,,,
1.06,2.1,2.07,1.78,2.28,1.03,18.07,,,,,,,,,,
1.07,2.1,2.08,1.78,2.28,1.02,18.08,,,,,,,,,,
1.08,2.1,2.08,1.77,2.27,1.01,18.08,,,,,,,,,,
1.09,2.1,2.09,1.76,2.27,1.0,18.09,,,,,,,,,,
1.1,2.09,2.09,1.75,2.26,0.99,18.09,,,,,,,,,,
1.11,2.09,2.1,1.74,2.26,0.98,18.09,,,,,,,,,,
1.12,2.09,2.1,1.73,2.25,0.97,18.09,,,,,,,,,,
1.13,2.09,2.11,1.72,2.25,0.97,18.09,1.63,3.49,,,,,,,,
1.14,2.09,2.11,1.71,2.24,0.96,18.09,,,,,,,,,,
1.15,2.09,2.11,1.7,2.23,0.95,18.09,,,,,,,,,,
1.16,2.09,2.12,1.7,2.23,0.94,18.08,,,,,,,,,,
1.17,2.08,2.12,1.69,2.22,0.93,18.08,,,,,,,,,,
1.18,2.08,2.13,1.68,2.22,0.92,18.07,,,,,,,,,,
1.19,2.08,2.13,1.67,2.21,0.92,18.06,,,,,,,,,,
1.2,2.08,2.13,1.66,2.21,0.91,18.05,,,,,,,,,,
1.21,2.08,2.14,1.65,2.2,0.9,18.04,,,,,,,,,,
1.22,2.07,2.14,1.64,2.19,0.89,18.03,,,,,,,,,,
1.23,2.07,2.14,1.63,2.19,0.88,18.01,1.73,3.47,,,,,,,,
1.24,2.07,2.15,1.62,2.18,0.88,18.0,,,,,,,,,,
1.25,2.07,2.15,1.61,2.18,0.87,17.98,,,,,,,,,,
1.26,2.07,2.15,1.6,2.17,0.86,17.97,,,,,,,,,,
1.27,2.06,2.16,1.59,2.16,0.85,17.95,,,,,,,,,,
1.28,2.06,2.16,1.58,2.16,0.85,17.93,,,,,,,,,,
1.29,2.06,2.16,1.57,2.15,0.84,17.91,,,,,,,,,,
1.3,2.05,2.16,1.56,2.14,0.83,17.88,,,,,,,,,,
1.31,2.05,2.17,1.55,2.14,0.82,17.86,,,,,,,,,,
1.32,2.05,2.17,1.54,2.13,0.82,17.84,,,,,,,,,,
1.33,2.04,2.17,1.53,2.12,0.81,17.81,1.83,3.44,,,,,,,,
1.34,2.04,2.17,1.52,2.12,0.8,17.78,,,,,,,,,,
1.35,2.04,2.18,1.51,2.11,0.79,17.75,,,,,,,,,,
1.36,2.03,2.18,1.5,2.1,0.79,17.72,,,,,,,,,,
1.37,2.03,2.18,1.5,2.09,0.78,17.69,,,,,,,,,,
1.38,2.03,2.18,1.49,2.09,0.77,17.66,,,,,,,,,,
1.38,2.02,2.18,1.48,2.08,0.77,17.63,,,,,,,,,,
1.39,2.02,2.19,1.47,2.07,0.76,17.59,,,,,,,,,,
1.4,2.02,2.19,1.46,2.06,0.75,17.55,,,,,,,,,,
1.41,2.01,2.19,1.45,2.06,0.75,17.52,,,,,,,,,,
1.42,2.01,2.19,1.44,2.05,0.74,17.48,1.92,3.41,,,,,,,,
1.43,2.0,2.19,1.43,2.04,0.73,17.44,,,,,,,,,,
1.44,2.0,2.19,1.42,2.03,0.73,17.4,,,,,,,,,,
1.45,1.99,2.19,1.41,2.03,0.72,17.35,,,,,,,,,,
1.46,1.99,2.2,1.4,2.02,0.71,17.31,,,,,,,,,,
1.47,1.98,2.2,1.39,2.01,0.71,17.26,,,,,,,,,,
1.47,1.98,2.2,1.38,2.0,0.7,17.22,,,,,,,,,,
1.48,1.98,2.2,1.37,1.99,0.7,17.17,,,,,,,,,,
1.49,1.97,2.2,1.36,1.99,0.69,17.12,,,,,,,,,,
1.5,1.97,2.2,1.35,1.98,0.68,17.07,,,,,,,,,,
1.51,1.96,2.2,1.34,1.97,0.68,17.02,2.01,3.36,,,,,,,,
1.52,1.96,2.2,1.33,1.96,0.67,16.97,,,,,,,,,,
1.53,1.95,2.2,1.32,1.95,0.67,16.91,,,,,,,,,,
1.54,1.94,2.2,1.31,1.95,0.66,16.86,,,,,,,,,,
1.54,1.94,2.2,1.3,1.94,0.66,16.8,,,,,,,,,,
1.55,1.93,2.2,1.29,1.93,0.65,16.74,,,,,,,,,,
1.56,1.93,2.2,1.28,1.92,0.65,16.69,,,,,,,,,,
1.57,1.92,2.2,1.27,1.91,0.64,16.63,,,,,,,,,,
1.58,1.92,2.2,1.26,1.9,0.64,16.56,,,,,,,,,,
1.58,1.91,2.2,1.25,1.89,0.63,16.5,,,,,,,,,,
1.59,1.91,2.2,1.24,1.89,0.63,16.44,2.09,3.31,,,,,,,,
1.6,1.9,2.2,1.23,1.88,0.62,16.37,,,,,,,,,,
1.61,1.89,2.2,1.22,1.87,0.62,16.31,,,,,,,,,,
1.62,1.89,2.2,1.21,1.86,0.61,16.24,,,,,,,,,,
1.62,1.88,2.19,1.2,1.85,0.61,16.17,,,,,,,,,,
1.63,1.87,2.19,1.19,1.84,0.6,16.1,,,,,,,,,,
1.64,1.87,2.19,1.18,1.83,0.6,16.03,,,,,,,,,,
1.65,1.86,2.19,1.17,1.82,0.59,15.96,,,,,,,,,,
1.66,1.86,2.19,1.16,1.81,0.59,15.89,,,,,,,,,,
1.66,1.85,2.19,1.15,1.81,0.59,15.81,,,,,,,,,,
1.67,1.84,2.19,1.14,1.8,0.58,15.74,2.17,3.24,25.67,26.24,26.99,26.34,1.07,5.34,88.71,93.78
1.68,1.84,2.18,1.13,1.79,0.58,15.66,,,,,,,,,,
1.68,1.83,2.18,1.12,1.78,0.57,15.58,,,,,,,,,,
1.69,1.82,2.18,1.11,1.77,0.57,15.51,,,,,,,,,,
1.7,1.81,2.18,1.1,1.76,0.57,15.43,,,,,,,,,,
1.71,1.81,2.18,1.09,1.75,0.56,15.35,,,,,,,,,,
1.71,1.8,2.18,1.08,1.74,0.56,15.26,,,,,,,,,,
1.72,1.79,2.17,1.07,1.73,0.56,15.18,,,,,,,,,,
1.73,1.79,2.17,1.06,1.72,0.55,15.1,,,,,,,,,,
1.73,1.78,2.17,1.05,1.71,0.55,15.01,,,,,,,,,,
1.74,1.77,2.17,1.04,1.7,0.55,14.93,2.24,3.17,,,,,,,,
1.75,1.76,2.16,1.03,1.69,0.54,14.84,,,,,,,,,,
1.75,1.76,2.16,1.02,1.68,0.54,14.75,,,,,,,,,,
1.76,1.75,2.16,1.01,1.67,0.54,14.66,,,,,,,,,,
1.77,1.74,2.15,1.0,1.66,0.54,14.57,,,,,,,,,,
1.77,1.73,2.15,0.99,1.65,0.53,14.48,,,,,,,,,,
1.78,1.73,2.15,0.98,1.64,0.53,14.39,,,,,,,,,,
1.79,1.72,2.14,0.97,1.63,0.53,14.3,,,,,,,,,,
1.79,1.71,2.14,0.96,1.63,0.53,14.2,,,,,,,,,,
1.8,1.7,2.14,0.95,1.62,0.52,14.11,,,,,,,,,,
1.8,1.69,2.13,0.94,1.61,0.52,14.01,2.3,3.09,,,,,,,,
1.81,1.69,2.13,0.93,1.6,0.52,13.91,,,,,,,,,,
1.82,1.68,2.13,0.93,1.59,0.52,13.82,,,,,,,,,,
1.82,1.67,2.12,0.92,1.58,0.52,13.72,,,,,,,,,,
1.83,1.66,2.12,0.91,1.57,0.51,13.62,,,,,,,,,,
1.83,1.65,2.12,0.9,1.56,0.51,13.52,,,,,,,,,,
1.84,1.64,2.11,0.89,1.55,0.51,13.42,,,,,,,,,,
1.84,1.64,2.11,0.88,1.54,0.51,13.31,,,,,,,,,,
1.85,1.63,2.1,0.87,1.53,0.51,13.21,,,,,,,,,,
1.85,1.62,2.1,0.86,1.52,0.51,13.11,,,,,,,,,,
1.86,1.61,2.09,0.85,1.51,0.51,13.0,2.36,3.01,,,,,,,,
1.86,1.6,2.09,0.84,1.5,0.5,12.89,,,,,,,,,,
1.87,1.59,2.09,0.83,1.49,0.5,12.79,,,,,,,,,,
1.87,1.58,2.08,0.83,1.48,0.5,12.68,,,,,,,,,,
1.88,1.58,2.08,0.82,1.47,0.5,12.57,,,,,,,,,,
1.88,1.57,2.07,0.81,1.46,0.5,12.46,,,,,,,,,,
1.89,1.56,2.07,0.8,1.45,0.5,12.35,,,,,,,,,,
1.89,1.55,2.06,0.79,1.44,0.5,12.24,,,,,,,,,,
1.9,1.54,2.06,0.78,1.43,0.5,12.13,,,,,,,,,,
1.9,1.53,2.05,0.77,1.42,0.5,12.02,,,,,,,,,,
1.91,1.52,2.05,0.77,1.41,0.5,11.91,2.41,2.92,,,,,,,,
1.91,1.51,2.04,0.76,1.4,0.5,11.79,,,,,,,,,,
1.91,1.5,2.03,0.75,1.39,0.5,11.68,,,,,,,,,,
1.92,1.5,2.03,0.74,1.38,0.5,11.56,,,,,,,,,,
1.92,1.49,2.02,0.73,1.37,0.5,11.45,,,,,,,,,,
1.93,1.48,2.02,0.72,1.36,0.5,11.33,,,,,,,,,,
1.93,1.47,2.01,0.72,1.35,0.5,11.22,,,,,,,,,,
1.93,1.46,2.01,0.71,1.34,0.5,11.1,,,,,,,,,,
1.94,1.45,2.0,0.7,1.33,0.5,10.98,,,,,,,,,,
1.94,1.44,1.99,0.69,1.32,0.5,10.86,,,,,,,,,,
1.94,1.43,1.99,0.68,1.31,0.5,10.74,2.44,2.83,,,,,,,,
1.95,1.42,1.98,0.68,1.3,0.51,10.62,,,,,,,,,,
1.95,1.41,1.98,0.67,1.29,0.51,10.5,,,,,,,,,,
1.95,1.4,1.97,0.66,1.28,0.51,10.38,,,,,,,,,,
1.96,1.39,1.96,0.65,1.27,0.51,10.26,,,,,,,,,,
1.96,1.38,1.96,0.65,1.26,0.51,10.14,,,,,,,,,,
1.96,1.37,1.95,0.64,1.25,0.51,10.02,,,,,,,,,,
1.96,1.36,1.94,0.63,1.24,0.51,9.89,,,,,,,,,,
1.97,1.35,1.94,0.62,1.23,0.51,9.77,,,,,,,,,,
1.97,1.34,1.93,0.62,1.22,0.52,9.65,,,,,,,,,,
1.97,1.33,1.92,0.61,1.21,0.52,9.52,2.47,2.73,,,,,,,,
1.97,1.32,1.92,0.6,1.2,0.52,9.4,,,,,,,,,,
1.98,1.31,1.91,0.59,1.19,0.52,9.27,,,,,,,,,,
1.98,1.3,1.9,0.59,1.18,0.52,9.15,,,,,,,,,,
1.98,1.3,1.89,0.58,1.17,0.53,9.02,,,,,,,,,,
1.98,1.29,1.89,0.57,1.16,0.53,8.9,,,,,,,,,,
1.98,1.28,1.88,0.57,1.15,0.53,8.77,,,,,,,,,,
1.99,1.27,1.87,0.56,1.14,0.53,8.64,,,,,,,,,,
1.99,1.26,1.86,0.55,1.13,0.54,8.52,,,,,,,,,,
1.99,1.25,1.86,0.55,1.12,0.54,8.39,,,,,,,,,,
1.99,1.24,1.85,0.54,1.11,0.54,8.26,2.49,2.64,,,,,,,,
1.99,1.23,1.84,0.53,1.1,0.55,8.13,,,,,,,,,,
1.99,1.22,1.83,0.53,1.09,0.55,8.0,,,,,,,,,,
1.99,1.21,1.83,0.52,1.08,0.55,7.88,,,,,,,,,,
2.0,1.2,1.82,0.51,1.07,0.55,7.75,,,,,,,,,,
2.0,1.19,1.81,0.51,1.06,0.56,7.62,,,,,,,,,,
2.0,1.18,1.8,0.5,1.05,0.56,7.49,,,,,,,,,,
2.0,1.17,1.79,0.5,1.04,0.57,7.36,,,,,,,,,,
2.0,1.16,1.79,0.49,1.04,0.57,7.23,,,,,,,,,,
2.0,1.15,1.78,0.48,1.03,0.57,7.1,,,,,,,,,,
2.0,1.14,1.77,0.48,1.02,0.58,6.97,2.5,2.54,,,,,,,,
2.0,1.13,1.76,0.47,1.01,0.58,6.84,,,,,,,,,,
2.0,1.12,1.75,0.47,1.0,0.58,6.71,,,,,,,,,,
2.0,1.11,1.75,0.46,0.99,0.59,6.58,,,,,,,,,,
2.0,1.1,1.74,0.46,0.98,0.59,6.45,,,,,,,,,,
2.0,1.09,1.73,0.45,0.97,0.6,6.32,,,,,,,,,,
2.0,1.08,1.72,0.45,0.96,0.6,6.19,,,,,,,,,,
2.0,1.07,1.71,0.44,0.95,0.61,6.06,,,,,,,,,,
2.0,1.06,1.7,0.44,0.94,0.61,5.93,,,,,,,,,,
2.0,1.05,1.69,0.43,0.94,0.61,5.8,,,,,,,,,,
2.0,1.04,1.69,0.43,0.93,0.62,5.67,2.5,2.44,,,,,,,,
2.0,1.03,1.68,0.42,0.92,0.62,5.54,,,,,,,,,,
2.0,1.02,1.67,0.42,0.91,0.63,5.41,,,,,,,,,,
2.0,1.01,1.66,0.41,0.9,0.63,5.28,,,,,,,,,,
1.99,1.0,1.65,0.41,0.89,0.64,5.15,,,,,,,,,,
1.99,0.99,1.64,0.4,0.88,0.64,5.02,,,,,,,,,,
1.99,0.98,1.63,0.4,0.87,0.65,4.89,,,,,,,,,,
1.99,0.97,1.62,0.39,0.87,0.65,4.76,,,,,,,,,,
1.99,0.96,1.61,0.39,0.86,0.66,4.63,,,,,,,,,,
1.99,0.95,1.61,0.39,0.85,0.67,4.51,,,,,,,,,,
1.99,0.94,1.6,0.38,0.84,0.67,4.38,2.49,2.34,25.99,25.34,26.4,25.58,1.1,5.49,84.19,93.15
1.98,0.93,1.59,0.38,0.83,0.68,4.25,,,,,,,,,,
1.98,0.92,1.58,0.37,0.82,0.68,4.12,,,,,,,,,,
1.98,0.91,1.57,0.37,0.82,0.69,3.99,,,,,,,,,,
1.98,0.9,1.56,0.37,0.81,0.69,3.86,,,,,,,,,,
1.98,0.89,1.55,0.36,0.8,0.7,3.74,,,,,,,,,,
1.98,0.88,1.54,0.36,0.79,0.71,3.61,,,,,,,,,,
1.97,0.87,1.53,0.36,0.78,0.71,3.48,,,,,,,,,,
1.97,0.86,1.52,0.35,0.78,0.72,3.36,,,,,,,,,,
1.97,0.85,1.51,0.35,0.77,0.72,3.23,,,,,,,,,,
1.97,0.84,1.5,0.35,0.76,0.73,3.1,2.47,2.24,,,,,,,,
1.96,0.83,1.49,0.34,0.75,0.74,2.98,,,,,,,,,,
1.96,0.82,1.48,0.34,0.75,0.74,2.85,,,,,,,,,,
1.96,0.81,1.47,0.34,0.74,0.75,2.73,,,,,,,,,,
1.95,0.8,1.46,0.34,0.73,0.76,2.6,,,,,,,,,,
1.95,0.79,1.45,0.33,0.72,0.76,2.48,,,,,,,,,,
1.95,0.78,1.44,0.33,0.72,0.77,2.36,,,,,,,,,,
1.94,0.77,1.43,0.33,0.71,0.78,2.23,,,,,,,,,,
1.94,0.76,1.43,0.33,0.7,0.78,2.11,,,,,,,,,,
1.94,0.75,1.42,0.32,0.69,0.79,1.99,,,,,,,,,,
1.93,0.74,1.41,0.32,0.69,0.8,1.87,2.43,2.14,,,,,,,,
1.93,0.73,1.4,0.32,0.68,0.81,1.74,,,,,,,,,,
1.93,0.73,1.39,0.32,0.67,0.81,1.62,,,,,,,,,,
1.92,0.72,1.38,0.32,0.67,0.82,1.5,,,,,,,,,,
1.92,0.71,1.37,0.31,0.66,0.83,1.38,,,,,,,,,,
1.92,0.7,1.36,0.31,0.65,0.83,1.27,,,,,,,,,,
1.91,0.69,1.35,0.31,0.65,0.84,1.15,,,,,,,,,,
1.91,0.68,1.34,0.31,0.64,0.85,1.03,,,,,,,,,,
1.9,0.67,1.33,0.31,0.63,0.86,0.91,,,,,,,,,,
1.9,0.66,1.32,0.31,0.63,0.87,0.8,,,,,,,,,,
1.89,0.65,1.31,0.31,0.62,0.87,0.68,2.39,2.05,,,,,,,,
1.89,0.64,1.3,0.3,0.61,0.88,0.56,,,,,,,,,,
1.89,0.63,1.29,0.3,0.61,0.89,0.45,,,,,,,,,,
1.88,0.63,1.28,0.3,0.6,0.9,0.34,,,,,,,,,,
1.88,0.62,1.27,0.3,0.6,0.9,0.22,,,,,,,,,,
1.87,0.61,1.26,0.3,0.59,0.91,0.11,,,,,,,,,,
1.87,0.6,1.25,0.3,0.58,0.92,-0.0,,,,,,,,,,
1.86,0.59,1.24,0.3,0.58,0.93,-0.11,,,,,,,,,,
1.86,0.58,1.23,0.3,0.57,0.94,-0.22,,,,,,,,,,
1.85,0.57,1.22,0.3,0.57,0.95,-0.33,,,,,,,,,,
1.85,0.57,1.21,0.3,0.56,0.95,-0.44,2.35,1.97,,,,,,,,
1.84,0.56,1.2,0.3,0.56,0.96,-0.55,,,,,,,,,,
1.83,0.55,1.19,0.3,0.55,0.97,-0.66,,,,,,,,,,
1.83,0.54,1.18,0.3,0.55,0.98,-0.76,,,,,,,,,,
1.82,0.53,1.17,0.3,0.54,0.99,-0.87,,,,,,,,,,
1.82,0.52,1.16,0.3,0.54,1.0,-0.97,,,,,,,,,,
1.81,0.52,1.15,0.3,0.53,1.0,-1.08,,,,,,,,,,
1.81,0.51,1.14,0.3,0.53,1.01,-1.18,,,,,,,,,,
1.8,0.5,1.13,0.3,0.52,1.02,-1.28,,,,,,,,,,
1.79,0.49,1.12,0.3,0.52,1.03,-1.38,,,,,,,,,,
1.79,0.48,1.11,0.3,0.51,1.04,-1.48,2.29,1.88,,,,,,,,
1.78,0.48,1.1,0.31,0.51,1.05,-1.58,,,,,,,,,,
1.78,0.47,1.09,0.31,0.5,1.06,-1.68,,,,,,,,,,
1.77,0.46,1.08,0.31,0.5,1.07,-1.78,,,,,,,,,,
1.76,0.45,1.07,0.31,0.49,1.08,-1.88,,,,,,,,,,
1.76,0.45,1.06,0.31,0.49,1.09,-1.97,,,,,,,,,,
1.75,0.44,1.05,0.31,0.49,1.09,-2.07,,,,,,,,,,
1.74,0.43,1.04,0.31,0.48,1.1,-2.16,,,,,,,,,,
1.74,0.42,1.03,0.31,0.48,1.11,-2.25,,,,,,,,,,
1.73,0.42,1.02,0.32,0.47,1.12,-2.35,,,,,,,,,,
1.72,0.41,1.01,0.32,0.47,1.13,-2.44,2.22,1.81,,,,,,,,
1.72,0.4,1.0,0.32,0.47,1.14,-2.53,,,,,,,,,,
1.71,0.39,0.99,0.32,0.46,1.15,-2.62,,,,,,,,,,
1.7,0.39,0.98,0.32,0.46,1.16,-2.7,,,,,,,,,,
1.69,0.38,0.97,0.33,0.46,1.17,-2.79,,,,,,,,,,
1.69,0.37,0.96,0.33,0.45,1.18,-2.88,,,,,,,,,,
1.68,0.37,0.95,0.33,0.45,1.19,-2.96,,,,,,,,,,
1.67,0.36,0.94,0.33,0.45,1.2,-3.05,,,,,,,,,,
1.66,0.35,0.93,0.34,0.44,1.21,-3.13,,,,,,,,,,
1.66,0.35,0.92,0.34,0.44,1.22,-3.21,,,,,,,,,,
1.65,0.34,0.91,0.34,0.44,1.23,-3.29,2.15,1.74,,,,,,,,
1.64,0.33,0.9,0.35,0.44,1.24,-3.37,,,,,,,,,,
1.63,0.33,0.89,0.35,0.43,1.24,-3.45,,,,,,,,,,
1.63,0.32,0.88,0.35,0.43,1.25,-3.53,,,,,,,,,,
1.62,0.31,0.87,0.35,0.43,1.26,-3.6,,,,,,,,,,
1.61,0.31,0.86,0.36,0.43,1.27,-3.68,,,,,,,,,,
1.6,0.3,0.85,0.36,0.42,1.28,-3.75,,,,,,,,,,
1.59,0.3,0.84,0.37,0.42,1.29,-3.83,,,,,,,,,,
1.59,0.29,0.84,0.37,0.42,1.3,-3.9,,,,,,,,,,
1.58,0.28,0.83,0.37,0.42,1.31,-3.97,,,,,,,,,,
1.57,0.28,0.82,0.38,0.42,1.32,-4.04,2.07,1.68,,,,,,,,
1.56,0.27,0.81,0.38,0.41,1.33,-4.11,,,,,,,,,,
1.55,0.27,0.8,0.38,0.41,1.34,-4.17,,,,,,,,,,
1.55,0.26,0.79,0.39,0.41,1.35,-4.24,,,,,,,,,,
1.54,0.26,0.78,0.39,0.41,1.36,-4.31,,,,,,,,,,
1.53,0.25,0.77,0.4,0.41,1.37,-4.37,,,,,,,,,,
1.52,0.25,0.76,0.4,0.41,1.38,-4.43,,,,,,,,,,
1.51,0.24,0.75,0.41,0.41,1.39,-4.49,,,,,,,,,,
1.5,0.24,0.74,0.41,0.4,1.4,-4.55,,,,,,,,,,
1.49,0.23,0.74,0.41,0.4,1.41,-4.61,,,,,,,,,,
1.49,0.23,0.73,0.42,0.4,1.42,-4.67,1.99,1.63,,,,,,,,
1.48,0.22,0.72,0.42,0.4,1.43,-4.73,,,,,,,,,,
1.47,0.22,0.71,0.43,0.4,1.44,-4.78,,,,,,,,,,
1.46,0.21,0.7,0.43,0.4,1.45,-4.84,,,,,,,,,,
1.45,0.21,0.69,0.44,0.4,1.46,-4.89,,,,,,,,,,
1.44,0.2,0.68,0.44,0.4,1.47,-4.94,,,,,,,,,,
1.43,0.2,0.67,0.45,0.4,1.48,-4.99,,,,,,,,,,
1.42,0.19,0.67,0.45,0.4,1.49,-5.04,,,,,,,,,,
1.41,0.19,0.66,0.46,0.4,1.5,-5.09,,,,,,,,,,
1.41,0.19,0.65,0.47,0.4,1.51,-5.14,,,,,,,,,,
1.4,0.18,0.64,0.47,0.4,1.52,-5.19,1.9,1.58,25.4,24.58,25.44,25.67,1.04,5.2,80.41,89.63
1.39,0.18,0.63,0.48,0.4,1.53,-5.23,,,,,,,,,,
1.38,0.17,0.62,0.48,0.4,1.54,-5.27,,,,,,,,,,
1.37,0.17,0.62,0.49,0.4,1.55,-5.32,,,,,,,,,,
1.36,0.17,0.61,0.49,0.4,1.56,-5.36,,,,,,,,,,
1.35,0.16,0.6,0.5,0.4,1.57,-5.4,,,,,,,,,,
1.34,0.16,0.59,0.51,0.4,1.58,-5.43,,,,,,,,,,
1.33,0.16,0.58,0.51,0.4,1.59,-5.47,,,,,,,,,,
1.32,0.15,0.58,0.52,0.41,1.6,-5.51,,,,,,,,,,
1.31,0.15,0.57,0.52,0.41,1.61,-5.54,,,,,,,,,,
1.3,0.15,0.56,0.53,0.41,1.62,-5.58,1.8,1.55,,,,,,,,
1.29,0.14,0.55,0.54,0.41,1.63,-5.61,,,,,,,,,,
1.28,0.14,0.55,0.54,0.41,1.64,-5.64,,,,,,,,,,
1.27,0.14,0.54,0.55,0.41,1.65,-5.67,,,,,,,,,,
1.26,0.14,0.53,0.56,0.41,1.66,-5.7,,,,,,,,,,
1.25,0.13,0.52,0.56,0.41,1.67,-5.72,,,,,,,,,,
1.24,0.13,0.52,0.57,0.42,1.68,-5.75,,,,,,,,,,
1.23,0.13,0.51,0.58,0.42,1.69,-5.78,,,,,,,,,,
1.23,0.13,0.5,0.58,0.42,1.7,-5.8,,,,,,,,,,
1.22,0.12,0.49,0.59,0.42,1.71,-5.82,,,,,,,,,,
1.21,0.12,0.49,0.6,0.42,1.72,-5.84,1.71,1.52,,,,,,,,
1.2,0.12,0.48,0.61,0.43,1.73,-5.86,,,,,,,,,,
1.19,0.12,0.47,0.61,0.43,1.74,-5.88,,,,,,,,,,
1.18,0.12,0.47,0.62,0.43,1.75,-5.9,,,,,,,,,,
1.17,0.11,0.46,0.63,0.43,1.76,-5.91,,,,,,,,,,
1.16,0.11,0.45,0.63,0.44,1.77,-5.93,,,,,,,,,,
1.15,0.11,0.45,0.64,0.44,1.78,-5.94,,,,,,,,,,
1.14,0.11,0.44,0.65,0.44,1.79,-5.95,,,,,,,,,,
1.13,0.11,0.43,0.66,0.45,1.8,-5.97,,,,,,,,,,
1.12,0.11,0.43,0.67,0.45,1.81,-5.98,,,,,,,,,,
1.11,0.11,0.42,0.67,0.45,1.82,-5.98,1.61,1.51,,,,,,,,
1.1,0.1,0.41,0.68,0.45,1.83,-5.99,,,,,,,,,,
1.09,0.1,0.41,0.69,0.46,1.84,-6.0,,,,,,,,,,
1.08,0.1,0.4,0.7,0.46,1.84,-6.0,,,,,,,,,,
1.07,0.1,0.4,0.7,0.46,1.85,-6.01,,,,,,,,,,
1.06,0.1,0.39,0.71,0.47,1.86,-6.01,,,,,,,,,,
1.05,0.1,0.38,0.72,0.47,1.87,-6.01,,,,,,,,,,
1.04,0.1,0.38,0.73,0.48,1.88,-6.01,,,,,,,,,,
1.03,0.1,0.37,0.74,0.48,1.89,-6.01,,,,,,,,,,
1.02,0.1,0.37,0.75,0.48,1.9,-6.01,,,,,,,,,,
1.01,0.1,0.36,0.75,0.49,1.91,-6.0,1.51,1.5,,,,,,,,
1.0,0.1,0.36,0.76,0.49,1.92,-6.0,,,,,,,,,,
0.99,0.1,0.35,0.77,0.5,1.93,-5.99,,,,,,,,,,
0.98,0.1,0.35,0.78,0.5,1.94,-5.99,,,,,,,,,,
0.97,0.1,0.34,0.79,0.5,1.95,-5.98,,,,,,,,,,
0.96,0.1,0.34,0.8,0.51,1.95,-5.97,,,,,,,,,,
0.95,0.1,0.33,0.8,0.51,1.96,-5.96,,,,,,,,,,
0.94,0.1,0.33,0.81,0.52,1.97,-5.94,,,,,,,,,,
0.93,0.1,0.32,0.82,0.52,1.98,-5.93,,,,,,,,,,
0.92,0.1,0.32,0.83,0.53,1.99,-5.92,,,,,,,,,,
0.91,0.1,0.31,0.84,0.53,2.0,-5.9,1.41,1.5,,,,,,,,
0.9,0.11,0.31,0.85,0.54,2.01,-5.89,,,,,,,,,,
0.89,0.11,0.3,0.86,0.54,2.02,-5.87,,,,,,,,,,
0.88,0.11,0.3,0.87,0.55,2.02,-5.85,,,,,,,,,,
0.87,0.11,0.29,0.88,0.55,2.03,-5.83,,,,,,,,,,
0.86,0.11,0.29,0.89,0.56,2.04,-5.81,,,,,,,,,,
0.85,0.11,0.29,0.89,0.56,2.05,-5.79,,,,,,,,,,
0.84,0.11,0.28,0.9,0.57,2.06,-5.76,,,,,,,,,,
0.83,0.11,0.28,0.91,0.58,2.07,-5.74,,,,,,,,,,
0.82,0.12,0.27,0.92,0.58,2.07,-5.71,,,,,,,,,,
0.81,0.12,0.27,0.93,0.59,2.08,-5.69,1.31,1.52,,,,,,,,
0.8,0.12,0.27,0.94,0.59,2.09,-5.66,,,,,,,,,,
0.79,0.12,0.26,0.95,0.6,2.1,-5.63,,,,,,,,,,
0.78,0.12,0.26,0.96,0.61,2.11,-5.6,,,,,,,,,,
0.77,0.13,0.26,0.97,0.61,2.11,-5.57,,,,,,,,,,
0.76,0.13,0.25,0.98,0.62,2.12,-5.53,,,,,,,,,,
0.75,0.13,0.25,0.99,0.62,2.13,-5.5,,,,,,,,,,
0.74,0.13,0.25,1.0,0.63,2.14,-5.47,,,,,,,,,,
0.73,0.14,0.24,1.01,0.64,2.15,-5.43,,,,,,,,,,
0.72,0.14,0.24,1.02,0.64,2.15,-5.39,,,,,,,,,,
0.71,0.14,0.24,1.03,0.65,2.16,-5.36,1.21,1.54,,,,,,,,
0.7,0.15,0.24,1.04,0.66,2.17,-5.32,,,,,,,,,,
0.69,0.15,0.23,1.04,0.66,2.18,-5.28,,,,,,,,,,
0.68,0.15,0.23,1.05,0.67,2.18,-5.24,,,,,,,,,,
0.67,0.15,0.23,1.06,0.68,2.19,-5.2,,,,,,,,,,
0.66,0.16,0.23,1.07,0.68,2.2,-5.15,,,,,,,,,,
0.65,0.16,0.22,1.08,0.69,2.2,-5.11,,,,,,,,,,
0.64,0.17,0.22,1.09,0.7,2.21,-5.06,,,,,,,,,,
0.64,0.17,0.22,1.1,0.7,2.22,-5.02,,,,,,,,,,
0.63,0.17,0.22,1.11,0.71,2.23,-4.97,,,,,,,,,,
0.62,0.18,0.22,1.12,0.72,2.23,-4.92,1.12,1.58,,,,,,,,
0.61,0.18,0.21,1.13,0.73,2.24,-4.87,,,,,,,,,,
0.6,0.18,0.21,1.14,0.73,2.25,-4.82,,,,,,,,,,
0.59,0.19,0.21,1.15,0.74,2.25,-4.77,,,,,,,,,,
0.58,0.19,0.21,1.16,0.75,2.26,-4.72,,,,,,,,,,
0.57,0.2,0.21,1.17,0.76,2.27,-4.67,,,,,,,,,,
0.56,0.2,0.21,1.18,0.76,2.27,-4.62,,,,,,,,,,
0.55,0.21,0.21,1.19,0.77,2.28,-4.56,,,,,,,,,,
0.54,0.21,0.2,1.2,0.78,2.28,-4.51,,,,,,,,,,
0.54,0.21,0.2,1.21,0.79,2.29,-4.45,,,,,,,,,,
0.53,0.22,0.2,1.22,0.8,2.3,-4.39,1.03,1.62,,,,,,,,
0.52,0.22,0.2,1.23,0.8,2.3,-4.33,,,,,,,,,,
0.51,0.23,0.2,1.24,0.81,2.31,-4.27,,,,,,,,,,
0.5,0.23,0.2,1.25,0.82,2.31,-4.21,,,,,,,,,,
0.49,0.24,0.2,1.26,0.83,2.32,-4.15,,,,,,,,,,
0.48,0.24,0.2,1.27,0.84,2.33,-4.09,,,,,,,,,,
0.47,0.25,0.2,1.28,0.84,2.33,-4.03,,,,,,,,,,
0.47,0.25,0.2,1.29,0.85,2.34,-3.96,,,,,,,,,,
0.46,0.26,0.2,1.3,0.86,2.34,-3.9,,,,,,,,,,
0.45,0.27,0.2,1.31,0.87,2.35,-3.83,,,,,,,,,,
0.44,0.27,0.2,1.32,0.88,2.35,-3.77,0.94,1.67,24.44,24.67,25.0,26.52,0.94,4.72,80.85,86.45
0.43,0.28,0.2,1.33,0.89,2.36,-3.7,,,,,,,,,,
0.42,0.28,0.2,1.34,0.9,2.36,-3.63,,,,,,,,,,
0.42,0.29,0.2,1.35,0.9,2.37,-3.56,,,,,,,,,,
0.41,0.29,0.2,1.36,0.91,2.37,-3.49,,,,,,,,,,
0.4,0.3,0.2,1.37,0.92,2.38,-3.42,,,,,,,,,,
0.39,0.31,0.2,1.38,0.93,2.38,-3.35,,,,,,,,,,
0.38,0.31,0.2,1.39,0.94,2.39,-3.28,,,,,,,,,,
0.38,0.32,0.21,1.4,0.95,2.39,-3.21,,,,,,,,,,
0.37,0.32,0.21,1.41,0.96,2.4,-3.13,,,,,,,,,,
0.36,0.33,0.21,1.42,0.97,2.4,-3.06,0.86,1.73,,,,,,,,
0.35,0.34,0.21,1.43,0.98,2.41,-2.99,,,,,,,,,,
0.35,0.34,0.21,1.44,0.98,2.41,-2.91,,,,,,,,,,
0.34,0.35,0.21,1.45,0.99,2.41,-2.83,,,,,,,,,,
0.33,0.36,0.21,1.46,1.0,2.42,-2.76,,,,,,,,,,
0.32,0.36,0.21,1.47,1.01,2.42,-2.68,,,,,,,,,,
0.32,0.37,0.22,1.48,1.02,2.43,-2.6,,,,,,,,,,
0.31,0.38,0.22,1.49,1.03,2.43,-2.52,,,,,,,,,,
0.3,0.38,0.22,1.5,1.04,2.43,-2.44,,,,,,,,,,
0.29,0.39,0.22,1.51,1.05,2.44,-2.36,,,,,,,,,,
0.29,0.4,0.22,1.52,1.06,2.44,-2.28,0.79,1.8,,,,,,,,
0.28,0.41,0.23,1.53,1.07,2.44,-2.2,,,,,,,,,,
0.27,0.41,0.23,1.54,1.08,2.45,-2.11,,,,,,,,,,
0.27,0.42,0.23,1.55,1.09,2.45,-2.03,,,,,,,,,,
0.26,0.43,0.23,1.56,1.1,2.45,-1.94,,,,,,,,,,
0.25,0.43,0.24,1.57,1.11,2.46,-1.86,,,,,,,,,,
0.25,0.44,0.24,1.58,1.12,2.46,-1.77,,,,,,,,,,
0.24,0.45,0.24,1.59,1.12,2.46,-1.69,,,,,,,,,,
0.23,0.46,0.25,1.6,1.13,2.46,-1.6,,,,,,,,,,
0.23,0.47,0.25,1.61,1.14,2.47,-1.51,,,,,,,,,,
0.22,0.47,0.25,1.62,1.15,2.47,-1.43,0.72,1.87,,,,,,,,
0.21,0.48,0.25,1.63,1.16,2.47,-1.34,,,,,,,,,,
0.21,0.49,0.26,1.64,1.17,2.47,-1.25,,,,,,,,,,
0.2,0.5,0.26,1.64,1.18,2.48,-1.16,,,,,,,,,,
0.2,0.5,0.26,1.65,1.19,2.48,-1.07,,,,,,,,,,
0.19,0.51,0.27,1.66,1.2,2.48,-0.98,,,,,,,,,,
0.18,0.52,0.27,1.67,1.21,2.48,-0.89,,,,,,,,,,
0.18,0.53,0.28,1.68,1.22,2.48,-0.8,,,,,,,,,,
0.17,0.54,0.28,1.69,1.23,2.49,-0.7,,,,,,,,,,
0.17,0.55,0.28,1.7,1.24,2.49,-0.61,,,,,,,,,,
0.16,0.55,0.29,1.71,1.25,2.49,-0.52,0.66,1.95,,,,,,,,
0.16,0.56,0.29,1.72,1.26,2.49,-0.42,,,,,,,,,,
0.15,0.57,0.3,1.73,1.27,2.49,-0.33,,,,,,,,,,
0.15,0.58,0.3,1.74,1.28,2.49,-0.23,,,,,,,,,,
0.14,0.59,0.3,1.75,1.29,2.49,-0.14,,,,,,,,,,
0.14,0.6,0.31,1.75,1.3,2.5,-0.04,,,,,,,,,,
0.13,0.6,0.31,1.76,1.31,2.5,0.06,,,,,,,,,,
0.13,0.61,0.32,1.77,1.32,2.5,0.15,,,,,,,,,,
0.12,0.62,0.32,1.78,1.33,2.5,0.25,,,,,,,,,,
0.12,0.63,0.33,1.79,1.34,2.5,0.35,,,,,,,,,,
0.11,0.64,0.33,1.8,1.35,2.5,0.45,0.61,2.04,,,,,,,,
0.11,0.65,0.34,1.81,1.36,2.5,0.54,,,,,,,,,,
0.1,0.66,0.34,1.82,1.37,2.5,0.64,,,,,,,,,,
0.1,0.67,0.35,1.82,1.38,2.5,0.74,,,,,,,,,,
0.09,0.68,0.35,1.83,1.39,2.5,0.84,,,,,,,,,,
0.09,0.69,0.36,1.84,1.4,2.5,0.94,,,,,,,,,,
0.09,0.69,0.36,1.85,1.41,2.5,1.04,,,,,,,,,,
0.08,0.7,0.37,1.86,1.42,2.5,1.15,,,,,,,,,,
0.08,0.71,0.38,1.87,1.43,2.5,1.25,,,,,,,,,,
0.07,0.72,0.38,1.87,1.44,2.5,1.35,,,,,,,,,,
0.07,0.73,0.39,1.88,1.45,2.5,1.45,0.57,2.13,,,,,,,,
0.07,0.74,0.39,1.89,1.46,2.5,1.55,,,,,,,,,,
0.06,0.75,0.4,1.9,1.47,2.5,1.66,,,,,,,,,,
0.06,0.76,0.41,1.91,1.48,2.5,1.76,,,,,,,,,,
0.06,0.77,0.41,1.91,1.49,2.5,1.86,,,,,,,,,,
0.05,0.78,0.42,1.92,1.5,2.49,1.97,,,,,,,,,,
0.05,0.79,0.42,1.93,1.51,2.49,2.07,,,,,,,,,,
0.05,0.8,0.43,1.94,1.52,2.49,2.18,,,,,,,,,,
0.04,0.81,0.44,1.95,1.53,2.49,2.28,,,,,,,,,,
0.04,0.82,0.44,1.95,1.54,2.49,2.39,,,,,,,,,,
0.04,0.83,0.45,1.96,1.55,2.49,2.49,0.54,2.23,,,,,,,,
0.04,0.84,0.46,1.97,1.56,2.49,2.6,,,,,,,,,,
0.03,0.84,0.46,1.98,1.57,2.49,2.7,,,,,,,,,,
0.03,0.85,0.47,1.98,1.58,2.48,2.81,,,,,,,,,,
0.03,0.86,0.48,1.99,1.59,2.48,2.92,,,,,,,,,,
0.03,0.87,0.48,2.0,1.6,2.48,3.02,,,,,,,,,,
0.02,0.88,0.49,2.0,1.61,2.48,3.13,,,,,,,,,,
0.02,0.89,0.5,2.01,1.62,2.48,3.24,,,,,,,,,,
0.02,0.9,0.5,2.02,1.63,2.47,3.34,,,,,,,,,,
0.02,0.91,0.51,2.03,1.64,2.47,3.45,,,,,,,,,,
0.02,0.92,0.52,2.03,1.65,2.47,3.56,0.52,2.32,,,,,,,,
0.01,0.93,0.53,2.04,1.66,2.47,3.67,,,,,,,,,,
0.01,0.94,0.53,2.05,1.67,2.46,3.77,,,,,,,,,,
0.01,0.95,0.54,2.05,1.68,2.46,3.88,,,,,,,,,,
0.01,0.96,0.55,2.06,1.69,2.46,3.99,,,,,,,,,,
0.01,0.97,0.56,2.07,1.7,2.45,4.1,,,,,,,,,,
0.01,0.98,0.56,2.07,1.71,2.45,4.21,,,,,,,,,,
0.01,0.99,0.57,2.08,1.72,2.45,4.32,,,,,,,,,,
0.0,1.0,0.58,2.08,1.73,2.45,4.43,,,,,,,,,,
0.0,1.01,0.59,2.09,1.73,2.44,4.54,,,,,,,,,,
0.0,1.02,0.6,2.1,1.74,2.44,4.65,0.5,2.42,,,,,,,,
0.0,1.03,0.6,2.1,1.75,2.44,4.75,,,,,,,,,,
0.0,1.04,0.61,2.11,1.76,2.43,4.86,,,,,,,,,,
0.0,1.05,0.62,2.11,1.77,2.43,4.97,,,,,,,,,,
0.0,1.06,0.63,2.12,1.78,2.42,5.08,,,,,,,,,,
0.0,1.07,0.64,2.13,1.79,2.42,5.19,,,,,,,,,,
0.0,1.08,0.64,2.13,1.8,2.42,5.3,,,,,,,,,,
0.0,1.09,0.65,2.14,1.81,2.41,5.41,,,,,,,,,,
0.0,1.1,0.66,2.14,1.82,2.41,5.52,,,,,,,,,,
0.0,1.11,0.67,2.15,1.83,2.4,5.63,,,,,,,,,,
0.0,1.12,0.68,2.15,1.84,2.4,5.74,0.5,2.52,24.0,25.52,25.48,27.35,0.9,4.5,85.11,86.53
0.0,1.13,0.69,2.16,1.85,2.4,5.85,,,,,,,,,,
0.0,1.14,0.7,2.16,1.85,2.39,5.96,,,,,,,,,,
0.0,1.15,0.7,2.17,1.86,2.39,6.07,,,,,,,,,,
0.0,1.16,0.71,2.17,1.87,2.38,6.18,,,,,,,,,,
0.0,1.17,0.72,2.18,1.88,2.38,6.29,,,,,,,,,,
0.0,1.18,0.73,2.18,1.89,2.37,6.4,,,,,,,,,,
0.0,1.19,0.74,2.19,1.9,2.37,6.51,,,,,,,,,,
0.01,1.2,0.75,2.19,1.91,2.36,6.62,,,,,,,,,,
0.01,1.21,0.76,2.2,1.92,2.36,6.73,,,,,,,,,,
0.01,1.22,0.77,2.2,1.92,2.35,6.84,0.51,2.62,,,,,,,,
0.01,1.23,0.78,2.21,1.93,2.35,6.95,,,,,,,,,,
0.01,1.24,0.78,2.21,1.94,2.34,7.06,,,,,,,,,,
0.01,1.25,0.79,2.21,1.95,2.34,7.17,,,,,,,,,,
0.01,1.26,0.8,2.22,1.96,2.33,7.28,,,,,,,,,,
0.01,1.27,0.81,2.22,1.97,2.32,7.39,,,,,,,,,,
0.02,1.28,0.82,2.23,1.97,2.32,7.5,,,,,,,,,,
0.02,1.29,0.83,2.23,1.98,2.31,7.61,,,,,,,,,,
0.02,1.3,0.84,2.23,1.99,2.31,7.72,,,,,,,,,,
0.02,1.31,0.85,2.24,2.0,2.3,7.83,,,,,,,,,,
0.02,1.32,0.86,2.24,2.01,2.3,7.94,0.52,2.72,,,,,,,,
0.03,1.33,0.87,2.24,2.01,2.29,8.05,,,,,,,,,,
0.03,1.34,0.88,2.25,2.02,2.28,8.16,,,,,,,,,,
0.03,1.35,0.89,2.25,2.03,2.28,8.27,,,,,,,,,,
0.03,1.36,0.9,2.25,2.04,2.27,8.38,,,,,,,,,,
0.04,1.37,0.91,2.26,2.05,2.26,8.48,,,,,,,,,,
0.04,1.38,0.92,2.26,2.05,2.26,8.59,,,,,,,,,,
0.04,1.39,0.92,2.26,2.06,2.25,8.7,,,,,,,,,,
0.05,1.4,0.93,2.26,2.07,2.24,8.81,,,,,,,,,,
0.05,1.41,0.94,2.27,2.08,2.24,8.92,,,,,,,,,,
0.05,1.42,0.95,2.27,2.08,2.23,9.02,0.55,2.82,,,,,,,,
0.05,1.43,0.96,2.27,2.09,2.22,9.13,,,,,,,,,,
0.06,1.44,0.97,2.27,2.1,2.22,9.24,,,,,,,,,,
0.06,1.44,0.98,2.28,2.1,2.21,9.35,,,,,,,,,,
0.06,1.45,0.99,2.28,2.11,2.2,9.45,,,,,,,,,,
0.07,1.46,1.0,2.28,2.12,2.2,9.56,,,,,,,,,,
0.07,1.47,1.01,2.28,2.13,2.19,9.66,,,,,,,,,,
0.08,1.48,1.02,2.28,2.13,2.18,9.77,,,,,,,,,,
0.08,1.49,1.03,2.29,2.14,2.17,9.88,,,,,,,,,,
0.08,1.5,1.04,2.29,2.15,2.17,9.98,,,,,,,,,,
0.09,1.51,1.05,2.29,2.15,2.16,10.09,0.59,2.91,,,,,,,,
0.09,1.52,1.06,2.29,2.16,2.15,10.19,,,,,,,,,,
0.1,1.53,1.07,2.29,2.17,2.14,10.3,,,,,,,,,,
0.1,1.54,1.08,2.29,2.17,2.14,10.4,,,,,,,,,,
0.1,1.55,1.09,2.29,2.18,2.13,10.5,,,,,,,,,,
0.11,1.55,1.1,2.3,2.18,2.12,10.61,,,,,,,,,,
0.11,1.56,1.11,2.3,2.19,2.11,10.71,,,,,,,,,,
0.12,1.57,1.12,2.3,2.2,2.1,10.81,,,,,,,,,,
0.12,1.58,1.13,2.3,2.2,2.1,10.92,,,,,,,,,,
0.13,1.59,1.14,2.3,2.21,2.09,11.02,,,,,,,,,,
0.13,1.6,1.15,2.3,2.21,2.08,11.12,0.63,3.0,,,,,,,,
0.14,1.61,1.16,2.3,2.22,2.07,11.22,,,,,,,,,,
0.14,1.62,1.17,2.3,2.23,2.06,11.32,,,,,,,,,,
0.15,1.62,1.18,2.3,2.23,2.06,11.42,,,,,,,,,,
0.15,1.63,1.19,2.3,2.24,2.05,11.52,,,,,,,,,,
0.16,1.64,1.2,2.3,2.24,2.04,11.62,,,,,,,,,,
0.16,1.65,1.21,2.3,2.25,2.03,11.72,,,,,,,,,,
0.17,1.66,1.22,2.3,2.25,2.02,11.82,,,,,,,,,,
0.18,1.67,1.23,2.3,2.26,2.01,11.92,,,,,,,,,,
0.18,1.67,1.24,2.3,2.26,2.01,12.02,,,,,,,,,,
0.19,1.68,1.25,2.3,2.27,2.0,12.11,0.69,3.08,,,,,,,,
0.19,1.69,1.26,2.3,2.27,1.99,12.21,,,,,,,,,,
0.2,1.7,1.27,2.3,2.28,1.98,12.31,,,,,,,,,,
0.21,1.71,1.28,2.3,2.28,1.97,12.4,,,,,,,,,,
0.21,1.71,1.29,2.3,2.29,1.96,12.5,,,,,,,,,,
0.22,1.72,1.3,2.29,2.29,1.95,12.59,,,,,,,,,,
0.22,1.73,1.31,2.29,2.3,1.94,12.69,,,,,,,,,,
0.23,1.74,1.32,2.29,2.3,1.93,12.78,,,,,,,,,,
0.24,1.75,1.33,2.29,2.3,1.93,12.88,,,,,,,,,,
0.24,1.75,1.34,2.29,2.31,1.92,12.97,,,,,,,,,,
0.25,1.76,1.35,2.29,2.31,1.91,13.06,0.75,3.16,,,,,,,,
0.26,1.77,1.36,2.29,2.32,1.9,13.15,,,,,,,,,,
0.26,1.78,1.37,2.29,2.32,1.89,13.24,,,,,,,,,,
0.27,1.78,1.38,2.28,2.33,1.88,13.33,,,,,,,,,,
0.28,1.79,1.39,2.28,2.33,1.87,13.42,,,,,,,,,,
0.28,1.8,1.4,2.28,2.33,1.86,13.51,,,,,,,,,,
0.29,1.8,1.41,2.28,2.34,1.85,13.6,,,,,,,,,,
0.3,1.81,1.42,2.28,2.34,1.84,13.69,,,,,,,,,,
0.3,1.82,1.43,2.27,2.34,1.83,13.78,,,,,,,,,,
0.31,1.83,1.44,2.27,2.35,1.82,13.87,,,,,,,,,,
0.32,1.83,1.45,2.27,2.35,1.81,13.95,0.82,3.23,,,,,,,,
0.33,1.84,1.46,2.27,2.35,1.8,14.04,,,,,,,,,,
0.33,1.85,1.47,2.26,2.36,1.8,14.12,,,,,,,,,,
0.34,1.85,1.48,2.26,2.36,1.79,14.21,,,,,,,,,,
0.35,1.86,1.49,2.26,2.36,1.78,14.29,,,,,,,,,,
0.36,1.87,1.5,2.25,2.36,1.77,14.37,,,,,,,,,,
0.36,1.87,1.51,2.25,2.37,1.76,14.46,,,,,,,,,,
0.37,1.88,1.52,2.25,2.37,1.75,14.54,,,,,,,,,,
0.38,1.88,1.53,2.25,2.37,1.74,14.62,,,,,,,,,,
0.39,1.89,1.53,2.24,2.37,1.73,14.7,,,,,,,,,,
0.4,1.9,1.54,2.24,2.38,1.72,14.78,0.9,3.3,,,,,,,,
0.4,1.9,1.55,2.24,2.38,1.71,14.86,,,,,,,,,,
0.41,1.91,1.56,2.23,2.38,1.7,14.94,,,,,,,,,,
0.42,1.91,1.57,2.23,2.38,1.69,15.01,,,,,,,,,,
0.43,1.92,1.58,2.22,2.38,1.68,15.09,,,,,,,,,,
0.44,1.93,1.59,2.22,2.39,1.67,15.17,,,,,,,,,,
0.44,1.93,1.6,2.22,2.39,1.66,15.24,,,,,,,,,,
0.45,1.94,1.61,2.21,2.39,1.65,15.31,,,,,,,,,,
0.46,1.94,1.62,2.21,2.39,1.64,15.39,,,,,,,,,,
0.47,1.95,1.63,2.2,2.39,1.63,15.46,,,,,,,,,,
0.48,1.95,1.64,2.2,2.39,1.62,15.53,0.98,3.35,24.48,26.35,26.44,27.4,0.95,4.74,89.27,89.81
0.49,1.96,1.65,2.2,2.39,1.61,15.6,,,,,,,,,,
0.5,1.96,1.65,2.19,2.4,1.6,15.67,,,,,,,,,,
0.5,1.97,1.66,2.19,2.4,1.59,15.74,,,,,,,,,,
0.51,1.97,1.67,2.18,2.4,1.58,15.81,,,,,,,,,,
0.52,1.98,1.68,2.18,2.4,1.57,15.88,,,,,,,,,,
0.53,1.98,1.69,2.17,2.4,1.56,15.95,,,,,,,,,,
0.54,1.99,1.7,2.17,2.4,1.55,16.01,,,,,,,,,,
0.55,1.99,1.71,2.16,2.4,1.54,16.08,,,,,,,,,,
0.56,2.0,1.72,2.16,2.4,1.53,16.14,,,,,,,,,,
0.57,2.0,1.72,2.15,2.4,1.52,16.2,1.07,3.4,,,,,,,,
0.58,2.01,1.73,2.15,2.4,1.51,16.27,,,,,,,,,,
0.58,2.01,1.74,2.14,2.4,1.5,16.33,,,,,,,,,,
0.59,2.01,1.75,2.14,2.4,1.49,16.39,,,,,,,,,,
0.6,2.02,1.76,2.13,2.4,1.48,16.45,,,,,,,,,,
0.61,2.02,1.77,2.12,2.4,1.47,16.51,,,,,,,,,,
0.62,2.03,1.77,2.12,2.4,1.46,16.56,,,,,,,,,,
0.63,2.03,1.78,2.11,2.4,1.45,16.62,,,,,,,,,,
0.64,2.03,1.79,2.11,2.4,1.44,16.68,,,,,,,,,,
0.65,2.04,1.8,2.1,2.4,1.43,16.73,,,,,,,,,,
0.66,2.04,1.81,2.1,2.4,1.42,16.79,1.16,3.44,,,,,,,,
0.67,2.04,1.81,2.09,2.4,1.41,16.84,,,,,,,,,,
0.68,2.05,1.82,2.08,2.39,1.4,16.89,,,,,,,,,,
0.69,2.05,1.83,2.08,2.39,1.39,16.94,,,,,,,,,,
0.7,2.05,1.84,2.07,2.39,1.38,16.99,,,,,,,,,,
0.71,2.06,1.85,2.06,2.39,1.37,17.04,,,,,,,,,,
0.72,2.06,1.85,2.06,2.39,1.36,17.09,,,,,,,,,,
0.72,2.06,1.86,2.05,2.39,1.35,17.14,,,,,,,,,,
0.73,2.06,1.87,2.04,2.39,1.34,17.18,,,,,,,,,,
0.74,2.07,1.88,2.04,2.39,1.33,17.23,,,,,,,,,,
0.75,2.07,1.88,2.03,2.38,1.32,17.27,1.25,3.47,,,,,,,,
0.76,2.07,1.89,2.02,2.38,1.31,17.31,,,,,,,,,,
0.77,2.07,1.9,2.02,2.38,1.3,17.35,,,,,,,,,,
0.78,2.08,1.9,2.01,2.38,1.29,17.39,,,,,,,,,,
0.79,2.08,1.91,2.0,2.38,1.28,17.43,,,,,,,,,,
0.8,2.08,1.92,2.0,2.37,1.27,17.47,,,,,,,,,,
0.81,2.08,1.93,1.99,2.37,1.26,17.51,,,,,,,,,,
0.82,2.08,1.93,1.98,2.37,1.25,17.55,,,,,,,,,,
0.83,2.09,1.94,1.97,2.37,1.24,17.58,,,,,,,,,,
0.84,2.09,1.95,1.97,2.36,1.23,17.61,,,,,,,,,,
0.85,2.09,1.95,1.96,2.36,1.22,17.65,1.35,3.49,,,,,,,,
0.86,2.09,1.96,1.95,2.36,1.21,17.68,,,,,,,,,,
0.87,2.09,1.97,1.94,2.36,1.2,17.71,,,,,,,,,,
0.88,2.09,1.97,1.94,2.35,1.19,17.74,,,,,,,,,,
0.89,2.09,1.98,1.93,2.35,1.18,17.77,,,,,,,,,,
0.9,2.1,1.98,1.92,2.35,1.18,17.79,,,,,,,,,,
0.91,2.1,1.99,1.91,2.34,1.17,17.82,,,,,,,,,,
0.92,2.1,2.0,1.9,2.34,1.16,17.85,,,,,,,,,,
0.93,2.1,2.0,1.9,2.34,1.15,17.87,,,,,,,,,,
0.94,2.1,2.01,1.89,2.33,1.14,17.89,,,,,,,,,,
0.95,2.1,2.01,1.88,2.33,1.13,17.91,1.45,3.5,,,,,,,,
0.96,2.1,2.02,1.87,2.32,1.12,17.93,,,,,,,,,,
0.97,2.1,2.03,1.86,2.32,1.11,17.95,,,,,,,,,,
0.98,2.1,2.03,1.86,2.32,1.1,17.97,,,,,,,,,,
0.99,2.1,2.04,1.85,2.31,1.09,17.99,,,,,,,,,,
1.0,2.1,2.04,1.84,2.31,1.08,18.0,,,,,,,,,,
1.01,2.1,2.05,1.83,2.3,1.07,18.02,,,,,,,,,,
1.02,2.1,2.05,1.82,2.3,1.06,18.03,,,,,,,,,,
1.03,2.1,2.06,1.81,2.3,1.06,18.04,,,,,,,,,,
1.04,2.1,2.06,1.81,2.29,1.05,18.05,,,,,,,,,,
1.05,2.1,2.07,1.8,2.29,1.04,18.06,1.55,3.5,,,,,,,,
1.06,2.1,2.07,1.79,2.28,1.03,18.07,,,,,,,,,,
1.07,2.1,2.08,1.78,2.28,1.02,18.08,,,,,,,,,,
1.08,2.1,2.08,1.77,2.27,1.01,18.08,,,,,,,,,,
1.09,2.1,2.09,1.76,2.27,1.0,18.09,,,,,,,,,,
1.1,2.09,2.09,1.75,2.26,0.99,18.09,,,,,,,,,,
1.11,2.09,2.1,1.74,2.26,0.99,18.09,,,,,,,,,,
1.12,2.09,2.1,1.73,2.25,0.98,18.09,,,,,,,,,,
1.13,2.09,2.1,1.73,2.25,0.97,18.09,,,,,,,,,,
1.14,2.09,2.11,1.72,2.24,0.96,18.09,,,,,,,,,,
1.15,2.09,2.11,1.71,2.24,0.95,18.09,1.65,3.49,,,,,,,,
1.16,2.09,2.12,1.7,2.23,0.94,18.08,,,,,,,,,,
1.17,2.09,2.12,1.69,2.23,0.93,18.08,,,,,,,,,,
1.18,2.08,2.13,1.68,2.22,0.93,18.07,,,,,,,,,,
1.19,2.08,2.13,1.67,2.21,0.92,18.06,,,,,,,,,,
1.2,2.08,2.13,1.66,2.21,0.91,18.05,,,,,,,,,,
1.21,2.08,2.14,1.65,2.2,0.9,18.04,,,,,,,,,,
1.22,2.08,2.14,1.64,2.2,0.89,18.03,,,,,,,,,,
1.23,2.07,2.14,1.63,2.19,0.89,18.02,,,,,,,,,,
1.24,2.07,2.15,1.62,2.18,0.88,18.0,,,,,,,,,,
1.25,2.07,2.15,1.61,2.18,0.87,17.99,1.75,3.47,,,,,,,,
1.26,2.07,2.15,1.6,2.17,0.86,17.97,,,,,,,,,,
1.27,2.06,2.16,1.6,2.16,0.86,17.95,,,,,,,,,,
1.28,2.06,2.16,1.59,2.16,0.85,17.93,,,,,,,,,,
1.29,2.06,2.16,1.58,2.15,0.84,17.91,,,,,,,,,,
1.3,2.05,2.16,1.57,2.14,0.83,17.89,,,,,,,,,,
1.31,2.05,2.17,1.56,2.14,0.83,17.87,,,,,,,,,,
1.32,2.05,2.17,1.55,2.13,0.82,17.84,,,,,,,,,,
1.33,2.05,2.17,1.54,2.12,0.81,17.82,,,,,,,,,,
1.33,2.04,2.17,1.53,2.12,0.8,17.79,,,,,,,,,,
1.34,2.04,2.18,1.52,2.11,0.8,17.76,1.84,3.44,,,,,,,,
1.35,2.04,2.18,1.51,2.1,0.79,17.73,,,,,,,,,,
1.36,2.03,2.18,1.5,2.1,0.78,17.7,,,,,,,,,,
1.37,2.03,2.18,1.49,2.09,0.78,17.67,,,,,,,,,,
1.38,2.02,2.18,1.48,2.08,0.77,17.64,,,,,,,,,,
1.39,2.02,2.19,1.47,2.07,0.76,17.6,,,,,,,,,,
1.4,2.02,2.19,1.46,2.07,0.75,17.57,,,,,,,,,,
1.41,2.01,2.19,1.45,2.06,0.75,17.53,,,,,,,,,,
1.42,2.01,2.19,1.44,2.05,0.74,17.49,,,,,,,,,,
1.43,2.0,2.19,1.43,2.04,0.74,17.45,,,,,,,,,,
1.44,2.0,2.19,1.42,2.04,0.73,17.41,1.94,3.4,25.44,26.4,26.99,26.62,1.04,5.22,89.5,93.26
1.45,2.0,2.19,1.41,2.03,0.72,17.37,,,,,,,,,,
1.45,1.99,2.2,1.4,2.02,0.72,17.32,,,,,,,,,,
1.46,1.99,2.2,1.39,2.01,0.71,17.28,,,,,,,,,,
1.47,1.98,2.2,1.38,2.01,0.7,17.23,,,,,,,,,,
1.48,1.98,2.2,1.37,2.0,0.7,17.19,,,,,,,,,,
1.49,1.97,2.2,1.36,1.99,0.69,17.14,,,,,,,,,,
1.5,1.97,2.2,1.35,1.98,0.69,17.09,,,,,,,,,,
1.51,1.96,2.2,1.34,1.97,0.68,17.04,,,,,,,,,,
1.52,1.96,2.2,1.33,1.96,0.67,16.98,,,,,,,,,,
1.52,1.95,2.2,1.32,1.96,0.67,16.93,2.02,3.35,,,,,,,,
1.53,1.95,2.2,1.31,1.95,0.66,16.88,,,,,,,,,,
1.54,1.94,2.2,1.3,1.94,0.66,16.82,,,,,,,,,,
1.55,1.94,2.2,1.29,1.93,0.65,16.76,,,,,,,,,,
1.56,1.93,2.2,1.28,1.92,0.65,16.7,,,,,,,,,,
1.57,1.92,2.2,1.27,1.91,0.64,16.64,,,,,,,,,,
1.57,1.92,2.2,1.26,1.91,0.64,16.58,,,,,,,,,,
1.58,1.91,2.2,1.25,1.9,0.63,16.52,,,,,,,,,,
1.59,1.91,2.2,1.24,1.89,0.63,16.46,,,,,,,,,,
1.6,1.9,2.2,1.23,1.88,0.62,16.39,,,,,,,,,,
1.61,1.9,2.2,1.22,1.87,0.62,16.33,2.11,3.3,,,,,,,,
1.61,1.89,2.2,1.21,1.86,0.61,16.26,,,,,,,,,,
1.62,1.88,2.19,1.2,1.85,0.61,16.19,,,,,,,,,,
1.63,1.88,2.19,1.19,1.84,0.6,16.12,,,,,,,,,,
1.64,1.87,2.19,1.18,1.84,0.6,16.05,,,,,,,,,,
1.65,1.86,2.19,1.17,1.83,0.6,15.98,,,,,,,,,,
1.65,1.86,2.19,1.16,1.82,0.59,15.91,,,,,,,,,,
1.66,1.85,2.19,1.15,1.81,0.59,15.84,,,,,,,,,,
1.67,1.84,2.19,1.14,1.8,0.58,15.76,,,,,,,,,,
1.68,1.84,2.19,1.13,1.79,0.58,15.69,,,,,,,,,,
1.68,1.83,2.18,1.12,1.78,0.58,15.61,2.18,3.23,,,,,,,,
1.69,1.82,2.18,1.11,1.77,0.57,15.53,,,,,,,,,,
1.7,1.82,2.18,1.1,1.76,0.57,15.45,,,,,,,,,,
1.7,1.81,2.18,1.09,1.75,0.56,15.37,,,,,,,,,,
1.71,1.8,2.18,1.08,1.74,0.56,15.29,,,,,,,,,,
1.72,1.8,2.17,1.07,1.73,0.56,15.21,,,,,,,,,,
1.73,1.79,2.17,1.06,1.72,0.55,15.12,,,,,,,,,,
1.73,1.78,2.17,1.05,1.71,0.55,15.04,,,,,,,,,,
1.74,1.77,2.17,1.04,1.71,0.55,14.95,,,,,,,,,,
1.75,1.77,2.16,1.03,1.7,0.54,14.87,,,,,,,,,,
1.75,1.76,2.16,1.02,1.69,0.54,14.78,2.25,3.16,,,,,,,,
1.76,1.75,2.16,1.01,1.68,0.54,14.69,,,,,,,,,,
1.77,1.74,2.16,1.0,1.67,0.54,14.6,,,,,,,,,,
1.77,1.74,2.15,0.99,1.66,0.53,14.51,,,,,,,,,,
1.78,1.73,2.15,0.98,1.65,0.53,14.42,,,,,,,,,,
1.78,1.72,2.15,0.98,1.64,0.53,14.33,,,,,,,,,,
1.79,1.71,2.14,0.97,1.63,0.53,14.23,,,,,,,,,,
1.8,1.7,2.14,0.96,1.62,0.52,14.14,,,,,,,,,,
1.8,1.7,2.14,0.95,1.61,0.52,14.04,,,,,,,,,,
1.81,1.69,2.13,0.94,1.6,0.52,13.94,,,,,,,,,,
1.81,1.68,2.13,0.93,1.59,0.52,13.85,2.31,3.08,,,,,,,,
1.82,1.67,2.12,0.92,1.58,0.52,13.75,,,,,,,,,,
1.83,1.66,2.12,0.91,1.57,0.51,13.65,,,,,,,,,,
1.83,1.66,2.12,0.9,1.56,0.51,13.55,,,,,,,,,,
1.84,1.65,2.11,0.89,1.55,0.51,13.45,,,,,,,,,,
1.84,1.64,2.11,0.88,1.54,0.51,13.35,,,,,,,,,,
1.85,1.63,2.1,0.87,1.53,0.51,13.24,,,,,,,,,,
1.85,1.62,2.1,0.86,1.52,0.51,13.14,,,,,,,,,,
1.86,1.61,2.1,0.86,1.51,0.51,13.03,,,,,,,,,,
1.86,1.61,2.09,0.85,1.5,0.51,12.93,,,,,,,,,,
1.87,1.6,2.09,0.84,1.49,0.5,12.82,2.37,3.0,,,,,,,,
1.87,1.59,2.08,0.83,1.48,0.5,12.71,,,,,,,,,,
1.88,1.58,2.08,0.82,1.47,0.5,12.61,,,,,,,,,,
1.88,1.57,2.07,0.81,1.46,0.5,12.5,,,,,,,,,,
1.89,1.56,2.07,0.8,1.45,0.5,12.39,,,,,,,,,,
1.89,1.55,2.06,0.79,1.44,0.5,12.28,,,,,,,,,,
1.9,1.54,2.06,0.79,1.43,0.5,12.17,,,,,,,,,,
1.9,1.53,2.05,0.78,1.42,0.5,12.06,,,,,,,,,,
1.9,1.53,2.05,0.77,1.41,0.5,11.94,,,,,,,,,,
1.91,1.52,2.04,0.76,1.4,0.5,11.83,,,,,,,,,,
1.91,1.51,2.04,0.75,1.39,0.5,11.72,2.41,2.91,,,,,,,,
1.92,1.5,2.03,0.74,1.38,0.5,11.6,,,,,,,,,,
1.92,1.49,2.03,0.73,1.37,0.5,11.49,,,,,,,,,,
1.93,1.48,2.02,0.73,1.36,0.5,11.37,,,,,,,,,,
1.93,1.47,2.01,0.72,1.35,0.5,11.25,,,,,,,,,,
1.93,1.46,2.01,0.71,1.34,0.5,11.14,,,,,,,,,,
1.94,1.45,2.0,0.7,1.33,0.5,11.02,,,,,,,,,,
1.94,1.44,2.0,0.69,1.32,0.5,10.9,,,,,,,,,,
1.94,1.43,1.99,0.69,1.31,0.5,10.78,,,,,,,,,,
1.95,1.42,1.98,0.68,1.3,0.5,10.66,,,,,,,,,,
1.95,1.41,1.98,0.67,1.29,0.51,10.54,2.45,2.81,,,,,,,,
1.95,1.4,1.97,0.66,1.28,0.51,10.42,,,,,,,,,,
1.96,1.4,1.96,0.66,1.27,0.51,10.3,,,,,,,,,,
1.96,1.39,1.96,0.65,1.26,0.51,10.18,,,,,,,,,,
1.96,1.38,1.95,0.64,1.25,0.51,10.06,,,,,,,,,,
1.96,1.37,1.94,0.63,1.24,0.51,9.93,,,,,,,,,,
1.97,1.36,1.94,0.63,1.23,0.51,9.81,,,,,,,,,,
1.97,1.35,1.93,0.62,1.22,0.52,9.69,,,,,,,,,,
1.97,1.34,1.92,0.61,1.21,0.52,9.56,,,,,,,,,,
1.97,1.33,1.92,0.6,1.2,0.52,9.44,,,,,,,,,,
1.98,1.32,1.91,0.6,1.19,0.52,9.31,2.48,2.72,,,,,,,,
1.98,1.31,1.9,0.59,1.18,0.52,9.19,,,,,,,,,,
1.98,1.3,1.9,0.58,1.17,0.53,9.06,,,,,,,,,,
1.98,1.29,1.89,0.58,1.16,0.53,8.94,,,,,,,,,,
1.98,1.28,1.88,0.57,1.15,0.53,8.81,,,,,,,,,,
1.99,1.27,1.87,0.56,1.14,0.53,8.68,,,,,,,,,,
1.99,1.26,1.87,0.55,1.13,0.54,8.56,,,,,,,,,,
1.99,1.25,1.86,0.55,1.12,0.54,8.43,,,,,,,,,,
1.99,1.24,1.85,0.54,1.11,0.54,8.3,,,,,,,,,,
1.99,1.23,1.84,0.54,1.1,0.54,8.17,,,,,,,,,,
1.99,1.22,1.84,0.53,1.1,0.55,8.04,2.49,2.62,25.99,25.62,26.64,25.73,1.1,5.5,85.6,93.71
1.99,1.21,1.83,0.52,1.09,0.55,7.92,,,,,,,,,,
2.0,1.2,1.82,0.52,1.08,0.55,7.79,,,,,,,,,,
2.0,1.19,1.81,0.51,1.07,0.56,7.66,,,,,,,,,,
2.0,1.18,1.81,0.5,1.06,0.56,7.53,,,,,,,,,,
2.0,1.17,1.8,0.5,1.05,0.56,7.4,,,,,,,,,,
2.0,1.16,1.79,0.49,1.04,0.57,7.27,,,,,,,,,,
2.0,1.15,1.78,0.49,1.03,0.57,7.14,,,,,,,,,,
2.0,1.14,1.77,0.48,1.02,0.57,7.01,,,,,,,,,,
2.0,1.13,1.76,0.47,1.01,0.58,6.88,,,,,,,,,,
2.0,1.12,1.76,0.47,1.0,0.58,6.75,2.5,2.52,,,,,,,,
2.0,1.11,1.75,0.46,0.99,0.59,6.62,,,,,,,,,,
2.0,1.1,1.74,0.46,0.98,0.59,6.49,,,,,,,,,,
2.0,1.09,1.73,0.45,0.97,0.6,6.36,,,,,,,,,,
2.0,1.08,1.72,0.45,0.97,0.6,6.23,,,,,,,,,,
2.0,1.07,1.71,0.44,0.96,0.6,6.1,,,,,,,,,,
2.0,1.06,1.71,0.44,0.95,0.61,5.97,,,,,,,,,,
2.0,1.05,1.7,0.43,0.94,0.61,5.84,,,,,,,,,,
2.0,1.04,1.69,0.43,0.93,0.62,5.71,,,,,,,,,,
2.0,1.03,1.68,0.42,0.92,0.62,5.58,,,,,,,,,,
2.0,1.02,1.67,0.42,0.91,0.63,5.45,2.5,2.42,,,,,,,,
2.0,1.01,1.66,0.41,0.9,0.63,5.32,,,,,,,,,,
1.99,1.0,1.65,0.41,0.89,0.64,5.19,,,,,,,,,,
1.99,0.99,1.64,0.4,0.89,0.64,5.06,,,,,,,,,,
1.99,0.98,1.64,0.4,0.88,0.65,4.93,,,,,,,,,,
1.99,0.97,1.63,0.4,0.87,0.65,4.8,,,,,,,,,,
1.99,0.96,1.62,0.39,0.86,0.66,4.68,,,,,,,,,,
1.99,0.95,1.61,0.39,0.85,0.66,4.55,,,,,,,,,,
1.99,0.94,1.6,0.38,0.84,0.67,4.42,,,,,,,,,,
1.99,0.93,1.59,0.38,0.84,0.67,4.29,,,,,,,,,,
1.98,0.92,1.58,0.38,0.83,0.68,4.16,2.48,2.32,,,,,,,,
1.98,0.91,1.57,0.37,0.82,0.69,4.03,,,,,,,,,,
1.98,0.9,1.56,0.37,0.81,0.69,3.9,,,,,,,,,,
1.98,0.89,1.55,0.36,0.8,0.7,3.78,,,,,,,,,,
1.98,0.88,1.54,0.36,0.8,0.7,3.65,,,,,,,,,,
1.97,0.87,1.53,0.36,0.79,0.71,3.52,,,,,,,,,,
1.97,0.86,1.52,0.35,0.78,0.72,3.4,,,,,,,,,,
1.97,0.85,1.51,0.35,0.77,0.72,3.27,,,,,,,,,,
1.97,0.84,1.51,0.35,0.76,0.73,3.14,,,,,,,,,,
1.96,0.83,1.5,0.34,0.76,0.73,3.02,,,,,,,,,,
1.96,0.82,1.49,0.34,0.75,0.74,2.89,2.46,2.22,,,,,,,,
1.96,0.81,1.48,0.34,0.74,0.75,2.77,,,,,,,,,,
1.96,0.8,1.47,0.34,0.73,0.75,2.64,,,,,,,,,,
1.95,0.79,1.46,0.33,0.73,0.76,2.52,,,,,,,,,,
1.95,0.78,1.45,0.33,0.72,0.77,2.39,,,,,,,,,,
1.95,0.78,1.44,0.33,0.71,0.77,2.27,,,,,,,,,,
1.94,0.77,1.43,0.33,0.7,0.78,2.15,,,,,,,,,,
1.94,0.76,1.42,0.32,0.7,0.79,2.03,,,,,,,,,,
1.94,0.75,1.41,0.32,0.69,0.8,1.9,,,,,,,,,,
1.93,0.74,1.4,0.32,0.68,0.8,1.78,,,,,,,,,,
1.93,0.73,1.39,0.32,0.68,0.81,1.66,2.43,2.13,,,,,,,,
1.92,0.72,1.38,0.32,0.67,0.82,1.54,,,,,,,,,,
1.92,0.71,1.37,0.31,0.66,0.82,1.42,,,,,,,,,,
1.92,0.7,1.36,0.31,0.66,0.83,1.3,,,,,,,,,,
1.91,0.69,1.35,0.31,0.65,0.84,1.18,,,,,,,,,,
1.91,0.68,1.34,0.31,0.64,0.85,1.07,,,,,,,,,,
1.9,0.67,1.33,0.31,0.64,0.85,0.95,,,,,,,,,,
1.9,0.66,1.32,0.31,0.63,0.86,0.83,,,,,,,,,,
1.9,0.66,1.31,0.31,0.62,0.87,0.72,,,,,,,,,,
1.89,0.65,1.3,0.31,0.62,0.88,0.6,,,,,,,,,,
1.89,0.64,1.29,0.3,0.61,0.89,0.49,2.39,2.04,,,,,,,,
1.88,0.63,1.28,0.3,0.6,0.89,0.37,,,,,,,,,,
1.88,0.62,1.27,0.3,0.6,0.9,0.26,,,,,,,,,,
1.87,0.61,1.26,0.3,0.59,0.91,0.15,,,,,,,,,,
1.87,0.6,1.25,0.3,0.59,0.92,0.03,,,,,,,,,,
1.86,0.59,1.24,0.3,0.58,0.93,-0.08,,,,,,,,,,
1.86,0.59,1.23,0.3,0.58,0.93,-0.19,,,,,,,,,,
1.85,0.58,1.22,0.3,0.57,0.94,-0.3,,,,,,,,,,
1.85,0.57,1.21,0.3,0.56,0.95,-0.41,,,,,,,,,,
1.84,0.56,1.2,0.3,0.56,0.96,-0.51,,,,,,,,,,
1.84,0.55,1.19,0.3,0.55,0.97,-0.62,2.34,1.95,,,,,,,,
1.83,0.54,1.18,0.3,0.55,0.98,-0.73,,,,,,,,,,
1.83,0.53,1.17,0.3,0.54,0.98,-0.83,,,,,,,,,,
1.82,0.53,1.16,0.3,0.54,0.99,-0.94,,,,,,,,,,
1.81,0.52,1.15,0.3,0.53,1.0,-1.04,,,,,,,,,,
1.81,0.51,1.14,0.3,0.53,1.01,-1.15,,,,,,,,,,
1.8,0.5,1.13,0.3,0.52,1.02,-1.25,,,,,,,,,,
1.8,0.49,1.12,0.3,0.52,1.03,-1.35,,,,,,,,,,
1.79,0.49,1.11,0.3,0.51,1.04,-1.45,,,,,,,,,,
1.78,0.48,1.1,0.3,0.51,1.05,-1.55,,,,,,,,,,
1.78,0.47,1.09,0.31,0.5,1.06,-1.65,2.28,1.87,,,,,,,,
1.77,0.46,1.08,0.31,0.5,1.06,-1.75,,,,,,,,,,
1.76,0.46,1.07,0.31,0.5,1.07,-1.85,,,,,,,,,,
1.76,0.45,1.06,0.31,0.49,1.08,-1.94,,,,,,,,,,
1.75,0.44,1.05,0.31,0.49,1.09,-2.04,,,,,,,,,,
1.74,0.43,1.04,0.31,0.48,1.1,-2.13,,,,,,,,,,
1.74,0.43,1.03,0.31,0.48,1.11,-2.23,,,,,,,,,,
1.73,0.42,1.02,0.32,0.48,1.12,-2.32,,,,,,,,,,
1.72,0.41,1.01,0.32,0.47,1.13,-2.41,,,,,,,,,,
1.72,0.4,1.0,0.32,0.47,1.14,-2.5,,,,,,,,,,
1.71,0.4,0.99,0.32,0.46,1.15,-2.59,2.21,1.8,,,,,,,,
1.7,0.39,0.98,0.32,0.46,1.16,-2.68,,,,,,,,,,
1.7,0.38,0.97,0.33,0.46,1.17,-2.76,,,,,,,,,,
1.69,0.38,0.96,0.33,0.45,1.17,-2.85,,,,,,,,,,
1.68,0.37,0.95,0.33,0.45,1.18,-2.94,,,,,,,,,,
1.67,0.36,0.94,0.33,0.45,1.19,-3.02,,,,,,,,,,
1.67,0.35,0.93,0.34,0.44,1.2,-3.1,,,,,,,,,,
1.66,0.35,0.92,0.34,0.44,1.21,-3.19,,,,,,,,,,
1.65,0.34,0.91,0.34,0.44,1.22,-3.27,,,,,,,,,,
1.64,0.34,0.9,0.34,0.44,1.23,-3.35,,,,,,,,,,
1.64,0.33,0.9,0.35,0.43,1.24,-3.43,2.14,1.73,25.64,24.73,25.7,25.55,1.06,5.32,81.14,90.76
1.63,0.32,0.89,0.35,0.43,1.25,-3.5,,,,,,,,,,
1.62,0.32,0.88,0.35,0.43,1.26,-3.58,,,,,,,,,,
1.61,0.31,0.87,0.36,0.43,1.27,-3.66,,,,,,,,,,
1.61,0.3,0.86,0.36,0.42,1.28,-3.73,,,,,,,,,,
1.6,0.3,0.85,0.36,0.42,1.29,-3.8,,,,,,,,,,
1.59,0.29,0.84,0.37,0.42,1.3,-3.88,,,,,,,,,,
1.58,0.29,0.83,0.37,0.42,1.31,-3.95,,,,,,,,,,
1.57,0.28,0.82,0.37,0.42,1.32,-4.02,,,,,,,,,,
1.56,0.27,0.81,0.38,0.41,1.33,-4.09,,,,,,,,,,
1.56,0.27,0.8,0.38,0.41,1.34,-4.15,2.06,1.67,,,,,,,,
1.55,0.26,0.79,0.39,0.41,1.35,-4.22,,,,,,,,,,
1.54,0.26,0.78,0.39,0.41,1.36,-4.29,,,,,,,,,,
1.53,0.25,0.77,0.4,0.41,1.37,-4.35,,,,,,,,,,
1.52,0.25,0.77,0.4,0.41,1.38,-4.41,,,,,,,,,,
1.51,0.24,0.76,0.4,0.41,1.39,-4.47,,,,,,,,,,
1.51,0.24,0.75,0.41,0.41,1.4,-4.54,,,,,,,,,,
1.5,0.23,0.74,0.41,0.4,1.41,-4.6,,,,,,,,,,
1.49,0.23,0.73,0.42,0.4,1.42,-4.65,,,,,,,,,,
1.48,0.22,0.72,0.42,0.4,1.43,-4.71,,,,,,,,,,
1.47,0.22,0.71,0.43,0.4,1.44,-4.77,1.97,1.62,,,,,,,,
1.46,0.21,0.7,0.43,0.4,1.45,-4.82,,,,,,,,,,
1.45,0.21,0.69,0.44,0.4,1.46,-4.87,,,,,,,,,,
1.44,0.2,0.69,0.44,0.4,1.47,-4.93,,,,,,,,,,
1.44,0.2,0.68,0.45,0.4,1.48,-4.98,,,,,,,,,,
1.43,0.2,0.67,0.45,0.4,1.49,-5.03,,,,,,,,,,
1.42,0.19,0.66,0.46,0.4,1.5,-5.08,,,,,,,,,,
1.41,0.19,0.65,0.46,0.4,1.51,-5.12,,,,,,,,,,
1.4,0.18,0.64,0.47,0.4,1.52,-5.17,,,,,,,,,,
1.39,0.18,0.64,0.47,0.4,1.53,-5.22,,,,,,,,,,
1.38,0.18,0.63,0.48,0.4,1.54,-5.26,1.88,1.58,,,,,,,,
1.37,0.17,0.62,0.49,0.4,1.55,-5.3,,,,,,,,,,
1.36,0.17,0.61,0.49,0.4,1.56,-5.34,,,,,,,,,,
1.35,0.16,0.6,0.5,0.4,1.57,-5.38,,,,,,,,,,
1.34,0.16,0.6,0.5,0.4,1.58,-5.42,,,,,,,,,,
1.33,0.16,0.59,0.51,0.4,1.59,-5.46,,,,,,,,,,
1.32,0.15,0.58,0.52,0.4,1.6,-5.5,,,,,,,,,,
1.31,0.15,0.57,0.52,0.41,1.61,-5.53,,,,,,,,,,
1.31,0.15,0.56,0.53,0.41,1.62,-5.57,,,,,,,,,,
1.3,0.14,0.56,0.53,0.41,1.63,-5.6,,,,,,,,,,
1.29,0.14,0.55,0.54,0.41,1.64,-5.63,1.79,1.54,,,,,,,,
1.28,0.14,0.54,0.55,0.41,1.65,-5.66,,,,,,,,,,
1.27,0.14,0.53,0.55,0.41,1.66,-5.69,,,,,,,,,,
1.26,0.13,0.53,0.56,0.41,1.67,-5.72,,,,,,,,,,
1.25,0.13,0.52,0.57,0.42,1.68,-5.74,,,,,,,,,,
1.24,0.13,0.51,0.57,0.42,1.69,-5.77,,,,,,,,,,
1.23,0.13,0.5,0.58,0.42,1.7,-5.79,,,,,,,,,,
1.22,0.12,0.5,0.59,0.42,1.71,-5.81,,,,,,,,,,
1.21,0.12,0.49,0.6,0.42,1.72,-5.84,,,,,,,,,,
1.2,0.12,0.48,0.6,0.43,1.73,-5.86,,,,,,,,,,
1.19,0.12,0.48,0.61,0.43,1.74,-5.87,1.69,1.52,,,,,,,,
1.18,0.12,0.47,0.62,0.43,1.75,-5.89,,,,,,,,,,
1.17,0.11,0.46,0.62,0.43,1.76,-5.91,,,,,,,,,,
1.16,0.11,0.46,0.63,0.44,1.77,-5.92,,,,,,,,,,
1.15,0.11,0.45,0.64,0.44,1.78,-5.94,,,,,,,,,,
1.14,0.11,0.44,0.65,0.44,1.78,-5.95,,,,,,,,,,
1.13,0.11,0.44,0.65,0.44,1.79,-5.96,,,,,,,,,,
1.12,0.11,0.43,0.66,0.45,1.8,-5.97,,,,,,,,,,
1.11,0.11,0.42,0.67,0.45,1.81,-5.98,,,,,,,,,,
1.1,0.11,0.42,0.68,0.45,1.82,-5.99,,,,,,,,,,
1.09,0.1,0.41,0.69,0.46,1.83,-6.0,1.59,1.5,,,,,,,,
1.08,0.1,0.4,0.69,0.46,1.84,-6.0,,,,,,,,,,
1.07,0.1,0.4,0.7,0.46,1.85,-6.01,,,,,,,,,,
1.06,0.1,0.39,0.71,0.47,1.86,-6.01,,,,,,,,,,
1.05,0.1,0.39,0.72,0.47,1.87,-6.01,,,,,,,,,,
1.04,0.1,0.38,0.73,0.47,1.88,-6.01,,,,,,,,,,
1.03,0.1,0.38,0.73,0.48,1.89,-6.01,,,,,,,,,,
1.02,0.1,0.37,0.74,0.48,1.9,-6.01,,,,,,,,,,
1.01,0.1,0.36,0.75,0.49,1.91,-6.0,,,,,,,,,,
1.0,0.1,0.36,0.76,0.49,1.92,-6.0,,,,,,,,,,
0.99,0.1,0.35,0.77,0.49,1.92,-5.99,1.49,1.5,,,,,,,,
0.98,0.1,0.35,0.78,0.5,1.93,-5.99,,,,,,,,,,
0.97,0.1,0.34,0.78,0.5,1.94,-5.98,,,,,,,,,,
0.96,0.1,0.34,0.79,0.51,1.95,-5.97,,,,,,,,,,
0.95,0.1,0.33,0.8,0.51,1.96,-5.96,,,,,,,,,,
0.94,0.1,0.33,0.81,0.52,1.97,-5.95,,,,,,,,,,
0.93,0.1,0.32,0.82,0.52,1.98,-5.94,,,,,,,,,,
0.92,0.1,0.32,0.83,0.53,1.99,-5.92,,,,,,,,,,
0.91,0.1,0.31,0.84,0.53,2.0,-5.91,,,,,,,,,,
0.9,0.1,0.31,0.85,0.54,2.0,-5.89,,,,,,,,,,
0.89,0.11,0.3,0.86,0.54,2.01,-5.87,1.39,1.51,,,,,,,,
0.88,0.11,0.3,0.86,0.55,2.02,-5.86,,,,,,,,,,
0.87,0.11,0.3,0.87,0.55,2.03,-5.84,,,,,,,,,,
0.86,0.11,0.29,0.88,0.56,2.04,-5.81,,,,,,,,,,
0.85,0.11,0.29,0.89,0.56,2.05,-5.79,,,,,,,,,,
0.84,0.11,0.28,0.9,0.57,2.06,-5.77,,,,,,,,,,
0.83,0.11,0.28,0.91,0.57,2.06,-5.75,,,,,,,,,,
0.82,0.12,0.28,0.92,0.58,2.07,-5.72,,,,,,,,,,
0.81,0.12,0.27,0.93,0.59,2.08,-5.69,,,,,,,,,,
0.8,0.12,0.27,0.94,0.59,2.09,-5.67,,,,,,,,,,
0.79,0.12,0.26,0.95,0.6,2.1,-5.64,1.29,1.52,,,,,,,,
0.78,0.12,0.26,0.96,0.6,2.1,-5.61,,,,,,,,,,
0.77,0.13,0.26,0.97,0.61,2.11,-5.58,,,,,,,,,,
0.76,0.13,0.25,0.97,0.62,2.12,-5.54,,,,,,,,,,
0.75,0.13,0.25,0.98,0.62,2.13,-5.51,,,,,,,,,,
0.74,0.13,0.25,0.99,0.63,2.14,-5.48,,,,,,,,,,
0.73,0.14,0.24,1.0,0.63,2.14,-5.44,,,,,,,,,,
0.72,0.14,0.24,1.01,0.64,2.15,-5.41,,,,,,,,,,
0.71,0.14,0.24,1.02,0.65,2.16,-5.37,,,,,,,,,,
0.7,0.14,0.24,1.03,0.65,2.17,-5.33,,,,,,,,,,
